{
"type": "FeatureCollection",
"name": "25_most_polluted",
"crs": { "type": "name", "properties": { "name": "urn:ogc:def:crs:EPSG::25830" } },
"features": [
{ "type": "Feature", "properties": { }, "geometry": { "type": "MultiPolygon", "coordinates": [ [ [ [ 450704.313930337375496, 4480159.216410363093019 ], [ 450675.805471070576459, 4480364.855184003710747 ], [ 450659.049171182268765, 4480460.928782620467246 ], [ 450653.419352021533996, 4480493.229092516005039 ], [ 450653.418672743835486, 4480493.233036414720118 ], [ 450652.448790742666461, 4480498.932343019172549 ], [ 450639.719509755552281, 4480573.102149561978877 ], [ 450639.713026241515763, 4480573.145643092691898 ], [ 450639.708461123576853, 4480573.189379609189928 ], [ 450635.948787630419247, 4480618.929357126355171 ], [ 450634.508914337435272, 4480636.309034769423306 ], [ 450634.508770072250627, 4480636.3107949802652 ], [ 450634.44952866982203, 4480637.041537684388459 ], [ 450634.430462809919845, 4480637.232196278870106 ], [ 450634.370546403457411, 4480637.832360483705997 ], [ 450634.366283685842063, 4480637.894728337414563 ], [ 450634.365926216356456, 4480637.957240672782063 ], [ 450634.765912238275632, 4480653.612879511900246 ], [ 450635.025938080332708, 4480669.258417513221502 ], [ 450635.026237851649057, 4480669.271389045752585 ], [ 450635.92643785168184, 4480699.681489045731723 ], [ 450635.928843326750211, 4480699.727256280370057 ], [ 450635.933343255775981, 4480699.772865235805511 ], [ 450635.939928186940961, 4480699.81822011154145 ], [ 450640.211328186909668, 4480725.142320111393929 ], [ 450643.40022850286914, 4480744.048321981914341 ], [ 450645.81042200664524, 4480758.288875388912857 ], [ 450645.820764274685644, 4480758.341396741569042 ], [ 450647.900864274590276, 4480767.591396741569042 ], [ 450657.410980908491183, 4480809.871026126667857 ], [ 450659.500985722523183, 4480819.200601224787533 ], [ 450659.519157566828653, 4480819.269960015080869 ], [ 450664.309221962001175, 4480835.199841605499387 ], [ 450675.806113107129931, 4480873.468394895084202 ], [ 450720.190304127929267, 4481034.842791100032628 ], [ 450720.204953816486523, 4481034.891227238811553 ], [ 450720.22203498223098, 4481034.938860280439258 ], [ 450720.241503885830753, 4481034.985568252392113 ], [ 450720.263310673821252, 4481035.031231551431119 ], [ 450720.28739950619638, 4481035.075733248144388 ], [ 450720.313708699250128, 4481035.118959388695657 ], [ 450720.342170883785002, 4481035.160799285396934 ], [ 450720.372713177464902, 4481035.201145798899233 ], [ 450720.405257371428888, 4481035.239895615726709 ], [ 450720.439720130641945, 4481035.276949509978294 ], [ 450720.476013207342476, 4481035.312212599441409 ], [ 450720.514043666771613, 4481035.345594585873187 ], [ 450720.553714125358965, 4481035.377009989693761 ], [ 450764.479115555761382, 4481068.388557311147451 ], [ 450791.039132198668085, 4481107.414839404635131 ], [ 450792.247745849424973, 4481150.849862273782492 ], [ 450757.426330890215468, 4481161.230226431041956 ], [ 450716.631664800981525, 4481169.819302124902606 ], [ 450678.692489303473849, 4481174.830739367753267 ], [ 450594.849960594729055, 4481181.281563769094646 ], [ 450494.856969071610365, 4481183.791949711740017 ], [ 450313.094437895575538, 4481184.511904680170119 ], [ 449854.896455192530993, 4481185.594901804812253 ], [ 449379.488375628949143, 4481186.319601161405444 ], [ 449379.484297576069366, 4481186.319615692831576 ], [ 448994.424897575459909, 4481188.476915694773197 ], [ 448994.372844595112838, 4481188.478563457727432 ], [ 448994.32094798941398, 4481188.482918936759233 ], [ 448994.269348513684236, 4481188.489970318041742 ], [ 448994.21818611753406, 4481188.499698478728533 ], [ 448994.167599565000273, 4481188.5120770316571 ], [ 448994.117726058408152, 4481188.527072405442595 ], [ 448994.068700865958817, 4481188.544643927365541 ], [ 448994.020656955253799, 4481188.564743940718472 ], [ 448993.973724632232916, 4481188.587317928671837 ], [ 448993.928031188144814, 4481188.612304666079581 ], [ 448993.883700553909875, 4481188.639636383391917 ], [ 448993.840852964436635, 4481188.669238950125873 ], [ 448993.799604632076807, 4481188.701032076962292 ], [ 448993.760067431721836, 4481188.734929535537958 ], [ 448993.722348597308155, 4481188.770839386619627 ], [ 448993.686550430837087, 4481188.808664235286415 ], [ 448993.652770025131758, 4481188.848301491700113 ], [ 448993.621099000331014, 4481188.889643649570644 ], [ 448993.591623255517334, 4481188.932578581385314 ], [ 448993.564422735595144, 4481188.97698983643204 ], [ 448993.539571214583702, 4481189.022756962105632 ], [ 448993.517136095440947, 4481189.069755827076733 ], [ 448993.49717822734965, 4481189.117858960293233 ], [ 448993.479751740582287, 4481189.166935893706977 ], [ 448993.464903899817728, 4481189.216853520832956 ], [ 448993.452674975676928, 4481189.267476453445852 ], [ 448993.443098135816399, 4481189.31866739038378 ], [ 448993.436199354822747, 4481189.370287490077317 ], [ 448993.431997343781404, 4481189.422196747735143 ], [ 448993.430503499461338, 4481189.474254372529685 ], [ 448993.072903499705717, 4481324.640154370106757 ], [ 448993.073169314011466, 4481324.666006796993315 ], [ 448997.01806931354804, 4481494.609206796623766 ], [ 448997.018161264073569, 4481494.612877471372485 ], [ 449002.338969303877093, 4481692.506699512712657 ], [ 449002.172111815481912, 4481765.5717843035236 ], [ 449001.670553537027445, 4481814.040552482008934 ], [ 449001.670534426579252, 4481814.04260228946805 ], [ 449001.00913442694582, 4481893.748602289706469 ], [ 449001.009100000374019, 4481893.756899999454618 ], [ 449001.009100000374019, 4481947.983949539251626 ], [ 448999.025389693735633, 4482027.000877038575709 ], [ 448995.663809853023849, 4482088.104768894612789 ], [ 448995.662493784446269, 4482088.140014186501503 ], [ 448993.440093784069177, 4482201.011614185757935 ], [ 448993.440019311383367, 4482201.015853019431233 ], [ 448992.80481931194663, 4482242.132253019139171 ], [ 448992.804700000211596, 4482242.147699999623001 ], [ 448992.804700000269804, 4482269.607371712103486 ], [ 448992.646134084498044, 4482288.811843561939895 ], [ 448992.647091402905062, 4482288.864617678336799 ], [ 448993.092536562529858, 4482298.860725931823254 ], [ 448992.805019824882038, 4482310.226210732012987 ], [ 448992.804718830506317, 4482310.257636797614396 ], [ 448992.96351882989984, 4482336.133836796507239 ], [ 448992.963680322514847, 4482336.146689819172025 ], [ 448993.440080322616268, 4482361.229289822280407 ], [ 448993.440280280425213, 4482361.237875658087432 ], [ 448994.075228181143757, 4482384.254787029698491 ], [ 448994.868783217447344, 4482417.590498209930956 ], [ 448994.868932273937389, 4482417.596100018359721 ], [ 448996.29771768808132, 4482466.173204123973846 ], [ 448997.633903597074095, 4482513.189308279193938 ], [ 448997.634071646083612, 4482513.194707756862044 ], [ 449001.867285806685686, 4482638.337413972243667 ], [ 449003.099829455895815, 4482692.338501270860434 ], [ 449003.146503318450414, 4482710.418876302428544 ], [ 449003.189703308860771, 4482727.211872491985559 ], [ 449003.189812214986887, 4482727.224280567839742 ], [ 449003.719012214802206, 4482762.546080566942692 ], [ 449003.719055665074848, 4482762.548743875697255 ], [ 449004.909346120373812, 4482830.000202562659979 ], [ 449003.719052067492157, 4482898.245261184871197 ], [ 449003.718925084976945, 4482898.255616932176054 ], [ 449003.163410648296122, 4482976.682137310504913 ], [ 449001.576187985250726, 4483027.470063280314207 ], [ 449001.576127152598929, 4483027.472074617631733 ], [ 448999.988760489446577, 4483081.763534438796341 ], [ 448998.242396426212508, 4483137.166194344870746 ], [ 448998.242241572239436, 4483137.171565193682909 ], [ 448996.972241572628263, 4483185.74916519317776 ], [ 448996.972144951752853, 4483185.753167603164911 ], [ 448996.019744951918256, 4483228.774567604064941 ], [ 448996.019618387392256, 4483228.781312996521592 ], [ 448995.159418387396727, 4483284.679012994281948 ], [ 448995.159305884677451, 4483284.690969477407634 ], [ 448994.908305884513538, 4483357.857269479893148 ], [ 448994.908347253280226, 4483357.870421309024096 ], [ 448996.019547253439669, 4483472.170621308498085 ], [ 448996.019729250692762, 4483472.182311400771141 ], [ 448998.571129249990918, 4483591.315811399370432 ], [ 448998.57360413618153, 4483591.367891227826476 ], [ 448998.578790104889777, 4483591.419771274551749 ], [ 448998.586673058453016, 4483591.471310507506132 ], [ 448998.59723156754626, 4483591.52236882224679 ], [ 448998.61043692950625, 4483591.572807418182492 ], [ 448998.626253246562555, 4483591.622489181347191 ], [ 448998.644637522986159, 4483591.671279056929052 ], [ 448998.665539782436099, 4483591.719044411554933 ], [ 448998.688903203466907, 4483591.765655398368835 ], [ 448998.714664274186362, 4483591.810985309071839 ], [ 448998.742752964782994, 4483591.854910916648805 ], [ 448998.773092918097973, 4483591.897312812507153 ], [ 448998.805601656960789, 4483591.938075729645789 ], [ 448998.840190808463376, 4483591.977088857442141 ], [ 448998.876766344415955, 4483592.014246141538024 ], [ 448998.915228836529423, 4483592.049446570686996 ], [ 448998.955473727139179, 4483592.08259445708245 ], [ 448998.997391613142099, 4483592.113599687814713 ], [ 448999.040868543612305, 4483592.142377980053425 ], [ 448999.085786329407711, 4483592.168851098977029 ], [ 448999.132022864418104, 4483592.192947082221508 ], [ 448999.179452457814477, 4483592.214600424282253 ], [ 448999.227946175262332, 4483592.233752261847258 ], [ 448999.277372189972084, 4483592.250350533984601 ], [ 448999.327596140501555, 4483592.264350117184222 ], [ 448999.37848149635829, 4483592.275712955743074 ], [ 448999.429889929189812, 4483592.284408160485327 ], [ 448999.481681688514072, 4483592.290412093512714 ], [ 448999.533715981873684, 4483592.293708434328437 ], [ 448999.585851357493084, 4483592.294288221746683 ], [ 448999.637946088856552, 4483592.292149878107011 ], [ 448999.689858559926506, 4483592.287299218587577 ], [ 448999.74144765001256, 4483592.279749428853393 ], [ 448999.792573117651045, 4483592.269521031528711 ], [ 448999.843095981632359, 4483592.256641833111644 ], [ 448999.892878898885101, 4483592.241146843880415 ], [ 449001.180808914999943, 4483591.803135044872761 ], [ 449006.7864208802348, 4483590.524563794955611 ], [ 449010.375175213674083, 4483590.0395 ], [ 449013.425157881225459, 4483590.0395 ], [ 449015.672920368262567, 4483590.414033424109221 ], [ 449017.770159778185189, 4483591.081336872652173 ], [ 449019.175195244140923, 4483591.643351058475673 ], [ 449020.655099313473329, 4483592.475797098129988 ], [ 449023.154945739428513, 4483594.398585786111653 ], [ 449025.558667481935117, 4483596.70615866035223 ], [ 449034.911200805217959, 4483609.04331230185926 ], [ 449034.938916101993527, 4483609.078227488324046 ], [ 449034.968159927229863, 4483609.111872795037925 ], [ 449038.968159927171655, 4483613.511872792616487 ], [ 449039.001544139464386, 4483613.54685727134347 ], [ 449039.036580575513653, 4483613.580186950042844 ], [ 449042.236580574768595, 4483616.480186950415373 ], [ 449042.271666219923645, 4483616.510531343519688 ], [ 449042.30812133330619, 4483616.539215998724103 ], [ 449044.708121333736926, 4483618.339116000570357 ], [ 449044.74509627133375, 4483618.365554356016219 ], [ 449044.783234449278098, 4483618.390285147354007 ], [ 449044.822457069181837, 4483618.413257276639342 ], [ 449046.622457068879157, 4483619.41325727570802 ], [ 449046.678723357908893, 4483619.44222551677376 ], [ 449046.736709323653486, 4483619.4675766909495 ], [ 449048.236709323711693, 4483620.067576690576971 ], [ 449048.284621799422894, 4483620.085335622541606 ], [ 449048.333378871786408, 4483620.100623946636915 ], [ 449049.733378872158937, 4483620.500623947009444 ], [ 449049.783079322485719, 4483620.513453988358378 ], [ 449049.833372644905467, 4483620.523716854862869 ], [ 449049.884126329328865, 4483620.531385507434607 ], [ 449051.484126328956336, 4483620.731285507790744 ], [ 449051.555541167384945, 4483620.737617829814553 ], [ 449053.455541167815682, 4483620.837617828510702 ], [ 449053.506787667691242, 4483620.838999137282372 ], [ 449053.558037616545334, 4483620.837752337567508 ], [ 449055.558037616487127, 4483620.73775233887136 ], [ 449055.602956071437802, 4483620.734490997157991 ], [ 449057.702920215320773, 4483620.534394412301481 ], [ 449059.802909092220943, 4483620.334395473822951 ], [ 449059.849521357391495, 4483620.328849494457245 ], [ 449062.649521357263438, 4483619.928849492222071 ], [ 449062.720570212346502, 4483619.916067542508245 ], [ 449065.020570212102029, 4483619.41596754360944 ], [ 449065.050635625259019, 4483619.408942500129342 ], [ 449067.450635625631548, 4483618.808942499570549 ], [ 449067.477765643619932, 4483618.801754017360508 ], [ 449069.977765643619932, 4483618.101654017344117 ], [ 449069.992188329808414, 4483618.09749811142683 ], [ 449072.692188329005148, 4483617.297498112544417 ], [ 449072.724356225633528, 4483617.287373811006546 ], [ 449075.724356225691736, 4483616.287273811176419 ], [ 449075.732424324261956, 4483616.284545945934951 ], [ 449079.212458179448731, 4483615.091391480527818 ], [ 449081.875720799842384, 4483614.302177991718054 ], [ 449084.536708169383928, 4483613.612292377278209 ], [ 449086.400606273557059, 4483613.219892776571214 ], [ 449088.561654123826884, 4483612.826876755803823 ], [ 449091.591391624766402, 4483612.435930273495615 ], [ 449094.064933533081785, 4483612.340698909945786 ], [ 449097.178444086050149, 4483612.729887728579342 ], [ 449099.3255324276397, 4483613.022574909031391 ], [ 449102.657744823314715, 4483613.806601823307574 ], [ 449106.514106063405052, 4483614.894194574095309 ], [ 449108.571945055562537, 4483615.580140904523432 ], [ 449128.244491379533429, 4483623.069389416836202 ], [ 449136.236719328735489, 4483626.266180693171918 ], [ 449136.291872233792674, 4483626.286383298225701 ], [ 449138.391872234351467, 4483626.986383298411965 ], [ 449138.465564375452232, 4483627.007842500694096 ], [ 449140.865564374893438, 4483627.607842500321567 ], [ 449140.912837111100089, 4483627.618450938723981 ], [ 449140.960568178095855, 4483627.626757309772074 ], [ 449141.008645539346617, 4483627.632742114365101 ], [ 449143.008645539346617, 4483627.832642116583884 ], [ 449143.058311019849498, 4483627.836359761655331 ], [ 449143.108100000943523, 4483627.837600002065301 ], [ 449144.808100001129787, 4483627.837600000202656 ], [ 449144.858037616766524, 4483627.836352339014411 ], [ 449146.858037616766524, 4483627.73635233938694 ], [ 449146.922775111510418, 4483627.731003049761057 ], [ 449146.987028728064615, 4483627.721462039276958 ], [ 449149.18702872825088, 4483627.321362039074302 ], [ 449149.217629090126138, 4483627.315302413888276 ], [ 449150.617629089625552, 4483627.015302412211895 ], [ 449150.662269688444212, 4483627.004659638740122 ], [ 449150.706374992791098, 4483626.991979977115989 ], [ 449152.306374993233476, 4483626.491979977115989 ], [ 449152.344436397252139, 4483626.479241910390556 ], [ 449153.744436396751553, 4483625.979241910390556 ], [ 449153.786931059032213, 4483625.962965842336416 ], [ 449153.828641273372341, 4483625.944773406721652 ], [ 449153.869480670022313, 4483625.92470227368176 ], [ 449156.369480670022313, 4483624.624602275900543 ], [ 449156.390018750214949, 4483624.613615909591317 ], [ 449158.390018750214949, 4483623.513615907169878 ], [ 449158.438137049786747, 4483623.485374482348561 ], [ 449160.03813705034554, 4483622.485274483449757 ], [ 449160.073237977514509, 4483622.462296403944492 ], [ 449160.107344223652035, 4483622.437866274267435 ], [ 449176.585060739831533, 4483610.103876264765859 ], [ 449182.885210659995209, 4483609.464639313519001 ], [ 449189.804137925617397, 4483613.500584124587476 ], [ 449189.842717855761293, 4483613.521962431259453 ], [ 449189.882202965614852, 4483613.54161870572716 ], [ 449191.582202965801116, 4483614.341618701815605 ], [ 449191.645553738286253, 4483614.368804669938982 ], [ 449193.445553738099989, 4483615.068804671987891 ], [ 449193.471693432540633, 4483615.078552564606071 ], [ 449196.271693432354368, 4483616.078452564775944 ], [ 449196.344882594014052, 4483616.101463821716607 ], [ 449198.544882594200317, 4483616.7014638222754 ], [ 449198.591069542628247, 4483616.71288706175983 ], [ 449200.391069542441983, 4483617.112887061201036 ], [ 449200.443654332484584, 4483617.123102809302509 ], [ 449202.24365433229832, 4483617.423002808354795 ], [ 449202.27583627961576, 4483617.427827900275588 ], [ 449203.775836279673968, 4483617.627827900461853 ], [ 449203.80849628028227, 4483617.631637190468609 ], [ 449204.808496280224063, 4483617.731637191027403 ], [ 449204.85818629770074, 4483617.735358526930213 ], [ 449204.907999999821186, 4483617.736600000411272 ], [ 449206.207999999693129, 4483617.736600000411272 ], [ 449206.270137441868428, 4483617.734667602926493 ], [ 449206.332034735474735, 4483617.728877876885235 ], [ 449207.932034735975321, 4483617.528877874836326 ], [ 449208.004210418381263, 4483617.517161812633276 ], [ 449209.004210418381263, 4483617.317061813548207 ], [ 449209.050535625079647, 4483617.306642499752343 ], [ 449210.250535625265911, 4483617.006642499938607 ], [ 449210.298659620049875, 4483616.993326517753303 ], [ 449210.346058932424057, 4483616.977624942548573 ], [ 449210.392615384596866, 4483616.959576922468841 ], [ 449211.592615383851808, 4483616.459576923400164 ], [ 449211.636736714746803, 4483616.439929482527077 ], [ 449211.679857925453689, 4483616.418174599297345 ], [ 449211.721878426731564, 4483616.394363021478057 ], [ 449211.76270019664662, 4483616.368550294078887 ], [ 449212.662700197077356, 4483615.76855029258877 ], [ 449212.711843697936274, 4483615.733602745458484 ], [ 449212.758791372645646, 4483615.695756602101028 ], [ 449213.458791372715496, 4483615.09575660340488 ], [ 449213.474030592653435, 4483615.082424426451325 ], [ 449216.271831832127646, 4483612.584287683479488 ], [ 449217.939823070715647, 4483611.112530708312988 ], [ 449219.063177395786624, 4483610.269944748841226 ], [ 449220.680332380754407, 4483609.318581984378397 ], [ 449227.244184545474127, 4483606.136008754372597 ], [ 449227.28201294952305, 4483606.116664031520486 ], [ 449237.682012948964257, 4483600.516464032232761 ], [ 449237.723503255401738, 4483600.492827451787889 ], [ 449237.763817917846609, 4483600.467237191274762 ], [ 449237.802865013189148, 4483600.439751598984003 ], [ 449237.840555508853868, 4483600.410433345474303 ], [ 449244.940455508651212, 4483594.610333344899118 ], [ 449244.9488871669746, 4483594.603368072770536 ], [ 449253.329820496030152, 4483587.602544203400612 ], [ 449257.370431912830099, 4483585.94947497267276 ], [ 449262.83771413366776, 4483586.333047984167933 ], [ 449262.87440180912381, 4483586.3349454626441 ], [ 449268.87440180912381, 4483586.534845462068915 ], [ 449268.938934752892237, 4483586.53491207677871 ], [ 449272.138934752147179, 4483586.434912076219916 ], [ 449272.184396498836577, 4483586.432454485446215 ], [ 449273.484396499581635, 4483586.332454484887421 ], [ 449273.534527847135905, 4483586.327324743382633 ], [ 449273.584337119653355, 4483586.319676041603088 ], [ 449273.633697828219738, 4483586.309527805075049 ], [ 449273.682484622928314, 4483586.296905803494155 ], [ 449275.082484622427728, 4483585.896805804222822 ], [ 449275.123927766107954, 4483585.883983298204839 ], [ 449276.323927766236011, 4483585.48398329783231 ], [ 449276.36842915910529, 4483585.467970613390207 ], [ 449276.412123680289369, 4483585.449871750548482 ], [ 449276.454913594643585, 4483585.429727191105485 ], [ 449277.65491359482985, 4483584.829727192409337 ], [ 449277.695003732573241, 4483584.808532542549074 ], [ 449277.734091763210017, 4483584.78554215002805 ], [ 449277.772097304929048, 4483584.760803291574121 ], [ 449287.556976973253768, 4483578.070872703567147 ], [ 449289.412253374990541, 4483576.899119186215103 ], [ 449290.650024713075254, 4483576.232626928016543 ], [ 449295.495463713305071, 4483574.057024816982448 ], [ 449298.248790542944334, 4483572.975262371823192 ], [ 449301.490266522858292, 4483571.894770381040871 ], [ 449305.33306266850559, 4483570.909339501522481 ], [ 449314.491012287791818, 4483569.0178247326985 ], [ 449321.663893897493836, 4483567.822228235192597 ], [ 449329.655579860671423, 4483566.623375444673002 ], [ 449338.333805442380253, 4483565.326429594308138 ], [ 449342.097500210744329, 4483564.930251197889447 ], [ 449347.357374207582325, 4483564.533180332742631 ], [ 449351.419705498265103, 4483564.434000000357628 ], [ 449353.982772552757524, 4483564.433999999426305 ], [ 449364.058075329347048, 4483564.932577854953706 ], [ 449364.135267067584209, 4483564.93341442104429 ], [ 449367.73526706721168, 4483564.833414419554174 ], [ 449367.799230041215196, 4483564.8295839112252 ], [ 449375.39923004177399, 4483564.129483911208808 ], [ 449375.454071233631112, 4483564.122900117188692 ], [ 449388.941234992467798, 4483562.124487265013158 ], [ 449392.97076610190561, 4483561.633081032894552 ], [ 449412.012651236087549, 4483561.533086211420596 ], [ 449412.071121301269159, 4483561.531067732721567 ], [ 449416.771121301455423, 4483561.23096773121506 ], [ 449416.834589337115176, 4483561.224878454580903 ], [ 449420.734589337487705, 4483560.724778454750776 ], [ 449420.755124891933519, 4483560.721928489394486 ], [ 449436.110845018469263, 4483558.428342293947935 ], [ 449439.440252827247605, 4483558.232396853156388 ], [ 449453.90275555383414, 4483558.132455970160663 ], [ 449472.369937738054432, 4483558.431624324060977 ], [ 449475.700617959024385, 4483558.627448726445436 ], [ 449478.828120606835, 4483559.116121017374098 ], [ 449481.161316004930995, 4483559.602203388698399 ], [ 449483.08782947214786, 4483560.180061103776097 ], [ 449498.254059645754751, 4483565.86719786375761 ], [ 449507.451836046588141, 4483569.366251954808831 ], [ 449507.524073905777186, 4483569.390623630955815 ], [ 449511.924073905218393, 4483570.690523629076779 ], [ 449511.944282593554817, 4483570.696263819932938 ], [ 449516.344282593927346, 4483571.896263821981847 ], [ 449516.404826778220013, 4483571.910767119377851 ], [ 449519.304826777719427, 4483572.510667118243873 ], [ 449519.328514562046621, 4483572.515269909985363 ], [ 449521.528514562174678, 4483572.915269908495247 ], [ 449521.570429336745292, 4483572.92197510227561 ], [ 449521.612590906152036, 4483572.926895470358431 ], [ 449523.71259090671083, 4483573.126895472407341 ], [ 449523.762014996318612, 4483573.130369570106268 ], [ 449528.162014995818026, 4483573.330269570462406 ], [ 449528.221698537934572, 4483573.331197771243751 ], [ 449535.221698537876364, 4483573.231097770854831 ], [ 449535.280399833689444, 4483573.228531952947378 ], [ 449543.480399833875708, 4483572.628331952728331 ], [ 449543.517847109644208, 4483572.624882003292441 ], [ 449549.817847109516151, 4483571.924782002344728 ], [ 449549.858361163118389, 4483571.919439692981541 ], [ 449549.898623122426216, 4483571.912446593865752 ], [ 449557.598623122554272, 4483570.412346595898271 ], [ 449557.632273739320226, 4483570.405187912285328 ], [ 449564.132273739378434, 4483568.905087911523879 ], [ 449564.196809897490311, 4483568.887905261479318 ], [ 449568.496809897245839, 4483567.587805261835456 ], [ 449568.558539118093904, 4483567.56692329980433 ], [ 449575.758439118450042, 4483564.866823299787939 ], [ 449575.806895296555012, 4483564.847191660664976 ], [ 449583.606895296368748, 4483561.44709166046232 ], [ 449583.617677316477057, 4483561.442315817810595 ], [ 449589.617677316477057, 4483558.742215816862881 ], [ 449589.619485877163243, 4483558.741399776190519 ], [ 449593.782188332988881, 4483556.85817336384207 ], [ 449595.097488234809134, 4483556.388423398137093 ], [ 449595.80507574242074, 4483556.211438073776662 ], [ 449597.045373593398836, 4483556.020623018033803 ], [ 449597.797158838482574, 4483555.926649862900376 ], [ 449599.493466561660171, 4483555.832410545088351 ], [ 449601.767283032648265, 4483556.021800509653986 ], [ 449603.162750881281681, 4483556.300894078798592 ], [ 449609.015508188691456, 4483558.086381853558123 ], [ 449609.05487810325576, 4483558.097517271526158 ], [ 449613.654878102883231, 4483559.297517271712422 ], [ 449613.674746786244214, 4483559.302483673207462 ], [ 449618.274746785871685, 4483560.402383673936129 ], [ 449618.315308941586409, 4483560.411196675151587 ], [ 449622.915308942145202, 4483561.311096674762666 ], [ 449622.96445662016049, 4483561.319445304572582 ], [ 449623.013959291623905, 4483561.325334225781262 ], [ 449626.213959291868377, 4483561.625334225594997 ], [ 449626.281006462639198, 4483561.629354264587164 ], [ 449641.431985722912941, 4483562.0278648911044 ], [ 449642.930289244512096, 4483562.215059186331928 ], [ 449644.543302793055773, 4483562.594591786153615 ], [ 449646.071962317859288, 4483563.07229788787663 ], [ 449646.939234507153742, 4483563.419206764549017 ], [ 449647.390178048750386, 4483563.719835792668164 ], [ 449648.400940930529032, 4483564.638619250617921 ], [ 449649.411674021743238, 4483565.741237168200314 ], [ 449650.952618770825211, 4483568.148963337764144 ], [ 449652.441114414366893, 4483570.729022453539073 ], [ 449652.454985906952061, 4483570.752330291084945 ], [ 449655.155085906037129, 4483575.152330290526152 ], [ 449655.183789836766664, 4483575.196456327103078 ], [ 449655.214776010252535, 4483575.239010759629309 ], [ 449656.214776010252535, 4483576.539010760374367 ], [ 449656.25326311745448, 4483576.58601726219058 ], [ 449656.294533644977491, 4483576.63059990759939 ], [ 449656.33843526855344, 4483576.672594146803021 ], [ 449657.33843526855344, 4483577.572594145312905 ], [ 449657.361457757768221, 4483577.592686283402145 ], [ 449658.661457758513279, 4483578.692686284892261 ], [ 449658.700592685316224, 4483578.724148968234658 ], [ 449658.741257642221171, 4483578.753607485443354 ], [ 449658.783350094861817, 4483578.780987557955086 ], [ 449660.083350094675552, 4483579.580887557007372 ], [ 449660.12789319420699, 4483579.606738159433007 ], [ 449660.173708109534346, 4483579.630261231213808 ], [ 449660.220673323608935, 4483579.651394381187856 ], [ 449663.320673323236406, 4483580.951394381932914 ], [ 449663.38787855010014, 4483580.976779042743146 ], [ 449671.987878550717141, 4483583.876679042354226 ], [ 449672.028604090912268, 4483583.889450373128057 ], [ 449678.228604090050794, 4483585.689350373111665 ], [ 449678.296092443983071, 4483585.706419620662928 ], [ 449681.996092444227543, 4483586.506319620646536 ], [ 449682.028514561767224, 4483586.512769909575582 ], [ 449684.228514561953489, 4483586.912769909016788 ], [ 449684.292775891255587, 4483586.922308934852481 ], [ 449686.892775890883058, 4483587.222308936528862 ], [ 449686.942342463589739, 4483587.226781515404582 ], [ 449691.542342464148533, 4483587.526681514456868 ], [ 449691.607435714337043, 4483587.528799998573959 ], [ 449694.407435714208987, 4483587.528699998743832 ], [ 449694.462904410553165, 4483587.527158441953361 ], [ 449694.518202200357337, 4483587.522542478516698 ], [ 449694.573158813233022, 4483587.514866322278976 ], [ 449706.473158813547343, 4483585.514666322618723 ], [ 449706.492115081113297, 4483585.511292113922536 ], [ 449730.254426390281878, 4483581.04518255405128 ], [ 449733.233608092239592, 4483593.95515642222017 ], [ 449733.246794563368894, 4483594.006133480928838 ], [ 449733.262646018527448, 4483594.056345779448748 ], [ 449733.281118508777581, 4483594.1056541018188 ], [ 449733.302160818304401, 4483594.153921739198267 ], [ 449733.325714606442489, 4483594.201014866121113 ], [ 449733.351714569202159, 4483594.246802915818989 ], [ 449733.380088620644528, 4483594.291158937849104 ], [ 449733.410758092475589, 4483594.333959954790771 ], [ 449733.443637952150311, 4483594.375087298452854 ], [ 449733.478637038962916, 4483594.414426941424608 ], [ 449733.515658316318877, 4483594.451869811862707 ], [ 449733.555158316274174, 4483594.48976981267333 ], [ 449733.563333872996736, 4483594.4975262042135 ], [ 450084.115733873448335, 4483923.343626203946769 ], [ 450084.153185955248773, 4483923.377032550983131 ], [ 450084.192266878613736, 4483923.408517848700285 ], [ 450084.232878212584183, 4483923.43800279404968 ], [ 450084.274917671689764, 4483923.465413127094507 ], [ 450084.318279373575933, 4483923.490679810754955 ], [ 450084.362854105769657, 4483923.513739206828177 ], [ 450278.9175137571292, 4484018.04966180305928 ], [ 450458.848033206246328, 4484165.587690489366651 ], [ 450613.56495977943996, 4484357.266190595924854 ], [ 450613.599803589168005, 4484357.307062215171754 ], [ 450613.636791497236118, 4484357.346004159189761 ], [ 450613.675816808885429, 4484357.382904096506536 ], [ 450613.716766952537, 4484357.41765558719635 ], [ 450613.759523804183118, 4484357.450158386491239 ], [ 450613.803964028309565, 4484357.480318739078939 ], [ 450613.849959433428012, 4484357.508049642667174 ], [ 450613.897377342102118, 4484357.533271107822657 ], [ 451034.958877341938205, 4484567.187771108001471 ], [ 451035.008899040869437, 4484567.210979416035116 ], [ 451035.060123985633254, 4484567.231395118869841 ], [ 451035.112396411655936, 4484567.248956138268113 ], [ 451035.165557369124144, 4484567.263609074056149 ], [ 451035.219445206515957, 4484567.27530936896801 ], [ 451035.273896061815321, 4484567.284021444618702 ], [ 451035.328744361118879, 4484567.289718810468912 ], [ 451035.383823321899399, 4484567.292384142056108 ], [ 451210.600560409540776, 4484570.933591874316335 ], [ 451536.379209261096548, 4484789.645950302481651 ], [ 451536.422318840108346, 4484789.673321646638215 ], [ 451536.466769472230226, 4484789.698456634767354 ], [ 451536.51244524680078, 4484789.721289722248912 ], [ 451536.559227058431134, 4484789.74176137149334 ], [ 451536.606992917659227, 4484789.759818198159337 ], [ 451536.655618268996477, 4484789.7754131173715 ], [ 451536.704976315668318, 4484789.788505462929606 ], [ 451536.75493835035013, 4484789.799061096273363 ], [ 451536.805374090734404, 4484789.807052491232753 ], [ 451536.856152019230649, 4484789.812458808533847 ], [ 451536.907139726041351, 4484789.815265951678157 ], [ 451536.95820425421698, 4484789.815466601401567 ], [ 451537.009212446573656, 4484789.813060232438147 ], [ 451940.237979003519285, 4484760.456137397326529 ], [ 452134.246044461149722, 4484747.282902704551816 ], [ 452134.303227044292726, 4484747.277365930378437 ], [ 452134.359997305262368, 4484747.268554507754743 ], [ 452134.41616787359817, 4484747.256497520953417 ], [ 452134.471553358074743, 4484747.241234762594104 ], [ 452134.525970958755352, 4484747.222816607914865 ], [ 452408.486070958548225, 4484645.637616607360542 ], [ 452408.533920329238754, 4484645.61845722142607 ], [ 452408.580718942976091, 4484645.596857820637524 ], [ 452408.626342472620308, 4484645.57287578843534 ], [ 452408.670669712650124, 4484645.546574834734201 ], [ 452408.713582901342306, 4484645.518024833872914 ], [ 452408.754968033637851, 4484645.48730163089931 ], [ 452408.794715163938235, 4484645.454486847855151 ], [ 452408.832718698249664, 4484645.419667662121356 ], [ 452408.868877674743999, 4484645.382936574518681 ], [ 452408.903096031863242, 4484645.344391168095171 ], [ 452408.935282863560133, 4484645.30413384269923 ], [ 452408.965352660918143, 4484645.262271549552679 ], [ 452408.993225539161358, 4484645.218915499746799 ], [ 452409.018827449996024, 4484645.174180876463652 ], [ 452409.042090378177818, 4484645.128186523914337 ], [ 452409.062952522421256, 4484645.081054631620646 ], [ 452409.081358459428884, 4484645.032910412177444 ], [ 452409.097259291214868, 4484644.983881768770516 ], [ 452409.110612774849869, 4484644.934098951518536 ], [ 452409.121383434918243, 4484644.883694217540324 ], [ 452409.129542657523416, 4484644.832801473326981 ], [ 452415.984710863383953, 4484593.670345176011324 ], [ 452693.604051622794941, 4484654.891637288965285 ], [ 452693.65261573396856, 4484654.901093412190676 ], [ 452693.701588114839979, 4484654.908135931007564 ], [ 452693.750848886324093, 4484654.912747605703771 ], [ 452693.800277463509701, 4484654.91491714771837 ], [ 453043.271577462845016, 4484661.598917146213353 ], [ 453043.32389835146023, 4484661.598548781126738 ], [ 453043.376128355856054, 4484661.595444314181805 ], [ 453043.428124490601476, 4484661.58961224462837 ], [ 453043.479744410607964, 4484661.581068537198007 ], [ 453043.530846800538711, 4484661.569836582057178 ], [ 453043.581291761889588, 4484661.555947126820683 ], [ 453043.630941196053755, 4484661.539438197389245 ], [ 453043.679659182089381, 4484661.520354987122118 ], [ 453043.727312349248677, 4484661.498749739490449 ], [ 453043.773770241532475, 4484661.474681599996984 ], [ 453043.8189056753763, 4484661.448216459713876 ], [ 453043.862595087557565, 4484661.419426768086851 ], [ 453043.90471887338208, 4484661.388391340151429 ], [ 453043.945161714334972, 4484661.355195140466094 ], [ 453043.983812893682625, 4484661.319929046556354 ], [ 453044.020566599443555, 4484661.28268960211426 ], [ 453044.055322214378975, 4484661.243578756228089 ], [ 453044.087984591023996, 4484661.202703577466309 ], [ 453044.118464312574361, 4484661.160175967030227 ], [ 453044.146677937358618, 4484661.116112348623574 ], [ 453044.172548227419611, 4484661.070633351802826 ], [ 453044.196004360099323, 4484661.023863479495049 ], [ 453044.216982121462934, 4484660.975930770859122 ], [ 453044.235424082668032, 4484660.92696644552052 ], [ 453044.25127975671785, 4484660.877104549668729 ], [ 453044.264505737053696, 4484660.826481585390866 ], [ 453044.275065815949347, 4484660.775236138142645 ], [ 453044.282931084104348, 4484660.72350849956274 ], [ 453044.288080009515397, 4484660.671440278179944 ], [ 453044.290498496266082, 4484660.619174017570913 ], [ 453044.290179923642427, 4484660.566852802410722 ], [ 453044.287125163711607, 4484660.514619867317379 ], [ 453044.281342579226475, 4484660.462618205696344 ], [ 453044.27284800063353, 4484660.410990178585052 ], [ 453044.26166468282463, 4484660.359877122566104 ], [ 452968.672475362021942, 4484353.556302997283638 ], [ 452981.934061816427857, 4484008.605016430839896 ], [ 452981.934783216391224, 4484008.560806319117546 ], [ 452981.933549594832584, 4484008.516607534140348 ], [ 452981.930363363469951, 4484008.472506487742066 ], [ 452957.83191189088393, 4483753.497060546651483 ], [ 453109.867538713850081, 4483675.76246942486614 ], [ 453109.913999959244393, 4483675.737141704186797 ], [ 453109.959056374209467, 4483675.709391744807363 ], [ 453110.002581794396974, 4483675.679297250695527 ], [ 453110.044454342452809, 4483675.646942491643131 ], [ 453110.084556769405026, 4483675.612418062984943 ], [ 453110.122776782722212, 4483675.575820640660822 ], [ 453110.159007361100521, 4483675.53725270088762 ], [ 453110.193147053709254, 4483675.496822240762413 ], [ 453110.225100264651701, 4483675.454642469994724 ], [ 453110.254777520429343, 4483675.410831497982144 ], [ 453110.282095720584039, 4483675.365512002259493 ], [ 453110.306978370295838, 4483675.318810882978141 ], [ 453110.32935579464538, 4483675.270858910866082 ], [ 453110.34916533366777, 4483675.221790357492864 ], [ 453110.36635151784867, 4483675.171742621809244 ], [ 453110.380866223480552, 4483675.120855844579637 ], [ 453110.392668807355221, 4483675.069272516295314 ], [ 453110.401726220618002, 4483675.017137076705694 ], [ 453110.408013101143297, 4483674.964595513418317 ], [ 453110.411511844838969, 4483674.911794949322939 ], [ 453110.412212654715404, 4483674.858883233740926 ], [ 453110.410113568417728, 4483674.806008527055383 ], [ 453110.405220463639125, 4483674.753318886272609 ], [ 453110.397547041822691, 4483674.700961848720908 ], [ 453110.38711478956975, 4483674.649084022268653 ], [ 453110.37395291874418, 4483674.597830671817064 ], [ 453110.358098284341395, 4483674.547345314174891 ], [ 453110.339595281751826, 4483674.497769315727055 ], [ 453097.168622916273307, 4483641.870519991032779 ], [ 453093.803356221993454, 4483627.321019411087036 ], [ 453093.115067150210962, 4483618.177913614548743 ], [ 453094.705160103330854, 4483599.88945921510458 ], [ 453097.498202208720613, 4483581.235062278807163 ], [ 453100.595363039232325, 4483564.150072465650737 ], [ 453100.599875957588665, 4483564.123077939264476 ], [ 453103.99681720189983, 4483541.941545200534165 ], [ 453106.893055677879602, 4483526.85989121440798 ], [ 453106.901767392118927, 4483526.806872768327594 ], [ 453109.501667391916271, 4483507.806772767566144 ], [ 453109.506895783764776, 4483507.760600217618048 ], [ 453109.509973581240047, 4483507.714234631508589 ], [ 453111.408740141196176, 4483463.633283421397209 ], [ 453115.903265421453398, 4483408.794800953939557 ], [ 453117.184943304804619, 4483401.202740256674588 ], [ 453119.355133825913072, 4483394.198526556603611 ], [ 453123.533414413395803, 4483383.354794119484723 ], [ 453128.519436087168287, 4483372.22668847348541 ], [ 453139.882168432173785, 4483352.59061833191663 ], [ 453147.153392627253197, 4483341.235356678254902 ], [ 453155.803710862237494, 4483329.403113338164985 ], [ 453162.754571139288601, 4483321.756859205663204 ], [ 453192.203131361398846, 4483291.808571889065206 ], [ 453226.461538354691584, 4483263.741947474889457 ], [ 453226.502578387851827, 4483263.706420409493148 ], [ 453243.985016575781628, 4483247.722077326849103 ], [ 453302.925258170638699, 4483198.77042543515563 ], [ 453342.351464761828538, 4483172.618639649823308 ], [ 453375.093974931398407, 4483154.05064164288342 ], [ 453418.736433427024167, 4483132.777937920764089 ], [ 453570.286601383704692, 4483070.895649108104408 ], [ 453604.766749229223933, 4483058.502256565727293 ], [ 453604.774578635231592, 4483058.499405509792268 ], [ 453629.174578634672798, 4483049.498905509710312 ], [ 453629.233577816921752, 4483049.474982211366296 ], [ 453660.833677817310672, 4483035.474382211454213 ], [ 453660.884885548555758, 4483035.44993341062218 ], [ 453660.934624051267747, 4483035.422619367949665 ], [ 453690.934724051097874, 4483017.822119366377592 ], [ 453690.969384606403764, 4483017.800825388170779 ], [ 453741.05028259055689, 4482985.612102913670242 ], [ 453771.492489040538203, 4482967.945043260231614 ], [ 453797.914776498160791, 4482955.580954987555742 ], [ 453847.375673253263813, 4482937.294548991136253 ], [ 453847.438377663958818, 4482937.268920142203569 ], [ 453860.122924203053117, 4482931.575701019726694 ], [ 453874.307141844532453, 4482925.781847668811679 ], [ 453874.361118316184729, 4482925.757916922681034 ], [ 453874.413588362862356, 4482925.730842315591872 ], [ 453888.313588363234885, 4482918.030542314983904 ], [ 453888.365319007774815, 4482917.999815355986357 ], [ 453897.965319007402286, 4482911.899615357629955 ], [ 453898.003290297230706, 4482911.87425173074007 ], [ 453904.70329029741697, 4482907.174151728861034 ], [ 453904.754088026413228, 4482907.136054263450205 ], [ 453904.802365509036463, 4482907.094809738919139 ], [ 453931.702365509408992, 4482882.594209740869701 ], [ 453931.706746296957135, 4482882.590195830911398 ], [ 453959.804188144044019, 4482856.691861588507891 ], [ 453987.37289786094334, 4482831.619718288071454 ], [ 454010.142129450454377, 4482813.943204831331968 ], [ 454010.151275805896148, 4482813.936018568463624 ], [ 454030.647367213561665, 4482797.638626472093165 ], [ 454049.643327710975427, 4482782.841295235790312 ], [ 454049.694328145647887, 4482782.798772754147649 ], [ 454061.694328145647887, 4482772.098572753369808 ], [ 454061.709754081384744, 4482772.084526115097106 ], [ 454073.109754080825951, 4482761.484226116910577 ], [ 454073.144202621479053, 4482761.45061245188117 ], [ 454073.176993874367326, 4482761.415380164049566 ], [ 454082.576993874739856, 4482750.815180161967874 ], [ 454082.607052770676091, 4482750.779651132412255 ], [ 454082.635426088469103, 4482750.742762055248022 ], [ 454082.66205237590475, 4482750.704592826776206 ], [ 454089.761952375702094, 4482740.004492826759815 ], [ 454089.791059381735977, 4482739.957896647974849 ], [ 454089.817563423654065, 4482739.909772253595293 ], [ 454089.841384500963613, 4482739.860264901071787 ], [ 454089.86245071166195, 4482739.809524025768042 ], [ 454094.462350711459294, 4482727.809324027970433 ], [ 454094.479143010859843, 4482727.761992957442999 ], [ 454094.493537839734927, 4482727.713878505863249 ], [ 454094.50549889128888, 4482727.665102027356625 ], [ 454094.514995997073129, 4482727.615786547772586 ], [ 454096.014895997243002, 4482718.615686547011137 ], [ 454096.02209608949488, 4482718.564290313981473 ], [ 454096.026620016025845, 4482718.51258975174278 ], [ 454096.028455592109822, 4482718.460724110715091 ], [ 454096.128355591907166, 4482707.860724109224975 ], [ 454096.126887561753392, 4482707.796321924775839 ], [ 454096.121276011399459, 4482707.732147888280451 ], [ 454094.621176011569332, 4482695.232047889381647 ], [ 454089.52219405118376, 4482653.043577645905316 ], [ 454087.327599558397196, 4482630.003377558663487 ], [ 454087.327400147856679, 4482608.566711597144604 ], [ 454087.824932603572961, 4482592.940967838279903 ], [ 454090.91293830430368, 4482572.319529161788523 ], [ 454093.805336177581921, 4482557.35823486186564 ], [ 454097.586712643853389, 4482541.037981611676514 ], [ 454102.844677119981498, 4482526.85093211941421 ], [ 454114.709709070681129, 4482503.419293744489551 ], [ 454123.399868911714293, 4482487.836559281684458 ], [ 454123.422036522591952, 4482487.794488018378615 ], [ 454123.442178972472902, 4482487.751410461962223 ], [ 454123.460250711243134, 4482487.707424026913941 ], [ 454128.060150712030008, 4482475.707224026322365 ], [ 454128.078915482445154, 4482475.653790158219635 ], [ 454131.978915481886361, 4482463.453690158203244 ], [ 454131.995201224810444, 4482463.397039033472538 ], [ 454132.008120794896968, 4482463.339526773430407 ], [ 454132.01762930204859, 4482463.281353208236396 ], [ 454133.417529302590992, 4482452.78125320840627 ], [ 454133.423231241875328, 4482452.727382180280983 ], [ 454134.923031241283752, 4482433.627282179892063 ], [ 454134.926081122539472, 4482433.555144442245364 ], [ 454135.125781122304033, 4482401.054844442754984 ], [ 454135.125430751242675, 4482401.021527213975787 ], [ 454133.625638801022433, 4482345.847274873405695 ], [ 454134.723836166609544, 4482301.799222753383219 ], [ 454138.920834464544896, 4482247.632400546222925 ], [ 454142.519746029633097, 4482208.739540353417397 ], [ 454142.520792729104869, 4482208.727426592260599 ], [ 454144.720350962423254, 4482181.330237977206707 ], [ 454147.317245744809043, 4482151.262517731636763 ], [ 454148.504789263999555, 4482143.146861754357815 ], [ 454150.578310259676073, 4482135.247734148986638 ], [ 454152.943351200548932, 4482128.842049486003816 ], [ 454156.2962258986081, 4482122.037587516009808 ], [ 454159.045307203079574, 4482117.717504426836967 ], [ 454162.028101310832426, 4482113.772295187227428 ], [ 454166.346713249222375, 4482110.701186284422874 ], [ 454170.835915944422595, 4482108.358993574045599 ], [ 454195.38356451963773, 4482098.878750191070139 ], [ 454195.403732762380969, 4482098.870708582922816 ], [ 454223.60383276239736, 4482087.270208580419421 ], [ 454223.658161657280289, 4482087.245945556089282 ], [ 454235.258161657839082, 4482081.645745556801558 ], [ 454235.308848000830039, 4482081.619465542025864 ], [ 454235.357951907208189, 4482081.59033564478159 ], [ 454247.057951907394454, 4482074.190035645850003 ], [ 454247.093986024498008, 4482074.166137840598822 ], [ 454281.486099816160277, 4482050.27091708034277 ], [ 454287.478109796415083, 4482046.27614389359951 ], [ 454287.479971348249819, 4482046.274899816140532 ], [ 454349.269477521418594, 4482004.880729863420129 ], [ 454389.958809468429536, 4481979.086692624725401 ], [ 454389.991652343014721, 4481979.064954346045852 ], [ 454442.991652343014721, 4481942.463854346424341 ], [ 454443.04736710654106, 4481942.422450606711209 ], [ 454455.947367106913589, 4481932.122150605544448 ], [ 454455.980542521341704, 4481932.094466347247362 ], [ 454467.680542521527968, 4481921.894266348332167 ], [ 454467.722651914693415, 4481921.855375346727669 ], [ 454467.762463768362068, 4481921.814135471358895 ], [ 454478.062363768345676, 4481910.513835471123457 ], [ 454478.089011200354435, 4481910.483384544961154 ], [ 454486.489011199795641, 4481900.483184544369578 ], [ 454486.525578390224837, 4481900.436950067989528 ], [ 454486.559357834863476, 4481900.388641318306327 ], [ 454490.759257835219614, 4481893.988541319034994 ], [ 454490.781499430479016, 4481893.953049187548459 ], [ 454490.802235242270399, 4481893.916656796820462 ], [ 454494.002235242456663, 4481888.016556795686483 ], [ 454494.027054601872806, 4481887.967639758251607 ], [ 454494.049154373700731, 4481887.917435402981937 ], [ 454494.068468062614556, 4481887.866094790399075 ], [ 454494.08493755600648, 4481887.813772395253181 ], [ 454494.098513299250044, 4481887.760625652037561 ], [ 454495.298513299436308, 4481882.460625652223825 ], [ 454495.305210622784216, 4481882.428625679574907 ], [ 454496.305110622022767, 4481877.228525679558516 ], [ 454496.315745877218433, 4481877.16075437515974 ], [ 454497.315745877218433, 4481868.960754376836121 ], [ 454497.32043517997954, 4481868.91265572886914 ], [ 454497.322795236832462, 4481868.864386694505811 ], [ 454497.322820535919163, 4481868.816060004755855 ], [ 454497.320511018158868, 4481868.767788526602089 ], [ 454497.315872077364475, 4481868.719684994779527 ], [ 454496.215772077906877, 4481859.619584995321929 ], [ 454496.209394184057601, 4481859.575202574022114 ], [ 454496.201033167482819, 4481859.531150670722127 ], [ 454494.900933166849427, 4481853.431150667369366 ], [ 454494.889515927701723, 4481853.383370321244001 ], [ 454494.875765939883422, 4481853.336208337917924 ], [ 454487.778528088179883, 4481831.045825665816665 ], [ 454479.789313195564318, 4481804.083136639557779 ], [ 454475.30135717993835, 4481784.935375315137208 ], [ 454468.310054279747419, 4481746.685046734288335 ], [ 454463.21778336330317, 4481707.44748390186578 ], [ 454462.321627491794061, 4481691.021510234102607 ], [ 454462.619878160592634, 4481675.606654644012451 ], [ 454464.308486765541602, 4481661.103534162975848 ], [ 454466.487995851086453, 4481651.097052183933556 ], [ 454470.467527289467398, 4481638.561115265823901 ], [ 454481.542060681444127, 4481608.130143691785634 ], [ 454502.101988795853686, 4481566.110827412456274 ], [ 454570.371249750547577, 4481449.560310614295304 ], [ 454583.15920460538473, 4481429.778388778679073 ], [ 454583.183336492045783, 4481429.739100772887468 ], [ 454583.205631739983801, 4481429.698742165230215 ], [ 454587.805531739781145, 4481420.89864216465503 ], [ 454587.833081493386999, 4481420.841606083326042 ], [ 454587.856965060986113, 4481420.782940261997283 ], [ 454607.05656506086234, 4481368.982340262271464 ], [ 454607.069897573499475, 4481368.94399834331125 ], [ 454624.269497573492117, 4481316.043398343026638 ], [ 454624.272417900850996, 4481316.034267723560333 ], [ 454646.071917900582775, 4481246.733467723242939 ], [ 454646.085123836353887, 4481246.68770588748157 ], [ 454646.096135810948908, 4481246.641367148607969 ], [ 454652.49371376686031, 4481216.551518130116165 ], [ 454664.690768923202995, 4481164.661419264040887 ], [ 454664.699737521470524, 4481164.619191844947636 ], [ 454664.70687525824178, 4481164.57661669421941 ], [ 454667.806775258970447, 4481143.276416691951454 ], [ 454667.813341784989461, 4481143.220158446580172 ], [ 454667.816712579166051, 4481143.163618662394583 ], [ 454668.016612578590866, 4481136.76351866312325 ], [ 454668.016821616038214, 4481136.708705720491707 ], [ 454668.014026987599209, 4481136.653963667340577 ], [ 454668.008237089787144, 4481136.599456976167858 ], [ 454666.708137090143282, 4481126.899456974118948 ], [ 454666.701226846314967, 4481126.855388960801065 ], [ 454666.692358245840296, 4481126.811672953888774 ], [ 454662.89355043543037, 4481110.017727614380419 ], [ 454660.60510103503475, 4481099.272432395257056 ], [ 454660.021877546038013, 4481094.024295686744153 ], [ 454660.601298646768555, 4481087.940277566201985 ], [ 454663.159564416971989, 4481080.265185058116913 ], [ 454671.553145771147683, 4481057.781542764045298 ], [ 454671.572688550862949, 4481057.723897483199835 ], [ 454671.588688007963356, 4481057.665170011110604 ], [ 454673.388688007777091, 4481050.165070011280477 ], [ 454673.400154292350635, 4481050.110671313479543 ], [ 454673.408579784503672, 4481050.055719469673932 ], [ 454674.308479785046075, 4481042.855619468726218 ], [ 454674.308872316323686, 4481042.852437381632626 ], [ 454675.708772315934766, 4481031.352337381802499 ], [ 454675.713099580316339, 4481031.308906953781843 ], [ 454675.715527632972226, 4481031.265329071320593 ], [ 454675.71605184872169, 4481031.221686746925116 ], [ 454675.615951849264093, 4481021.021686748601496 ], [ 454675.614628347859252, 4481020.979141395539045 ], [ 454675.611495472956449, 4481020.93669090885669 ], [ 454675.011495472397655, 4481014.636690907180309 ], [ 454675.006397660297807, 4481014.593252127990127 ], [ 454674.999405301350635, 4481014.550077804364264 ], [ 454673.099908383446746, 4481004.253788884729147 ], [ 454671.310566167987417, 4480994.114746275357902 ], [ 454670.617076756316237, 4480982.327011169865727 ], [ 454671.612784789234865, 4480962.508358001708984 ], [ 454674.106280285050161, 4480938.668434390798211 ], [ 454676.799729535938241, 4480923.105507247149944 ], [ 454682.398671801493037, 4480892.309475037269294 ], [ 454682.408767959335819, 4480892.240270854905248 ], [ 454684.006529213511385, 4480877.759454715065658 ], [ 454684.603636352694593, 4480873.778740451671183 ], [ 454684.609665361058433, 4480873.73061940819025 ], [ 454688.709265361365397, 4480833.030319408513606 ], [ 454688.713349110330455, 4480832.973699028603733 ], [ 454690.912764909327962, 4480782.575228453613818 ], [ 454695.511773256759625, 4480685.776557535864413 ], [ 454695.512767388951033, 4480685.745385126210749 ], [ 454696.611923556774855, 4480618.259855813346803 ], [ 454700.210431632469408, 4480540.474312488920987 ], [ 454700.211412407050375, 4480540.441335507668555 ], [ 454701.010637767845765, 4480480.061683849431574 ], [ 454704.608902672829572, 4480414.381902938708663 ], [ 454704.6095819582697, 4480414.367640245705843 ], [ 454705.60659023449989, 4480389.733946326188743 ], [ 454708.693017588811927, 4480372.110773701220751 ], [ 454712.783858580922242, 4480351.555589887313545 ], [ 454719.06750818004366, 4480328.414767037145793 ], [ 454723.838461487728637, 4480314.002112594433129 ], [ 454733.205402828811202, 4480294.570186058990657 ], [ 454738.477439221751411, 4480284.224663901142776 ], [ 454744.899858963734005, 4480274.244959345087409 ], [ 454758.498896044038702, 4480259.851420857943594 ], [ 454771.933274309441913, 4480248.407037052325904 ], [ 454780.955214866320603, 4480241.665168900974095 ], [ 454796.577451126358937, 4480232.908358201384544 ], [ 454810.695918641751632, 4480225.848975307308137 ], [ 454828.191140212584287, 4480219.884297609329224 ], [ 454847.08651575044496, 4480215.209904649294913 ], [ 454865.510505939892028, 4480213.118245327845216 ], [ 454926.78716158826137, 4480207.619367140345275 ], [ 454972.465701514855027, 4480204.619989398866892 ], [ 455000.634770807169843, 4480203.320838176645339 ], [ 455000.686669319868088, 4480203.317089435644448 ], [ 455000.738302579789888, 4480203.310646209865808 ], [ 455000.789530789421406, 4480203.301525945775211 ], [ 455000.840215247939341, 4480203.289753335528076 ], [ 455000.890218726708554, 4480203.275360254570842 ], [ 455000.93940584093798, 4480203.258385671302676 ], [ 455000.987643416214269, 4480203.238875545561314 ], [ 455034.971520859515294, 4480188.453700275160372 ], [ 455070.128108553704806, 4480176.467834836803377 ], [ 455106.517776604683604, 4480164.470574132166803 ], [ 455140.308018697076477, 4480153.773094996809959 ], [ 455169.299567104899324, 4480144.875219589099288 ], [ 455195.870935013634153, 4480136.983253313228488 ], [ 455228.827760976913851, 4480128.993144743144512 ], [ 455271.309247744327877, 4480120.396231709979475 ], [ 455271.313131271337625, 4480120.395437791012228 ], [ 455296.013131271465681, 4480115.29493779502809 ], [ 455296.036872730299365, 4480115.289733629673719 ], [ 455315.436972730502021, 4480110.789433627389371 ], [ 455315.475396816909779, 4480110.779713978990912 ], [ 455315.513405567093287, 4480110.768479350022972 ], [ 455330.013505566981621, 4480106.16817935090512 ], [ 455330.062296226387843, 4480106.1513018803671 ], [ 455330.110150815162342, 4480106.131928812712431 ], [ 455340.910150814976078, 4480101.43172881193459 ], [ 455340.961208725755569, 4480101.40777375921607 ], [ 455341.010834950837307, 4480101.380978375673294 ], [ 455356.6108349513961, 4480092.380678374320269 ], [ 455356.649326866434421, 4480092.357299999333918 ], [ 455385.149326866434421, 4480074.156700001098216 ], [ 455385.209488522959873, 4480074.115106076002121 ], [ 455408.909388522384688, 4480056.414606074802577 ], [ 455408.941143170522992, 4480056.389878964982927 ], [ 455428.041143171023577, 4480040.889478964731097 ], [ 455428.078309770789929, 4480040.857780282385647 ], [ 455445.378209770831745, 4480025.357380283996463 ], [ 455445.410244970815256, 4480025.32738431263715 ], [ 455463.910244970815256, 4480007.226984311826527 ], [ 455463.939982478099409, 4480007.196625847369432 ], [ 455477.739882478083018, 4479992.496325845830142 ], [ 455477.776038681855425, 4479992.455646656453609 ], [ 455477.809928197006229, 4479992.413060646504164 ], [ 455486.009828196431044, 4479981.512860647402704 ], [ 455486.04640907997964, 4479981.460872407071292 ], [ 455490.646409080538433, 4479974.460772407241166 ], [ 455490.672161216789391, 4479974.419423366896808 ], [ 455490.695869178511202, 4479974.376869304105639 ], [ 455494.795869178138673, 4479966.57666930463165 ], [ 455494.822632092924323, 4479966.521741148084402 ], [ 455494.845990440691821, 4479966.46528104133904 ], [ 455497.64589044067543, 4479959.065281041897833 ], [ 455497.663492367777508, 4479959.014708647504449 ], [ 455497.678361976053566, 4479958.963266546837986 ], [ 455499.578261976595968, 4479951.663166545331478 ], [ 455499.588195741467644, 4479951.621326277963817 ], [ 455499.596321465505753, 4479951.579097611829638 ], [ 455501.196321465133224, 4479942.178997613489628 ], [ 455501.203808859456331, 4479942.12668813765049 ], [ 455502.203708859626204, 4479933.526588136330247 ], [ 455502.208022167673334, 4479933.480020322836936 ], [ 455502.210153510561213, 4479933.433301768265665 ], [ 455502.509953510714695, 4479919.933201768435538 ], [ 455502.508616397739388, 4479919.854744355194271 ], [ 455500.908416397520341, 4479891.454644355922937 ], [ 455500.905821752676275, 4479891.419581671245396 ], [ 455497.70542175223818, 4479856.519381671212614 ], [ 455497.697318416438065, 4479856.454455546103418 ], [ 455491.796918416745029, 4479819.154355545528233 ], [ 455491.782533358724322, 4479819.081204766407609 ], [ 455488.082333358877804, 4479803.381104768253863 ], [ 455488.072506609198172, 4479803.342815458774567 ], [ 455488.061174249160103, 4479803.304944442585111 ], [ 455483.761074248526711, 4479789.904944440349936 ], [ 455483.743629346136004, 4479789.855139549821615 ], [ 455483.723581361060496, 4479789.806324286386371 ], [ 455478.023381361272186, 4479776.906324286945164 ], [ 455478.001938266272191, 4479776.86091641522944 ], [ 455477.978242709126789, 4479776.816642249934375 ], [ 455477.95235444244463, 4479776.773613437078893 ], [ 455468.852154443156905, 4479762.473713438026607 ], [ 455468.827508604619652, 4479762.436818764545023 ], [ 455456.427308604586869, 4479744.736918763257563 ], [ 455456.411449478880968, 4479744.714922427199781 ], [ 455440.644174704502802, 4479723.459542722441256 ], [ 455416.671477009076625, 4479682.307540365494788 ], [ 455416.644522857444827, 4479682.263885081745684 ], [ 455398.544122857565526, 4479654.563985081389546 ], [ 455398.518169754126575, 4479654.526189235970378 ], [ 455379.917869754077401, 4479628.726389234885573 ], [ 455379.882253721181769, 4479628.679918425157666 ], [ 455369.382053720590193, 4479615.780018426477909 ], [ 455369.347791168605909, 4479615.74011641740799 ], [ 455355.947591168573126, 4479600.940216416493058 ], [ 455355.91038238897454, 4479600.901281706988811 ], [ 455332.339111046458129, 4479577.53036277461797 ], [ 455310.468985227576923, 4479551.965950848534703 ], [ 455283.376616105844732, 4479519.575971628539264 ], [ 455266.504195188521408, 4479498.810383572243154 ], [ 455255.540492668864317, 4479483.062905940227211 ], [ 455234.558542437443975, 4479449.192788484506309 ], [ 455215.472995985823218, 4479417.217773413285613 ], [ 455192.891139468585607, 4479375.552456622943282 ], [ 455178.71998608665308, 4479346.911464183591306 ], [ 455166.549523833033163, 4479315.089741460978985 ], [ 455155.272658830450382, 4479277.568282076157629 ], [ 455145.881236042594537, 4479231.51269677374512 ], [ 455145.873356481490191, 4479231.477339209057391 ], [ 455132.372756481578108, 4479175.677239208482206 ], [ 455132.366361433058046, 4479175.65222483035177 ], [ 455122.670580752834212, 4479139.669268036261201 ], [ 455113.181354224565439, 4479098.717388477176428 ], [ 455107.390025450265966, 4479063.772025014273822 ], [ 455103.597697951016016, 4479031.440646886825562 ], [ 455102.700332183332648, 4478996.554518540389836 ], [ 455107.288926376029849, 4478955.452801576815546 ], [ 455115.780687172547914, 4478906.697310410439968 ], [ 455124.974552769621368, 4478861.924835924990475 ], [ 455134.571190941787791, 4478820.837444944307208 ], [ 455134.573000011791009, 4478820.829555500298738 ], [ 455144.266690737160388, 4478777.75541349966079 ], [ 455146.59799695602851, 4478769.498262788169086 ], [ 455177.93933447933523, 4478733.678667432628572 ], [ 455220.326813248218969, 4478688.0909189209342 ], [ 455253.824668753135484, 4478652.492291634902358 ], [ 455253.843590862699784, 4478652.471609521657228 ], [ 455269.935361282259692, 4478634.3803492449224 ], [ 455282.72691055998439, 4478620.688987393863499 ], [ 455282.756811108323745, 4478620.655507780611515 ], [ 455303.156711107934825, 4478596.755007779225707 ], [ 455303.204843502084259, 4478596.693961496464908 ], [ 455315.204743502254132, 4478580.19366149790585 ], [ 455315.247664246475324, 4478580.129587789997458 ], [ 455324.047564246458933, 4478565.829387787729502 ], [ 455324.078419229306746, 4478565.775576310232282 ], [ 455340.278219229832757, 4478535.375076310709119 ], [ 455340.309297356987372, 4478535.31142005417496 ], [ 455348.009197356412187, 4478518.011220054700971 ], [ 455348.032870406867005, 4478517.953203189186752 ], [ 455354.132670406776015, 4478501.553003188222647 ], [ 455354.154919817170594, 4478501.486041116528213 ], [ 455360.054819817771204, 4478481.385741118341684 ], [ 455360.072365777334198, 4478481.317037707194686 ], [ 455361.772265776759014, 4478473.517037706449628 ], [ 455361.785646710894071, 4478473.441996018402278 ], [ 455362.885546711622737, 4478465.541896018199623 ], [ 455362.893081947462633, 4478465.467498291283846 ], [ 455363.592981946887448, 4478454.467398291453719 ], [ 455363.594976981112268, 4478454.410685035400093 ], [ 455363.593751715903636, 4478454.35394992865622 ], [ 455363.193651715642773, 4478446.353949927724898 ], [ 455363.189884468331002, 4478446.303870469331741 ], [ 455363.183607726707123, 4478446.25404329970479 ], [ 455363.174837321566883, 4478446.20459409058094 ], [ 455361.974837322370149, 4478440.304494090378284 ], [ 455361.960352304100525, 4478440.243220166303217 ], [ 455361.942039933986962, 4478440.182979260571301 ], [ 455359.841939933598042, 4478433.982979263179004 ], [ 455359.825950217375066, 4478433.939164192415774 ], [ 455359.807934847427532, 4478433.896142362616956 ], [ 455354.807834847655613, 4478422.696142363362014 ], [ 455354.789192302792799, 4478422.65671665314585 ], [ 455354.768848494859412, 4478422.618141264654696 ], [ 455348.768648495140951, 4478411.818241262808442 ], [ 455348.729453845298849, 4478411.753580022603273 ], [ 455342.929353844723664, 4478402.953580022789538 ], [ 455342.90451674052747, 4478402.917631404474378 ], [ 455342.878132973797619, 4478402.882802080363035 ], [ 455338.678032973781228, 4478397.582902079448104 ], [ 455338.644859203253873, 4478397.543196788989007 ], [ 455338.609676178894006, 4478397.505260474979877 ], [ 455334.409676178707741, 4478393.205260476097465 ], [ 455334.37966467498336, 4478393.175799985416234 ], [ 455334.348441028036177, 4478393.147627396509051 ], [ 455326.948341028764844, 4478386.747727395966649 ], [ 455326.900231803359929, 4478386.708659584634006 ], [ 455307.999931802565698, 4478372.308859584853053 ], [ 455307.966780574701261, 4478372.284661148674786 ], [ 455307.932664290594403, 4478372.261843449436128 ], [ 455299.332564291136805, 4478366.761943450197577 ], [ 455299.295395254855976, 4478366.739297579042614 ], [ 455287.39529525465332, 4478359.839497578330338 ], [ 455287.381844077084679, 4478359.831836938858032 ], [ 455275.581744077440817, 4478353.231936937198043 ], [ 455275.54575005650986, 4478353.212758112698793 ], [ 455275.509003930725157, 4478353.195062941871583 ], [ 455262.808803930820432, 4478347.395262944512069 ], [ 455262.77612673008116, 4478347.381038404069841 ], [ 455248.776026729377918, 4478341.581238404847682 ], [ 455248.739778312738054, 4478341.567042019218206 ], [ 455237.639678313280456, 4478337.46714201848954 ], [ 455237.589350716676563, 4478337.450058779679239 ], [ 455224.689250716473907, 4478333.450258780270815 ], [ 455224.649846009560861, 4478333.438921090215445 ], [ 455224.61000964208506, 4478333.429208315908909 ], [ 455210.209909641824197, 4478330.229508315213025 ], [ 455210.178293683158699, 4478330.223016811534762 ], [ 455192.67819368338678, 4478326.923216810449958 ], [ 455192.624347091128584, 4478326.914576811715961 ], [ 455164.724147091095801, 4478323.21507681068033 ], [ 455164.700265485444106, 4478323.212201996706426 ], [ 455137.900065485970117, 4478320.312601997517049 ], [ 455137.833404025470372, 4478320.307636919431388 ], [ 455108.533204025006853, 4478319.108136920258403 ], [ 455108.48591480019968, 4478319.107320385985076 ], [ 455077.085814800055232, 4478319.307820385321975 ], [ 455077.040309637086466, 4478319.30914721172303 ], [ 455069.340209637070075, 4478319.709247213788331 ], [ 455069.299988789716735, 4478319.71215127594769 ], [ 455069.259917729068547, 4478319.716674574650824 ], [ 455058.759917729068547, 4478321.116874574683607 ], [ 455058.740894039452542, 4478321.119597721844912 ], [ 455050.240894039452542, 4478322.419797720387578 ], [ 455050.17614781280281, 4478322.431896060705185 ], [ 455039.776047812600154, 4478324.732096059247851 ], [ 455039.724464859988075, 4478324.744951894506812 ], [ 455039.673637981293723, 4478324.760530787520111 ], [ 455026.273637981852517, 4478329.260730789043009 ], [ 455026.203287273703609, 4478329.287340994924307 ], [ 455019.803287273272872, 4478331.987440994940698 ], [ 455019.744773521029856, 4478332.014379250817001 ], [ 455019.688115547818597, 4478332.045028931461275 ], [ 455014.88811554806307, 4478334.845128931105137 ], [ 455014.833523703971878, 4478334.879379520192742 ], [ 454989.451520509726834, 4478351.967863134108484 ], [ 454982.793893142428715, 4478356.042032983154058 ], [ 454974.896797040768433, 4478360.28691956307739 ], [ 454969.805454801418819, 4478361.951494744978845 ], [ 454962.878278786316514, 4478363.831827193498611 ], [ 454956.382312237052247, 4478364.914586709812284 ], [ 454947.252768068457954, 4478365.410950660705566 ], [ 454930.570104694925249, 4478365.810732810758054 ], [ 454910.015279881015886, 4478366.210252804681659 ], [ 454902.633543308707885, 4478365.718235456384718 ], [ 454895.072765769087709, 4478364.049092752858996 ], [ 454886.166547348897438, 4478360.783713530749083 ], [ 454878.310770703712478, 4478357.303405596874654 ], [ 454867.957653593737632, 4478352.326092856004834 ], [ 454857.913735779584385, 4478346.558455016463995 ], [ 454844.449087462038733, 4478337.781828578561544 ], [ 454835.697408570325933, 4478331.715492277406156 ], [ 454821.864346787857357, 4478320.171719522215426 ], [ 454810.722689633490518, 4478309.129838104359806 ], [ 454792.873604275519028, 4478288.38954851962626 ], [ 454759.295986774319317, 4478242.621075159870088 ], [ 454759.294905836461112, 4478242.619604586623609 ], [ 454721.319859515468124, 4478191.054738737642765 ], [ 454702.04200904967729, 4478159.491858218796551 ], [ 454702.038776786124799, 4478159.486602675169706 ], [ 454688.547775613667909, 4478137.701618227176368 ], [ 454677.013305208354723, 4478117.516742466017604 ], [ 454674.173408146540169, 4478108.01810397207737 ], [ 454672.789346259087324, 4478094.278210642747581 ], [ 454673.185258349578362, 4478081.407751095481217 ], [ 454675.167187641840428, 4478069.019974534399807 ], [ 454678.94341574824648, 4478054.709581534378231 ], [ 454683.208059550612234, 4478042.807774852029979 ], [ 454689.465105050767306, 4478030.39260633289814 ], [ 454705.243375426856801, 4478003.728589677251875 ], [ 454729.030619013006799, 4477965.048407528549433 ], [ 454758.32182004430797, 4477920.560515884310007 ], [ 454758.358809701632708, 4477920.499732128344476 ], [ 454766.658709701558109, 4477905.699532126076519 ], [ 454766.682856540952343, 4477905.653733905404806 ], [ 454766.704600654717069, 4477905.606747306883335 ], [ 454776.504400653939229, 4477882.906447306275368 ], [ 454776.528045563551132, 4477882.846426168456674 ], [ 454786.527845563949086, 4477854.846026170067489 ], [ 454786.542177927447483, 4477854.802812600508332 ], [ 454797.240308950596955, 4477819.907530304975808 ], [ 454806.430087855958845, 4477791.038710626773536 ], [ 454821.206331676919945, 4477752.199864380061626 ], [ 454840.5897240753402, 4477711.033898058347404 ], [ 454840.610189901140984, 4477710.987404474057257 ], [ 454860.703778473136481, 4477662.001459672115743 ], [ 454874.393041357048787, 4477631.424495857208967 ], [ 454890.273760447103996, 4477597.764438893646002 ], [ 454903.335873367614113, 4477574.431459688581526 ], [ 454925.308052769920323, 4477541.971663967706263 ], [ 454942.662510574911721, 4477517.079918315634131 ], [ 454942.690988198039122, 4477517.036733007989824 ], [ 454942.717194509983528, 4477516.992132839746773 ], [ 454942.741059384017717, 4477516.946237158030272 ], [ 454942.762518959061708, 4477516.899168778210878 ], [ 454942.781515810464043, 4477516.851053651422262 ], [ 454942.797999103670008, 4477516.802020531147718 ], [ 454942.811924730311148, 4477516.752200628630817 ], [ 454942.823255426075775, 4477516.701727258041501 ], [ 454942.831960870709736, 4477516.650735483504832 ], [ 454942.838017768925056, 4477516.599361756816506 ], [ 454942.841409912740346, 4477516.547743551433086 ], [ 454942.842128225020133, 4477516.496018994599581 ], [ 454942.84017078357283, 4477516.444326497614384 ], [ 454942.835542826331221, 4477516.392804387956858 ], [ 454942.828256737615447, 4477516.341590534895658 ], [ 454942.818332014488988, 4477516.290821984410286 ], [ 454942.805795214953832, 4477516.240634591318667 ], [ 454942.790679886878934, 4477516.191162653267384 ], [ 454942.773026478069369, 4477516.14253855496645 ], [ 454942.75288222800009, 4477516.094892411492765 ], [ 454942.73030104173813, 4477516.048351721838117 ], [ 454942.705343345121946, 4477516.00304102525115 ], [ 454942.678075923759025, 4477515.9590815724805 ], [ 454942.648571743746288, 4477515.916590995155275 ], [ 454942.616909756616224, 4477515.875682995654643 ], [ 454942.583174688159488, 4477515.836467043496668 ], [ 454942.547456811647862, 4477515.79904807638377 ], [ 454942.509851706097834, 4477515.763526226393878 ], [ 454942.470460000797175, 4477515.729996547102928 ], [ 454942.429387105745263, 4477515.698548763990402 ], [ 454942.386742929869797, 4477515.669267027638853 ], [ 454942.342641586612444, 4477515.642229695804417 ], [ 454942.297201088746078, 4477515.617509118281305 ], [ 454942.250543032714631, 4477515.595171445980668 ], [ 454942.20279227278661, 4477515.575276453979313 ], [ 454942.154076587641612, 4477515.557877378538251 ], [ 454913.15777658787556, 4477506.039877378381789 ], [ 454913.150671294890344, 4477506.037574433721602 ], [ 454912.370992649230175, 4477505.788081266917288 ], [ 454793.580314825987443, 4477467.769688365980983 ], [ 454793.531620860332623, 4477467.755455234088004 ], [ 454793.482267720450182, 4477467.743709940463305 ], [ 454793.432382425817195, 4477467.734482713975012 ], [ 454745.342182425374631, 4477460.095382713712752 ], [ 454745.294310994911939, 4477460.088959456421435 ], [ 454745.246185249241535, 4477460.084855228662491 ], [ 454720.006185249018017, 4477458.545255228877068 ], [ 454719.933956564229447, 4477458.543464339338243 ], [ 454699.623956564639229, 4477458.773864339105785 ], [ 454699.55635961756343, 4477458.776920662261546 ], [ 454680.356359617377166, 4477460.29732066206634 ], [ 454680.314566838264, 4477460.301515002734959 ], [ 454680.272987060132436, 4477460.307460668496788 ], [ 454655.952987059834413, 4477464.307960668578744 ], [ 454655.906891005171929, 4477464.316658237017691 ], [ 454655.861253553361166, 4477464.327507981099188 ], [ 454629.171253553882707, 4477471.338007980026305 ], [ 454629.121971460350323, 4477471.352313963696361 ], [ 454603.611971460573841, 4477479.472813963890076 ], [ 454603.569991105410736, 4477479.487210912629962 ], [ 454508.079642552358564, 4477514.622053923085332 ], [ 454458.364790603402071, 4477530.608568084426224 ], [ 454409.536011296091601, 4477543.490778344683349 ], [ 454234.688828337180894, 4477572.405460468493402 ], [ 453977.29512461455306, 4477611.609601469710469 ], [ 453977.290316423925105, 4477611.610345787368715 ], [ 453587.784125544305425, 4477672.877346636727452 ], [ 453281.457939303421881, 4477718.642676858231425 ], [ 453281.449028630449902, 4477718.644049211405218 ], [ 453067.538065797940362, 4477752.576815641485155 ], [ 452884.799998624774162, 4477778.145947526209056 ], [ 452765.243444001243915, 4477789.277617292478681 ], [ 452656.83547080529388, 4477797.277012306265533 ], [ 452363.764770752226468, 4477807.72553492244333 ], [ 452363.763048730266746, 4477807.725597800686955 ], [ 452089.441848730144557, 4477817.978997800499201 ], [ 452030.679499318415765, 4477820.175372565165162 ], [ 451617.383037398452871, 4477832.84866595081985 ], [ 451348.979125191108324, 4477839.258585044182837 ], [ 451348.968971324153244, 4477839.258879142813385 ], [ 451230.293771324679255, 4477843.29957914352417 ], [ 451230.291301743302029, 4477843.299666283652186 ], [ 451059.86086068948498, 4477849.524227608926594 ], [ 450827.233710771542974, 4477857.52677938900888 ], [ 450700.822770635131747, 4477856.640147440135479 ], [ 450624.107027353951707, 4477855.602291499264538 ], [ 450624.089617441175506, 4477855.602207537740469 ], [ 450527.710617440519854, 4477855.976407535374165 ], [ 450527.693221533321775, 4477855.976626410149038 ], [ 450186.096521533676423, 4477863.246926411986351 ], [ 450186.087529529468156, 4477863.247158255428076 ], [ 449694.437529529095627, 4477878.13645825535059 ], [ 449694.385585041658487, 4477878.139385379850864 ], [ 449694.333863093459513, 4477878.145010138861835 ], [ 449694.282503685390111, 4477878.153317306190729 ], [ 449694.231645836960524, 4477878.16428439784795 ], [ 449694.18142721010372, 4477878.177881726995111 ], [ 449694.131983736529946, 4477878.19407248776406 ], [ 449694.083449249679688, 4477878.212812856771052 ], [ 449694.035955122613814, 4477878.234052106738091 ], [ 449693.989629912306555, 4477878.257732747122645 ], [ 449693.944599011796527, 4477878.283790679648519 ], [ 449693.900984310545027, 4477878.312155369669199 ], [ 449693.858903864806052, 4477878.342750041745603 ], [ 449693.818471577775199, 4477878.375491879880428 ], [ 449693.779796891554724, 4477878.410292260348797 ], [ 449693.742984490643721, 4477878.447056985460222 ], [ 449693.708134018757846, 4477878.485686538740993 ], [ 449693.675339809153229, 4477878.526076360605657 ], [ 449693.644690629036631, 4477878.568117121234536 ], [ 449693.616269439575262, 4477878.61169502697885 ], [ 449693.590153171215206, 4477878.656692119315267 ], [ 449693.566412515356205, 4477878.702986601740122 ], [ 449693.545111733255908, 4477878.750453163869679 ], [ 449693.526308481697924, 4477878.798963323235512 ], [ 449693.510053657344542, 4477878.848385772667825 ], [ 449693.496391258726362, 4477878.898586736060679 ], [ 449693.48535826720763, 4477878.949430328793824 ], [ 449693.476984546869062, 4477879.000778928399086 ], [ 449693.471292763599195, 4477879.052493543364108 ], [ 449693.468298323976342, 4477879.104434194043279 ], [ 449693.46800933330087, 4477879.15646028611809 ], [ 449693.470426573883742, 4477879.208430997096002 ], [ 449693.475543502660003, 4477879.260205651633441 ], [ 449693.483346269233152, 4477879.311644107103348 ], [ 449693.493813752953429, 4477879.362607128918171 ], [ 449693.506917620601598, 4477879.412956771440804 ], [ 449693.522622402582783, 4477879.462556747719646 ], [ 449693.540885589201935, 4477879.511272801086307 ], [ 449693.561657745740376, 4477879.558973067440093 ], [ 449693.584882646217011, 4477879.605528430081904 ], [ 449693.610497425426729, 4477879.650812874548137 ], [ 449693.638432749430649, 4477879.694703824818134 ], [ 449693.668613002868369, 4477879.737082476727664 ], [ 449693.70095649396535, 4477879.777834120206535 ], [ 449693.735375675430987, 4477879.816848447546363 ], [ 449693.771777381421998, 4477879.854019857011735 ], [ 449693.81006307998905, 4477879.889247731305659 ], [ 449693.850129139376804, 4477879.922436716035008 ], [ 449693.891867108934093, 4477879.953496975824237 ], [ 449693.935164012364112, 4477879.982344436459243 ], [ 449693.9799026537803, 4477880.008901013992727 ], [ 449694.025961934647057, 4477880.033094824291766 ], [ 449694.073217181838118, 4477880.054860381409526 ], [ 449694.121540484949946, 4477880.074138768017292 ], [ 449694.170801042520907, 4477880.090877803042531 ], [ 449694.220865516283084, 4477880.105032177641988 ], [ 449694.271598391758744, 4477880.116563577204943 ], [ 449769.268845038895961, 4477895.122811749577522 ], [ 449813.411679076089058, 4477905.156059913337231 ], [ 449871.541091906372458, 4477920.184325617738068 ], [ 449927.644856329483446, 4477943.229746762663126 ], [ 449969.675653827667702, 4477965.251877469941974 ], [ 450015.764672071847599, 4477999.294002952054143 ], [ 450050.85211940901354, 4478029.376933829858899 ], [ 450078.910959478642326, 4478055.438218382187188 ], [ 450141.773051207186654, 4478123.026989096775651 ], [ 450448.72158411151031, 4478459.539807326160371 ], [ 450448.733633015712257, 4478459.552784088999033 ], [ 450808.05227465601638, 4478839.734724924899638 ], [ 451001.082080598687753, 4479048.136766966432333 ], [ 450927.153086222999264, 4479116.928615449927747 ], [ 450927.142569463001564, 4479116.938544294796884 ], [ 450865.489722712314688, 4479175.993892664089799 ], [ 450779.161267815390602, 4479251.369857670739293 ], [ 450753.30827676737681, 4479229.086535858921707 ], [ 450753.268378553038929, 4479229.053900454193354 ], [ 450753.226851693121716, 4479229.023364294320345 ], [ 450753.183806521992665, 4479228.995008512400091 ], [ 450753.139357407926582, 4479228.968908446840942 ], [ 450753.093622449436225, 4479228.945133444853127 ], [ 450753.046723161474802, 4479228.923746675252914 ], [ 450752.998784152441658, 4479228.904804959893227 ], [ 450752.949932793271728, 4479228.888358627445996 ], [ 450752.900298879016191, 4479228.874451373703778 ], [ 450752.850014283845667, 4479228.863120150752366 ], [ 450752.799212610756513, 4479228.854395062662661 ], [ 450752.748028836562298, 4479228.848299292847514 ], [ 450752.696598953392822, 4479228.84484903793782 ], [ 450752.645059607166331, 4479228.844053464010358 ], [ 450752.593547734722961, 4479228.845914685167372 ], [ 450752.54220019991044, 4479228.850427756085992 ], [ 450752.491153429786209, 4479228.857580685988069 ], [ 450752.440543052507564, 4479228.867354470305145 ], [ 450752.39050353661878, 4479228.87972314003855 ], [ 450752.341167834005319, 4479228.894653832539916 ], [ 450752.292667026456911, 4479228.9121068790555 ], [ 450752.245129977643955, 4479228.932035906240344 ], [ 450752.198682990507223, 4479228.954387964680791 ], [ 450752.1534494717489, 4479228.979103666730225 ], [ 450752.109549604007043, 4479229.006117343902588 ], [ 450752.067100026411936, 4479229.035357222892344 ], [ 450752.026213524921332, 4479229.066745614632964 ], [ 450751.98699873231817, 4479229.100199122913182 ], [ 450751.949559839849826, 4479229.135628862306476 ], [ 450751.913996320334263, 4479229.172940700314939 ], [ 450751.880402664013673, 4479229.212035500444472 ], [ 450613.61180266487645, 4479398.775035498663783 ], [ 450613.571494746312965, 4479398.827968616038561 ], [ 450537.037847035855521, 4479506.591186499223113 ], [ 450442.849475265596993, 4479570.061214212328196 ], [ 450442.806604311510455, 4479570.091774578206241 ], [ 450442.765401170472614, 4479570.124548894353211 ], [ 450442.725980051560327, 4479570.159446315839887 ], [ 450442.688450224348344, 4479570.196370111778378 ], [ 450442.652915716113057, 4479570.235217934474349 ], [ 450442.619475023297127, 4479570.275882104411721 ], [ 450442.588220838631969, 4479570.318249906413257 ], [ 450442.559239794209134, 4479570.36220390163362 ], [ 450442.532612221315503, 4479570.407622256316245 ], [ 450442.508411927614361, 4479570.454379078932106 ], [ 450442.486705992836505, 4479570.502344764769077 ], [ 450442.467554582690354, 4479570.551386361010373 ], [ 450442.451010782097001, 4479570.601367930881679 ], [ 450442.437120448099449, 4479570.652150932699442 ], [ 450442.425922082620673, 4479570.703594602644444 ], [ 450442.417446725943591, 4479570.755556348711252 ], [ 450442.411717870505527, 4479570.807892138138413 ], [ 450442.408751395880245, 4479570.860456904396415 ], [ 450442.408555524714757, 4479570.913104945793748 ], [ 450442.411130799911916, 4479570.965690329670906 ], [ 450442.416470083175227, 4479571.018067296594381 ], [ 450442.424558574799448, 4479571.070090666413307 ], [ 450442.435373854648788, 4479571.121616235934198 ], [ 450442.448885944380891, 4479571.172501185908914 ], [ 450442.465057390392758, 4479571.222604468464851 ], [ 450442.483843367837835, 4479571.27178720664233 ], [ 450442.505191804666538, 4479571.319913071580231 ], [ 450442.529043526155874, 4479571.366848666220903 ], [ 450442.55533241876401, 4479571.412463891319931 ], [ 450442.583985613542609, 4479571.456632308661938 ], [ 450442.614923688000999, 4479571.499231489375234 ], [ 450442.648060886247549, 4479571.540143354795873 ], [ 450442.683305356826168, 4479571.579254503361881 ], [ 450442.720559407141991, 4479571.616456524468958 ], [ 450442.759719774476252, 4479571.651646299287677 ], [ 450527.616627700161189, 4479643.959049572236836 ], [ 450561.518070063902996, 4479674.986659759655595 ], [ 450585.614175928465556, 4479706.533172145485878 ], [ 450617.196964816364925, 4479761.659949667751789 ], [ 450638.750305383873638, 4479831.118000991642475 ], [ 450638.854686019185465, 4479831.454538559541106 ], [ 450638.870376097445842, 4479831.50105754006654 ], [ 450638.888330369547475, 4479831.546750409528613 ], [ 450638.908505562343635, 4479831.591507037170231 ], [ 450697.592703347036149, 4479953.684955519624054 ], [ 450712.540030659642071, 4480005.770574102178216 ], [ 450710.617914869450033, 4480030.741036184132099 ], [ 450707.237005930044688, 4480049.591563367284834 ], [ 450707.229374274786096, 4480049.641279833391309 ], [ 450707.224252160987817, 4480049.691317151300609 ], [ 450707.221652547537815, 4480049.74154872726649 ], [ 450704.313930337375496, 4480159.216410363093019 ] ] ], [ [ [ 446812.046433549898211, 4469490.197847463190556 ], [ 446958.179938883171417, 4469353.085557945072651 ], [ 446958.217084714910015, 4469353.048834542743862 ], [ 446958.25226230523549, 4469353.01022161450237 ], [ 446958.2853756750701, 4469352.969824513420463 ], [ 446958.316334477101918, 4469352.927753457799554 ], [ 446958.345054242759943, 4469352.884123237803578 ], [ 446958.371456612367183, 4469352.839052893221378 ], [ 446958.395469549228437, 4469352.792665394954383 ], [ 446958.417027535790112, 4469352.745087308809161 ], [ 446958.436071752919815, 4469352.696448447182775 ], [ 446958.452550239977427, 4469352.646881517022848 ], [ 446958.466418036608957, 4469352.59652175847441 ], [ 446958.477637305681128, 4469352.545506573282182 ], [ 446958.486177436308935, 4469352.493975153192878 ], [ 446958.492015127441846, 4469352.442068097181618 ], [ 446958.495134451368358, 4469352.389927030541003 ], [ 446958.495526897255331, 4469352.337694214656949 ], [ 446958.493191394314636, 4469352.28551216237247 ], [ 446958.488134314888157, 4469352.23352324962616 ], [ 446958.480369456694461, 4469352.181869324296713 ], [ 446958.469918005634099, 4469352.130691318772733 ], [ 446958.456808477640152, 4469352.080128868110478 ], [ 446958.441076640971005, 4469352.030319929122925 ], [ 446958.422765418770723, 4469351.981400401331484 ], [ 446958.401924771722406, 4469351.933503757230937 ], [ 446958.37861156190047, 4469351.886760679073632 ], [ 446958.352889397589024, 4469351.841298702172935 ], [ 446958.324828459590208, 4469351.79724186565727 ], [ 446958.294505310070235, 4469351.754710375331342 ], [ 446958.262002683244646, 4469351.713820274919271 ], [ 446958.22740925999824, 4469351.674683129414916 ], [ 446877.503359474241734, 4469265.01817964669317 ], [ 446881.755817961471621, 4469260.007784887216985 ], [ 446881.768635752960108, 4469259.99237200897187 ], [ 446896.681929807353299, 4469241.689647535793483 ], [ 446904.614485323254485, 4469232.886518700048327 ], [ 446904.623418915085495, 4469232.876469637267292 ], [ 446918.7766189147369, 4469216.738869639113545 ], [ 446918.806136129365768, 4469216.703610450029373 ], [ 446918.834001227398403, 4469216.6670315945521 ], [ 446918.860155288712122, 4469216.629210417158902 ], [ 446922.085155289212707, 4469211.728410416282713 ], [ 446922.10709265130572, 4469211.693529399111867 ], [ 446922.1275743880542, 4469211.657774236984551 ], [ 446925.29532262875, 4469205.85372956097126 ], [ 446926.676828151685186, 4469203.458648666739464 ], [ 446926.707306047028396, 4469203.40162655338645 ], [ 446929.853206046915147, 4469197.028426552191377 ], [ 446929.871768481505569, 4469196.988644395023584 ], [ 446929.888567025365774, 4469196.948085881769657 ], [ 446939.023967025394086, 4469173.445085883140564 ], [ 446939.035643853538204, 4469173.413477394729853 ], [ 446969.571318129950669, 4469086.265533983707428 ], [ 446993.41584334440995, 4469019.287670874968171 ], [ 447009.602538678096607, 4468975.670819978229702 ], [ 447034.405178628338035, 4468909.053029574453831 ], [ 447039.917027251329273, 4468897.022418475709856 ], [ 447039.938104134635068, 4468896.972942596301436 ], [ 447039.956490776676219, 4468896.922405194491148 ], [ 447039.972134001611266, 4468896.87095242831856 ], [ 447039.984988567652181, 4468896.818733104504645 ], [ 447039.995017298206221, 4468896.765898247249424 ], [ 447040.002191189152654, 4468896.712600658647716 ], [ 447040.006489492894616, 4468896.658994481898844 ], [ 447040.007899778313003, 4468896.605234750546515 ], [ 447040.006417966855224, 4468896.551476943306625 ], [ 447038.551965527411085, 4468869.86615333147347 ], [ 447226.70466996030882, 4468911.637331575155258 ], [ 447226.733390664157923, 4468911.64326724037528 ], [ 447281.633290663769003, 4468922.1523672407493 ], [ 447281.640405056765303, 4468922.153702423907816 ], [ 447443.566429474565666, 4468951.936647789552808 ], [ 447560.498491227859631, 4468979.319517904892564 ], [ 447601.484306449186988, 4468996.781648077070713 ], [ 447747.070596067060251, 4469080.366090944036841 ], [ 447690.640571393247228, 4469185.621096150949597 ], [ 447690.616677330050152, 4469185.668662454001606 ], [ 447690.595348196686246, 4469185.71743280813098 ], [ 447690.576644428772852, 4469185.767269024625421 ], [ 447690.560619023104664, 4469185.818029893562198 ], [ 447690.54731738724513, 4469185.869571584276855 ], [ 447690.53677721117856, 4469185.921748055145144 ], [ 447690.529028360208031, 4469185.974411464296281 ], [ 447690.524092790612485, 4469186.027412592433393 ], [ 447690.521984487189911, 4469186.080601260997355 ], [ 447690.522709423792548, 4469186.133826761506498 ], [ 447690.526265546330251, 4469186.186938280239701 ], [ 447690.532642778591253, 4469186.239785326644778 ], [ 447690.541823050822131, 4469186.292218159884214 ], [ 447690.553780350892339, 4469186.344088212586939 ], [ 447690.568480798043311, 4469186.39524851180613 ], [ 447690.585882738872897, 4469186.445554097183049 ], [ 447690.6059368653805, 4469186.494862427003682 ], [ 447690.628586354549043, 4469186.543033787980676 ], [ 447690.653767029521987, 4469186.589931688271463 ], [ 447690.681407541385852, 4469186.635423242114484 ], [ 447690.711429571325425, 4469186.679379551671445 ], [ 447690.743748052569572, 4469186.72167606651783 ], [ 447690.778271411312744, 4469186.762192941270769 ], [ 447690.814901826321147, 4469186.800815370865166 ], [ 447690.853535506117623, 4469186.837433921173215 ], [ 447690.894062982988544, 4469186.871944832615554 ], [ 447690.936369423056021, 4469186.904250320978463 ], [ 447690.980334952007979, 4469186.934258847497404 ], [ 447691.025834994448815, 4469186.96188538428396 ], [ 447764.577077550755348, 4469228.982859333045781 ], [ 447756.176262502616737, 4469245.918218207545578 ], [ 447756.152380710525904, 4469245.970023347996175 ], [ 447756.131491788604762, 4469246.023105976171792 ], [ 447742.361891788372304, 4469284.173405976966023 ], [ 447742.345275669940747, 4469284.223553181625903 ], [ 447742.331331009045243, 4469284.274507906287909 ], [ 447733.921531008498278, 4469318.534607905894518 ], [ 447733.911027297086548, 4469318.582425329834223 ], [ 447733.902876492124051, 4469318.630699529312551 ], [ 447728.74317649245495, 4469354.520899529568851 ], [ 447728.737997134914622, 4469354.563353626057506 ], [ 447728.734637812711298, 4469354.605990359559655 ], [ 447727.684837812557817, 4469372.925990359857678 ], [ 447727.683199999912176, 4469372.983207914978266 ], [ 447727.683400000503752, 4469398.253207913599908 ], [ 447727.685791315161623, 4469398.322315200231969 ], [ 447729.525891314842738, 4469424.882315202616155 ], [ 447729.530081325501669, 4469424.927739675156772 ], [ 447729.53633857978275, 4469424.972925798036158 ], [ 447734.516638579720166, 4469455.752925795502961 ], [ 447734.531579830741975, 4469455.827268241904676 ], [ 447739.281679830572102, 4469475.557168242521584 ], [ 447739.293541565770283, 4469475.601868143305182 ], [ 447746.393641566217411, 4469500.061768143437803 ], [ 447746.397227321518585, 4469500.073836794123054 ], [ 447764.547627321211621, 4469559.783636792562902 ], [ 447764.550088410382159, 4469559.791613301262259 ], [ 447776.163548979442567, 4469596.881193701177835 ], [ 447788.394731141044758, 4469636.918252605944872 ], [ 447859.905233292665798, 4469873.321137381717563 ], [ 447859.907270962954499, 4469873.327790012583137 ], [ 447888.411817513988353, 4469965.246892936527729 ], [ 447898.81439853052143, 4469999.655568514950573 ], [ 447907.249052964325529, 4470032.109539487399161 ], [ 447907.263541331572924, 4470032.159839771687984 ], [ 447907.280641931516584, 4470032.209313004277647 ], [ 447907.300307907920796, 4470032.257823629304767 ], [ 447907.322485375450924, 4470032.305238724686205 ], [ 447907.347113566996995, 4470032.351428371854126 ], [ 447907.374125000729691, 4470032.396266010589898 ], [ 447907.403445664327592, 4470032.439628782682121 ], [ 447907.434995218296535, 4470032.481397873722017 ], [ 447907.468687215878163, 4470032.521458835341036 ], [ 447907.504429339896888, 4470032.559701899066567 ], [ 447907.542123655905016, 4470032.59602227807045 ], [ 447907.58166688028723, 4470032.630320452153683 ], [ 447907.622950663266238, 4470032.662502443417907 ], [ 447907.66586188605288, 4470032.692480073310435 ], [ 447907.710282970569097, 4470032.720171201974154 ], [ 447907.756092201627325, 4470032.745499954558909 ], [ 447907.803164060460404, 4470032.768396928906441 ], [ 447907.851369568728842, 4470032.788799387402833 ], [ 447907.900576641899534, 4470032.80665142647922 ], [ 447907.95065045094816, 4470032.82190413121134 ], [ 447908.001453792094253, 4470032.834515707567334 ], [ 447908.05284746264806, 4470032.844451600685716 ], [ 447908.104690642270725, 4470032.851684586144984 ], [ 447908.156841279065702, 4470032.856194843538105 ], [ 447908.209156478580553, 4470032.857970017008483 ], [ 447908.261492895660922, 4470032.857005240395665 ], [ 447908.313707126770169, 4470032.85330315772444 ], [ 447908.365656103298534, 4470032.846873913891613 ], [ 447908.907254361722153, 4470032.765401397831738 ], [ 447990.96047647978412, 4470023.259856633841991 ], [ 447990.995593761152122, 4470023.255156579427421 ], [ 448037.030593761301134, 4470016.261656579561532 ], [ 448037.103565833880566, 4470016.247780492529273 ], [ 448061.286365833482705, 4470010.711380493827164 ], [ 448061.298815743648447, 4470010.708446295931935 ], [ 448090.143315744237043, 4470003.715346296317875 ], [ 448090.184997426113114, 4470003.704284126870334 ], [ 448090.226163408602588, 4470003.691435155458748 ], [ 448127.520163408364169, 4469991.162335155531764 ], [ 448127.570563540502917, 4469991.143883560784161 ], [ 448164.281863540119957, 4469976.575083560310304 ], [ 448164.318350359331816, 4469976.559761411510408 ], [ 448164.354202376853209, 4469976.543007634580135 ], [ 448216.507502377207857, 4469950.902307632379234 ], [ 448216.537382607697509, 4469950.886989096179605 ], [ 448272.182379781675991, 4469921.169593847356737 ], [ 448397.885252595995553, 4469855.678052524104714 ], [ 448397.890558456536382, 4469855.675267912447453 ], [ 448575.486283355741762, 4469761.790100581943989 ], [ 448732.818505582748912, 4469679.333027485758066 ], [ 448732.831045017926954, 4469679.326341630890965 ], [ 448770.382165360206272, 4469658.960628642700613 ], [ 448804.266935628955252, 4469675.820299668237567 ], [ 448804.30649306171108, 4469675.838914415799081 ], [ 448804.346826304099523, 4469675.855782398954034 ], [ 448829.273526304750703, 4469685.64598239865154 ], [ 448829.328268395620398, 4469685.665664998814464 ], [ 448847.221368395606987, 4469691.517264998517931 ], [ 448847.271520678710658, 4469691.532225445844233 ], [ 448847.32238697988214, 4469691.544541528448462 ], [ 448859.644986979488749, 4469694.18884152919054 ], [ 448859.720297737338115, 4469694.202013287693262 ], [ 448872.155497737519909, 4469695.889913286082447 ], [ 448872.194997653947212, 4469695.89447704795748 ], [ 448872.234647775883786, 4469695.897466889582574 ], [ 448903.658302960742731, 4469697.639506832696497 ], [ 448914.546063534275163, 4469698.900945180095732 ], [ 448925.315286241238937, 4469701.266504503786564 ], [ 448934.908026158285793, 4469704.333711259067059 ], [ 448949.115774644596968, 4469710.26275222748518 ], [ 448960.818995250039734, 4469716.534126003272831 ], [ 448980.262031307618599, 4469727.772491861134768 ], [ 449006.532182411523536, 4469743.922591945156455 ], [ 449006.577626743877772, 4469743.94891107454896 ], [ 449006.624390098266304, 4469743.972808199003339 ], [ 449006.672343506885227, 4469743.994217414408922 ], [ 449006.721354719775263, 4469744.013079675845802 ], [ 449006.771288569725584, 4469744.02934296336025 ], [ 449006.822007344919257, 4469744.042962425388396 ], [ 449006.873371168912854, 4469744.053900500759482 ], [ 449006.925238386262208, 4469744.062127022072673 ], [ 449006.977465953154024, 4469744.067619304172695 ], [ 449007.02990983199561, 4469744.070362197235227 ], [ 449007.082425388740376, 4469744.070348138920963 ], [ 449007.134867791552097, 4469744.067577167414129 ], [ 449007.187092410342302, 4469744.062056923285127 ], [ 449007.238955215725582, 4469744.053802632726729 ], [ 449007.290313176054042, 4469744.042837059125304 ], [ 449007.341024652065244, 4469744.029190444387496 ], [ 449007.390949787397403, 4469744.012900423258543 ], [ 449007.439950894273352, 4469743.994011923670769 ], [ 449007.487892833421938, 4469743.972577037289739 ], [ 449007.534643386490643, 4469743.948654877953231 ], [ 449007.580073620832991, 4469743.922311421483755 ], [ 449007.624058245215565, 4469743.893619319424033 ], [ 449007.66647595516406, 4469743.862657701596618 ], [ 449007.707209767482709, 4469743.829511956311762 ], [ 449007.746147343073972, 4469743.794273495674133 ], [ 449007.783181296603289, 4469743.757039504125714 ], [ 449007.818209492834285, 4469743.717912666499615 ], [ 449007.851135327946395, 4469743.677000892348588 ], [ 449007.881867996358778, 4469743.634417010471225 ], [ 449007.91032274090685, 4469743.590278462506831 ], [ 449007.936421086778864, 4469743.544706977903843 ], [ 449007.960091057699174, 4469743.497828236781061 ], [ 449007.981267374590971, 4469743.449771525338292 ], [ 449048.596074640750885, 4469644.303264970891178 ], [ 449065.574804384727031, 4469611.476815965026617 ], [ 449085.137109874980524, 4469578.718964729458094 ], [ 449107.072338228754234, 4469548.095596683211625 ], [ 449130.267834656347986, 4469521.693414879962802 ], [ 449148.559470267442521, 4469503.589818061329424 ], [ 449164.788045686786063, 4469489.24792646151036 ], [ 449178.564194587233942, 4469477.547244500368834 ], [ 449200.823608927894384, 4469460.191900571808219 ], [ 449283.963059486297425, 4469405.095343736000359 ], [ 449432.913124929356854, 4469310.122884104959667 ], [ 449720.815177906828467, 4469126.184278527274728 ], [ 449847.462161532777827, 4469045.656730591319501 ], [ 449962.59689958835952, 4468974.878703012131155 ], [ 449962.626668516371865, 4468974.859670098870993 ], [ 450103.607168515911326, 4468881.173670099116862 ], [ 450103.625249161210377, 4468881.161367826163769 ], [ 450254.343824240902904, 4468776.181532554328442 ], [ 450283.589115862094332, 4468756.793505466543138 ], [ 450312.515128603379708, 4468740.938467810861766 ], [ 450342.715596724417992, 4468724.929501891136169 ], [ 450390.977556498197373, 4468707.527969720773399 ], [ 450434.979060656041838, 4468696.691029323264956 ], [ 450475.706118151778355, 4468690.778267679736018 ], [ 450544.110560819739476, 4468685.515319006517529 ], [ 450622.092481244646478, 4468681.894523811526597 ], [ 450622.108657572534867, 4468681.893641357310116 ], [ 450748.154557572794147, 4468673.993041356094182 ], [ 450748.193190335878171, 4468673.989867083728313 ], [ 450787.027190335618798, 4468670.039967084303498 ], [ 450787.067572849337012, 4468670.035027839243412 ], [ 450787.1077210396179, 4468670.028450122103095 ], [ 450817.385121039696969, 4468664.433250120840967 ], [ 450817.438724109088071, 4468664.421816951595247 ], [ 450848.703324109432288, 4468656.851916953921318 ], [ 450848.775307876116131, 4468656.831610146909952 ], [ 450880.369007876142859, 4468646.628910146653652 ], [ 450880.411145937279798, 4468646.614256529137492 ], [ 450880.452588480606209, 4468646.597738046199083 ], [ 450904.47698848019354, 4468636.395138046704233 ], [ 450904.545578329416458, 4468636.362888981588185 ], [ 450931.406878329406027, 4468622.466988981701434 ], [ 450931.429992144519929, 4468622.454645205289125 ], [ 450954.591992144996766, 4468609.692345203831792 ], [ 450954.654375161393546, 4468609.654952188953757 ], [ 450977.22207516094204, 4468594.98645218834281 ], [ 450977.278925979044288, 4468594.946627252735198 ], [ 451010.658325979020447, 4468569.792727253399789 ], [ 451010.692217529693153, 4468569.766021772287786 ], [ 451033.071017529757228, 4468551.335921770893037 ], [ 451033.099950878648087, 4468551.31115407217294 ], [ 451077.279950878350064, 4468512.009654073044658 ], [ 451077.317966183007229, 4468511.974019665271044 ], [ 451077.354073767084628, 4468511.936453499831259 ], [ 451077.388175599335227, 4468511.897057567723095 ], [ 451077.4201790940715, 4468511.855938827618957 ], [ 451077.449997362680733, 4468511.813208917155862 ], [ 451077.477549449249636, 4468511.768983845598996 ], [ 451077.502760550647508, 4468511.72338368371129 ], [ 451077.525562219379935, 4468511.676532234065235 ], [ 451077.545892549387645, 4468511.628556697629392 ], [ 451077.563696344499476, 4468511.579587326385081 ], [ 451077.578925267793238, 4468511.52975707128644 ], [ 451077.591537973145023, 4468511.479201220907271 ], [ 451077.601500217337161, 4468511.428057030774653 ], [ 451077.608784953190479, 4468511.376463358290493 ], [ 451077.613372402789537, 4468511.324560278095305 ], [ 451077.615250111324713, 4468511.272488705813885 ], [ 451077.614412980910856, 4468511.220390015281737 ], [ 451077.610863284324296, 4468511.168405651114881 ], [ 451077.604610658891033, 4468511.11667675152421 ], [ 451077.595672080293298, 4468511.065343758091331 ], [ 451077.584071816585492, 4468511.014546038582921 ], [ 451077.569841362186708, 4468510.964421506971121 ], [ 451077.553019352431875, 4468510.915106251835823 ], [ 451077.533651458565146, 4468510.866734161973 ], [ 451077.511790264048614, 4468510.819436565972865 ], [ 451077.487495121313259, 4468510.773341875523329 ], [ 451077.460831991222221, 4468510.728575237095356 ], [ 451077.431873263325542, 4468510.685258191078901 ], [ 451031.67947326367721, 4468445.963358190841973 ], [ 451031.641032667073887, 4468445.912500044330955 ], [ 451031.599429559777491, 4468445.864194641821086 ], [ 451006.493629559758119, 4468418.526794641278684 ], [ 451006.452083585318178, 4468418.484174396842718 ], [ 451006.40807559445966, 4468418.444101338274777 ], [ 450982.140078983909916, 4468397.632743932306767 ], [ 450956.422145336167887, 4468372.271966343745589 ], [ 450956.420746454503387, 4468372.270589593797922 ], [ 450926.208846454974264, 4468342.594989594072104 ], [ 450926.206636841176078, 4468342.592825907282531 ], [ 450903.681736840633675, 4468320.604225908406079 ], [ 450903.678119226649869, 4468320.600712197832763 ], [ 450882.404719227284659, 4468300.042312196455896 ], [ 450882.34998311905656, 4468299.993177652359009 ], [ 450870.551183119066991, 4468290.160877654328942 ], [ 450870.507628115243278, 4468290.126582155935466 ], [ 450870.462239542102907, 4468290.094752970151603 ], [ 450870.415156888833735, 4468290.065487917512655 ], [ 450870.36652485083323, 4468290.038876933045685 ], [ 450851.097324850852601, 4468280.178876931779087 ], [ 450851.07870477711549, 4468280.169592237100005 ], [ 450799.992204776906874, 4468255.356092237867415 ], [ 450799.982784113904927, 4468255.351577140390873 ], [ 450737.240796991158277, 4468225.682855331338942 ], [ 450714.442718499049079, 4468213.556275108829141 ], [ 450712.840856150898617, 4468212.464142584241927 ], [ 450710.070557262690272, 4468209.64751887973398 ], [ 450709.045766163791995, 4468207.533667439594865 ], [ 450707.945734230510425, 4468199.558605459518731 ], [ 450708.500579560291953, 4468190.959480036981404 ], [ 450711.280078027164564, 4468180.675423827022314 ], [ 450717.155734032450709, 4468170.323044680990279 ], [ 450725.610546651296318, 4468158.20444683264941 ], [ 450738.683992798847612, 4468143.592661110684276 ], [ 450761.614785598823801, 4468119.756644972600043 ], [ 450779.423735803167801, 4468102.24962607678026 ], [ 450779.459686804271769, 4468102.212407130748034 ], [ 450779.493664357811213, 4468102.173378291539848 ], [ 450785.231864358298481, 4468095.227078290656209 ], [ 450785.264412776392419, 4468095.185487507842481 ], [ 450785.294720042613335, 4468095.142236353829503 ], [ 450785.322701623954345, 4468095.097445462830365 ], [ 450785.348279474535957, 4468095.05123976804316 ], [ 450785.37138225272065, 4468095.003748143091798 ], [ 450785.391945520357694, 4468094.955103053711355 ], [ 450785.409911922644824, 4468094.905440178699791 ], [ 450785.425231347733643, 4468094.854898038320243 ], [ 450785.437861066893674, 4468094.803617604076862 ], [ 450785.447765853255987, 4468094.751741907559335 ], [ 450785.454918080591597, 4468094.699415638111532 ], [ 450785.459297799912747, 4468094.646784746088088 ], [ 450785.460892795352265, 4468094.593996028415859 ], [ 450785.459698618156835, 4468094.541196723468602 ], [ 450785.45571859908523, 4468094.488534096628428 ], [ 450785.448963839153294, 4468094.436155037023127 ], [ 450785.439453178783879, 4468094.38420563749969 ], [ 450785.427213145012502, 4468094.332830796018243 ], [ 450785.412277877621818, 4468094.282173806801438 ], [ 450785.394689033972099, 4468094.232375962659717 ], [ 450785.374495672702324, 4468094.183576158247888 ], [ 450785.351754117000382, 4468094.135910506360233 ], [ 450785.326527797500603, 4468094.089511955156922 ], [ 450785.298887075216044, 4468094.04450991936028 ], [ 450785.268909045495093, 4468094.001029918901622 ], [ 450785.236677322769538, 4468093.959193226881325 ], [ 450781.852775009756442, 4468089.798929354175925 ], [ 450776.361653835803736, 4468080.615308850072324 ], [ 450775.549357486190274, 4468076.218718812800944 ], [ 450774.966506930009928, 4468073.063952997326851 ], [ 450773.996589372807648, 4468067.01681393943727 ], [ 450773.595569514553063, 4468059.793096326291561 ], [ 450773.235942620667629, 4468052.829884306527674 ], [ 450772.97999362682458, 4468047.129147654399276 ], [ 450772.977431240025908, 4468047.089591569267213 ], [ 450772.567431240808219, 4468042.249591569416225 ], [ 450772.567249859042931, 4468042.247477060183883 ], [ 450772.217249858484138, 4468038.21747705899179 ], [ 450772.212522590532899, 4468038.17406558431685 ], [ 450771.17202259041369, 4468030.234065583907068 ], [ 450771.164397766755428, 4468030.185267841443419 ], [ 450769.943297767022159, 4468023.463267843239009 ], [ 450769.940673464501742, 4468023.449380199424922 ], [ 450768.631773464905564, 4468016.781380198895931 ], [ 450768.621759638597723, 4468016.73597749043256 ], [ 450767.131759638374206, 4468010.655977489426732 ], [ 450767.114397539640777, 4468010.593867554329336 ], [ 450767.09306809847476, 4468010.533005896955729 ], [ 450763.973068098363001, 4468002.473005899228156 ], [ 450763.952501526975539, 4468002.423813196830451 ], [ 450763.929342221061233, 4468002.375786616466939 ], [ 450763.903656020353083, 4468002.329062693752348 ], [ 450763.875515948573593, 4468002.283774260431528 ], [ 450751.935515948163811, 4467984.163774257525802 ], [ 450751.90484420809662, 4467984.119836390018463 ], [ 450751.871862961095758, 4467984.077604538761079 ], [ 450739.403317232267, 4467968.964714897796512 ], [ 450736.099134541756939, 4467964.344707243144512 ], [ 450733.374671291268896, 4467957.823699534870684 ], [ 450726.326588598894887, 4467940.458423452451825 ], [ 450726.300782016478479, 4467940.400228471495211 ], [ 450726.271324892994016, 4467940.343793435022235 ], [ 450717.577624892350286, 4467924.906793436966836 ], [ 450717.551734011154622, 4467924.863420107401907 ], [ 450717.523685934720561, 4467924.821409528143704 ], [ 450717.493552229949273, 4467924.780868890695274 ], [ 450706.647777768201195, 4467910.934081089682877 ], [ 450701.151318787655327, 4467896.819001995027065 ], [ 450697.975312394672073, 4467887.259826045483351 ], [ 450692.567467868386302, 4467862.398007837124169 ], [ 450690.148709573317319, 4467850.57457756716758 ], [ 450690.138170038408134, 4467850.528607150539756 ], [ 450690.125474719447084, 4467850.483184799551964 ], [ 450690.110651855298784, 4467850.438411552459002 ], [ 450690.093734417518135, 4467850.39438699837774 ], [ 450685.489834417996462, 4467839.208786997944117 ], [ 450685.475240633299109, 4467839.175100556574762 ], [ 450675.511740632762667, 4467817.287100559100509 ], [ 450675.493847175559495, 4467817.249852687120438 ], [ 450675.474430135102011, 4467817.213375868275762 ], [ 450664.533642275608145, 4467797.645799810066819 ], [ 450658.901275909331162, 4467786.692178656347096 ], [ 450649.925113444391172, 4467751.597208739258349 ], [ 450649.907577551843133, 4467751.536664114333689 ], [ 450649.886262082145549, 4467751.477344556711614 ], [ 450641.302462082006969, 4467729.765144554898143 ], [ 450641.301703219185583, 4467729.763230822049081 ], [ 450632.496862838452216, 4467707.625329352915287 ], [ 450628.945800143876113, 4467690.858307266607881 ], [ 450628.934930469142273, 4467690.812363104894757 ], [ 450628.921904376533348, 4467690.766983189620078 ], [ 450619.111945324460976, 4467659.403028133325279 ], [ 450608.76644772675354, 4467624.58148505911231 ], [ 450601.571378621563781, 4467597.942058038897812 ], [ 450592.223335121350829, 4467563.042635671794415 ], [ 450588.247257742274087, 4467545.647571854293346 ], [ 450588.234222774393857, 4467545.596726926974952 ], [ 450568.986845620092936, 4467477.951907217502594 ], [ 450553.874122967885341, 4467424.804659496061504 ], [ 450537.469168660405558, 4467358.214993265457451 ], [ 450537.465280207979959, 4467358.199728247709572 ], [ 450523.049480207439046, 4467303.414728248491883 ], [ 450523.041169340256602, 4467303.385014581494033 ], [ 450504.434914273559116, 4467240.612240924499929 ], [ 450481.909157782327384, 4467164.132467686198652 ], [ 450481.899318342504557, 4467164.100985968485475 ], [ 450459.736291329434607, 4467097.091291210614145 ], [ 450448.961475878022611, 4467061.76246640086174 ], [ 450430.619320104829967, 4466992.780032723210752 ], [ 450430.604700891359244, 4466992.730283414945006 ], [ 450430.587522556481417, 4466992.681358779780567 ], [ 450430.5678312878008, 4466992.633390363305807 ], [ 450430.545680029550567, 4466992.586507136933506 ], [ 450430.521128340158612, 4466992.540835158899426 ], [ 450430.494242232118268, 4466992.496497225947678 ], [ 450430.465093994571362, 4466992.453612551093102 ], [ 450430.433761998720001, 4466992.412296438589692 ], [ 450430.400330487464089, 4466992.37265997659415 ], [ 450430.364889348566066, 4466992.334809734486043 ], [ 450430.327533873147331, 4466992.298847483471036 ], [ 450430.288364499458112, 4466992.264869913458824 ], [ 450430.247486542793922, 4466992.232968381606042 ], [ 450430.205009912257083, 4466992.203228660859168 ], [ 450430.161048815527465, 4466992.175730714574456 ], [ 450430.115721451409627, 4466992.150548475794494 ], [ 450430.069149692251813, 4466992.127749652601779 ], [ 450430.021458756295033, 4466992.10739554464817 ], [ 450429.972776870825328, 4466992.089540877379477 ], [ 450429.923234927584417, 4466992.074233658611774 ], [ 450429.872966130729765, 4466992.061515044420958 ], [ 450429.822105638799258, 4466992.051419231109321 ], [ 450429.77079020102974, 4466992.043973363004625 ], [ 450429.71915779018309, 4466992.039197461679578 ], [ 450429.667347230948508, 4466992.037104366347194 ], [ 450429.615497827297077, 4466992.037699705921113 ], [ 450429.563748987391591, 4466992.040981878526509 ], [ 450429.512239849136677, 4466992.046942060813308 ], [ 450262.890439849288668, 4467015.719342060387135 ], [ 450262.847531932988204, 4467015.726392997428775 ], [ 450262.804971108038444, 4467015.73530260939151 ], [ 450155.471986995835323, 4467040.651793568395078 ], [ 450082.640210111625493, 4467056.943116028793156 ], [ 450082.60094296571333, 4467056.952736902050674 ], [ 450082.562096788955387, 4467056.963937102816999 ], [ 450060.762796788883861, 4467063.729337102733552 ], [ 450060.701206841797102, 4467063.750675790943205 ], [ 450060.641137886093929, 4467063.775981555692852 ], [ 450049.967937886016443, 4467068.687881556339562 ], [ 450049.924068392196205, 4467068.709384451620281 ], [ 450049.881301486049779, 4467068.733004332520068 ], [ 450049.839739248447586, 4467068.758684819564223 ], [ 450043.660139248066116, 4467072.788784818723798 ], [ 450036.333636404247954, 4467077.566886675544083 ], [ 450036.293620902637485, 4467077.594390860758722 ], [ 450036.25498768343823, 4467077.623805056326091 ], [ 450024.731687683030032, 4467086.8477050550282 ], [ 450024.70274613192305, 4467086.871779143810272 ], [ 449994.49250236916123, 4467112.97875805478543 ], [ 449968.45815256703645, 4467133.569617315195501 ], [ 449961.681695198116358, 4467137.831710114143789 ], [ 449953.025349680741783, 4467143.276004310697317 ], [ 449925.902956249658018, 4467153.995461145415902 ], [ 449842.309170758002438, 4467183.283783072605729 ], [ 449753.203806817124132, 4467213.799340585246682 ], [ 449753.154827402671799, 4467213.817557642236352 ], [ 449736.191727402328979, 4467220.636357641778886 ], [ 449736.133803828270175, 4467220.6617984874174 ], [ 449736.077604863210581, 4467220.690851084887981 ], [ 449723.134304862876888, 4467227.909751083701849 ], [ 449723.091178895556368, 4467227.935240588150918 ], [ 449723.049383552046493, 4467227.962857848964632 ], [ 449723.00902372028213, 4467227.992533560842276 ], [ 449711.044723721104674, 4467237.260133560746908 ], [ 449711.003141107212286, 4467237.29416991584003 ], [ 449710.963446856592782, 4467237.33039081748575 ], [ 449710.925755589967594, 4467237.368691675364971 ], [ 449710.890176144253928, 4467237.408961891196668 ], [ 449703.323776143428404, 4467246.451361892744899 ], [ 449703.291273361945059, 4467246.49233627691865 ], [ 449695.201373361924198, 4467257.2574362764135 ], [ 449695.165759640163742, 4467257.308011306449771 ], [ 449695.133340925502125, 4467257.360691452398896 ], [ 449690.507640925759915, 4467265.426091452129185 ], [ 449690.480910042417236, 4467265.475912250578403 ], [ 449690.457037573563866, 4467265.527164151892066 ], [ 449685.94993757357588, 4467275.964664151892066 ], [ 449685.93113581801299, 4467276.011406555771828 ], [ 449685.914712159545161, 4467276.059036605991423 ], [ 449685.900708287255839, 4467276.107433401979506 ], [ 449682.372108287410811, 4467289.562833402305841 ], [ 449682.358257896150462, 4467289.623212203383446 ], [ 449682.348172572150361, 4467289.684332733973861 ], [ 449679.906772572197951, 4467307.994332733564079 ], [ 449679.901086349913385, 4467308.047994112595916 ], [ 449679.898303017427679, 4467308.10188409127295 ], [ 449679.898430679284502, 4467308.155845748260617 ], [ 449679.901468963827938, 4467308.209721954539418 ], [ 449681.497668963391334, 4467327.323221954517066 ], [ 449681.503972440492362, 4467327.379461036995053 ], [ 449681.513447188946884, 4467327.435253486968577 ], [ 449681.526062865217682, 4467327.490420623682439 ], [ 449685.422862865438219, 4467342.555620622821152 ], [ 449685.43932631239295, 4467342.612311040982604 ], [ 449685.459106198046356, 4467342.667931224219501 ], [ 449685.482133592420723, 4467342.722287343814969 ], [ 449694.736133592145052, 4467362.887487345375121 ], [ 449694.76418335683411, 4467362.943857539445162 ], [ 449694.795725020463578, 4467362.998350764624774 ], [ 449717.824561386427376, 4467400.043120527639985 ], [ 449717.794317598221824, 4467400.053900913335383 ], [ 449487.522327342827339, 4467478.365351032465696 ], [ 449487.50792959658429, 4467478.370370235294104 ], [ 449258.402151450573001, 4467560.203190878033638 ], [ 449211.655480062472634, 4467576.562830972485244 ], [ 449211.614201709278859, 4467576.578306380659342 ], [ 449211.573645516880788, 4467576.595586020499468 ], [ 449162.473945516743697, 4467598.806486020796001 ], [ 449162.436796529684216, 4467598.824220800772309 ], [ 449162.400408918678295, 4467598.843469474464655 ], [ 449120.320608919195365, 4467622.224169475957751 ], [ 449120.288566505827475, 4467622.242758050560951 ], [ 449075.868866505334154, 4467649.123458050191402 ], [ 449075.805235949112102, 4467649.165356441400945 ], [ 449034.895635949273128, 4467678.396056439727545 ], [ 449034.873543293506373, 4467678.412304235622287 ], [ 448991.623843293928076, 4467711.143004239536822 ], [ 448991.574402413330972, 4467711.182953805662692 ], [ 448957.674702413438354, 4467740.403553802520037 ], [ 448957.636417397356126, 4467740.438319842331111 ], [ 448957.599980893719476, 4467740.475018632598221 ], [ 448919.030380893615074, 4467781.385718632489443 ], [ 448881.620261115429457, 4467821.126870377920568 ], [ 448881.578377418569289, 4467821.17428336571902 ], [ 448881.539575533184689, 4467821.224249846301973 ], [ 448844.139975533995312, 4467872.664949846453965 ], [ 448844.136866848100908, 4467872.669249576516449 ], [ 448817.247266847814899, 4467910.069749576970935 ], [ 448817.206471315294039, 4467910.131145915016532 ], [ 448795.006771315471269, 4467946.371545914560556 ], [ 448794.99473897262942, 4467946.391716402955353 ], [ 448773.973221601627301, 4467982.590805882588029 ], [ 448756.506619328982197, 4468008.203768998384476 ], [ 448725.086910702462774, 4468039.624373635277152 ], [ 448698.295710317674093, 4468057.097090632654727 ], [ 448535.818295806879178, 4468162.298993547447026 ], [ 448535.815505924401805, 4468162.300806552171707 ], [ 448288.730764957785141, 4468323.454085174016654 ], [ 447994.980904904019553, 4467932.866041332483292 ], [ 447994.948562073521316, 4467932.825288064777851 ], [ 447994.914143433619756, 4467932.78627210855484 ], [ 447994.877742151671555, 4467932.749099077656865 ], [ 447994.839456761954352, 4467932.713869594968855 ], [ 447994.799390898551792, 4467932.680679022334516 ], [ 447994.757653015432879, 4467932.649617201648653 ], [ 447994.714356092212256, 4467932.620768216438591 ], [ 447994.669617328851018, 4467932.594210155308247 ], [ 447994.623557828192133, 4467932.570014908909798 ], [ 447994.57630226801848, 4467932.548247970640659 ], [ 447994.527978563914075, 4467932.52896826248616 ], [ 447994.478717522695661, 4467932.512227970175445 ], [ 447994.428652488393709, 4467932.498072410002351 ], [ 447994.377918981539551, 4467932.486539898440242 ], [ 447994.326654331875034, 4467932.477661652490497 ], [ 447994.274997307220474, 4467932.471461704932153 ], [ 447994.223087737220339, 4467932.467956838198006 ], [ 447994.171066135226283, 4467932.467156540602446 ], [ 447994.119073317968287, 4467932.469062976539135 ], [ 447994.06725002406165, 4467932.473670986481011 ], [ 447994.015736533328891, 4467932.480968097224832 ], [ 447993.964672287111171, 4467932.490934556350112 ], [ 447993.914195510442369, 4467932.503543385304511 ], [ 447993.864442838414107, 4467932.518760453909636 ], [ 447993.815548945800401, 4467932.536544570699334 ], [ 447993.767646182910539, 4467932.556847596541047 ], [ 447993.7208642171463, 4467932.579614573158324 ], [ 447993.67532968200976, 4467932.604783873073757 ], [ 447993.631165834260173, 4467932.6322873653844 ], [ 447747.16306583507685, 4468095.170687366276979 ], [ 447402.128521940088831, 4468322.710835742764175 ], [ 447138.40818943810882, 4468494.228500863537192 ], [ 446888.415389419998974, 4468656.818100875243545 ], [ 446888.366995294520166, 4468656.851643233560026 ], [ 446867.071284627600107, 4468672.559785841032863 ], [ 446556.823704533278942, 4468875.121068486012518 ], [ 446556.821967545547523, 4468875.122205141931772 ], [ 446370.394325551518705, 4468997.393907990306616 ], [ 446299.205384416913148, 4469043.900012239813805 ], [ 446299.162421520450152, 4469043.929707968607545 ], [ 446299.121067604224663, 4469043.961606251075864 ], [ 446299.081435467058327, 4469043.995620078407228 ], [ 446299.043633211345877, 4469044.031656675040722 ], [ 446299.007763948349748, 4469044.069617743603885 ], [ 446298.973925516707823, 4469044.109399741515517 ], [ 446298.942210215725936, 4469044.150894156657159 ], [ 446298.912704553513322, 4469044.193987806327641 ], [ 446298.885489011125173, 4469044.238563147373497 ], [ 446298.860637823003344, 4469044.284498593769968 ], [ 446298.838218774297275, 4469044.331668850034475 ], [ 446298.818293016345706, 4469044.37994525115937 ], [ 446298.800914899504278, 4469044.429196118377149 ], [ 446298.786131825239863, 4469044.47928711026907 ], [ 446298.773984116443899, 4469044.530081598088145 ], [ 446298.764504907827359, 4469044.581441030837595 ], [ 446298.757720055291429, 4469044.633225319907069 ], [ 446298.753648065612651, 4469044.685293214395642 ], [ 446298.752300045627635, 4469044.737502693198621 ], [ 446298.779500045988243, 4469134.597202693112195 ], [ 446298.815100129577331, 4469204.597008573822677 ], [ 446298.878400129207876, 4469328.994508853182197 ], [ 446298.892200129572302, 4469356.066709747537971 ], [ 446298.941600128775463, 4469453.245508339256048 ], [ 446298.990400128939655, 4469549.173808712512255 ], [ 446298.990449574193917, 4469549.183257251046598 ], [ 446299.642049574642442, 4469614.619757250882685 ], [ 446299.643877558235545, 4469614.671050232835114 ], [ 446299.64833490725141, 4469614.722181863151491 ], [ 446299.655409879749641, 4469614.773017444647849 ], [ 446299.665083838044666, 4469614.823423060588539 ], [ 446299.677331297891214, 4469614.873265926726162 ], [ 446299.69211999559775, 4469614.92241474147886 ], [ 446299.709410973242484, 4469614.970740031450987 ], [ 446299.729158680944238, 4469615.018114493228495 ], [ 446299.751311097061262, 4469615.064413326792419 ], [ 446299.775809865270276, 4469615.109514568001032 ], [ 446299.802590448176488, 4469615.153299405239522 ], [ 446299.83158229739638, 4469615.195652495138347 ], [ 446299.862709039298352, 4469615.236462267115712 ], [ 446299.895888676401228, 4469615.275621215812862 ], [ 446299.931033803266473, 4469615.313026183284819 ], [ 446299.968051836534869, 4469615.348578634671867 ], [ 446300.006845259282272, 4469615.382184912450612 ], [ 446300.047311877482571, 4469615.413756487891078 ], [ 446300.089345089392737, 4469615.443210192024708 ], [ 446312.418547093984671, 4469623.619008963927627 ], [ 446332.47086804691935, 4469638.207868130877614 ], [ 446352.294977901619859, 4469654.367522525601089 ], [ 446370.086506283376366, 4469669.334064627066255 ], [ 446386.199717558221892, 4469683.523389439098537 ], [ 446386.210811342753004, 4469683.533014926128089 ], [ 446401.669922863657121, 4469696.748326161876321 ], [ 446417.696627339289989, 4469711.43339341506362 ], [ 446471.111326136277057, 4469760.376739142462611 ], [ 446494.43060172512196, 4469783.394985444843769 ], [ 446494.452233309682924, 4469783.415707365609705 ], [ 446519.530533309851307, 4469806.729207364842296 ], [ 446519.568949496839195, 4469806.76312718167901 ], [ 446519.609052988467738, 4469806.795034348964691 ], [ 446519.650738458673004, 4469806.824845067225397 ], [ 446519.693896426353604, 4469806.852481043897569 ], [ 446519.738413543440402, 4469806.877869696356356 ], [ 446519.784172891988419, 4469806.900944344699383 ], [ 446519.83105429157149, 4469806.921644386835396 ], [ 446519.878934614942409, 4469806.939915456809103 ], [ 446519.92768811120186, 4469806.95570956915617 ], [ 446537.47428811120335, 4469812.147209569811821 ], [ 446537.521517295506783, 4469812.15993569791317 ], [ 446537.5693122765515, 4469812.170337138697505 ], [ 446537.617558702419046, 4469812.17838900629431 ], [ 446537.666141141147818, 4469812.184072036296129 ], [ 446537.714943356812, 4469812.187372632324696 ], [ 446545.4042137269862, 4469812.51875411812216 ], [ 446569.533584315504413, 4469813.579435239546001 ], [ 446569.539953356957994, 4469813.579694874584675 ], [ 446592.476553357497323, 4469814.441494876518846 ], [ 446592.480984038847964, 4469814.441651516593993 ], [ 446620.248911116912495, 4469815.361717759631574 ], [ 446656.431346942612436, 4469817.291281049139798 ], [ 446656.472117943398189, 4469817.292622095905244 ], [ 446661.765249333227985, 4469817.358696409501135 ], [ 446674.125233380822465, 4469817.762027661316097 ], [ 446699.285858867282514, 4469819.884062285535038 ], [ 446747.990260997321457, 4469823.991662465967238 ], [ 446764.177560628508218, 4469825.356862434186041 ], [ 446764.182487679645419, 4469825.357265708036721 ], [ 446789.003958315413911, 4469827.327123951166868 ], [ 446807.48488291236572, 4469831.198258394375443 ], [ 446807.536357726552524, 4469831.207642080262303 ], [ 446807.588252894987818, 4469831.214320519939065 ], [ 446807.640426343714353, 4469831.218275429680943 ], [ 446807.69273523701122, 4469831.219495981000364 ], [ 446807.74503636820009, 4469831.217978834174573 ], [ 446807.797186552023049, 4469831.21372814103961 ], [ 446807.849043016380165, 4469831.206755540333688 ], [ 446807.900463793252129, 4469831.197080119512975 ], [ 446807.951308107585646, 4469831.184728368185461 ], [ 446808.0014367622789, 4469831.169734100811183 ], [ 446808.050712519616354, 4469831.152138368226588 ], [ 446808.099000476882793, 4469831.131989343091846 ], [ 446808.146168435690925, 4469831.109342185780406 ], [ 446808.192087263800204, 4469831.084258898161352 ], [ 446808.23663124878658, 4469831.056808152236044 ], [ 446808.279678442107979, 4469831.027065099216998 ], [ 446808.321110993099865, 4469830.995111167430878 ], [ 446808.360815471387468, 4469830.961033836938441 ], [ 446808.398683177598286, 4469830.924926401115954 ], [ 446808.434610441036057, 4469830.886887713335454 ], [ 446808.468498902919237, 4469830.847021910361946 ], [ 446840.772691396181472, 4469790.765538798645139 ], [ 446885.755764278525021, 4469740.24307650141418 ], [ 446885.765611184411682, 4469740.231849325820804 ], [ 446923.523195413290523, 4469696.527657067403197 ], [ 446939.845046114700381, 4469685.866652355529368 ], [ 446960.736368384619709, 4469677.332436827942729 ], [ 446960.78019379399484, 4469677.313298719935119 ], [ 446960.823054131586105, 4469677.292087281122804 ], [ 446960.864851378602907, 4469677.268851020373404 ], [ 446960.90548994729761, 4469677.243643077090383 ], [ 446970.29538994806353, 4469671.103443074971437 ], [ 446970.33857734646881, 4469671.073554212227464 ], [ 446970.380135915591381, 4469671.04143909458071 ], [ 446970.419951016549021, 4469671.007186310365796 ], [ 446970.457912819460034, 4469670.97089034691453 ], [ 446970.493916606938001, 4469670.932651325128973 ], [ 446970.527863062685356, 4469670.89257472846657 ], [ 446970.559658545535058, 4469670.850771106779575 ], [ 446970.589215347834397, 4469670.807355776429176 ], [ 446970.616451937239617, 4469670.762448498047888 ], [ 446970.641293181746732, 4469670.716173147782683 ], [ 446970.663670556910802, 4469670.668657376430929 ], [ 446970.683522334846202, 4469670.620032255537808 ], [ 446970.700793754542246, 4469670.570431916974485 ], [ 446970.715437172795646, 4469670.519993184134364 ], [ 446970.727412195818033, 4469670.46885519195348 ], [ 446970.736685790587217, 4469670.417159003205597 ], [ 446970.743232375942171, 4469670.365047222003341 ], [ 446970.74703389313072, 4469670.312663599848747 ], [ 446970.748079855693504, 4469670.260152634233236 ], [ 446970.746367378393188, 4469670.207659178413451 ], [ 446970.741901185014285, 4469670.155328035354614 ], [ 446970.734693595557474, 4469670.10330355912447 ], [ 446970.724764492129907, 4469670.051729259081185 ], [ 446970.712141264171805, 4469670.000747404061258 ], [ 446970.696858732611872, 4469669.950498625636101 ], [ 446966.676758732297458, 4469657.880598626099527 ], [ 446966.659791313577443, 4469657.833605580031872 ], [ 446966.640497920336202, 4469657.787518655881286 ], [ 446966.61892671365058, 4469657.74245289620012 ], [ 446966.595131540379953, 4469657.698520797304809 ], [ 446966.569171798997559, 4469657.655832022428513 ], [ 446966.541112291219179, 4469657.614493134431541 ], [ 446966.511023060535081, 4469657.574607324786484 ], [ 446940.710923059959896, 4469625.095007325522602 ], [ 446940.682013583078515, 4469625.060255983844399 ], [ 446940.651563140272629, 4469625.026846641674638 ], [ 446871.891163141175639, 4469552.927846643142402 ], [ 446812.046433549898211, 4469490.197847463190556 ] ] ], [ [ [ 444327.637404162494931, 4469709.618476293981075 ], [ 444280.10931499209255, 4469717.688819732517004 ], [ 444255.321493899391498, 4469721.80889080837369 ], [ 444237.15185288246721, 4469724.819147903472185 ], [ 444237.104571651900187, 4469724.828155339695513 ], [ 444129.475471652345732, 4469748.029655341058969 ], [ 444129.429640992544591, 4469748.040671432390809 ], [ 444129.384380356466863, 4469748.053834959864616 ], [ 444129.339790304482449, 4469748.069116678088903 ], [ 444083.870290303893853, 4469764.859816676937044 ], [ 444083.863668185134884, 4469764.862288682721555 ], [ 444057.863968185556587, 4469774.672688682563603 ], [ 444031.112289330805652, 4469784.779920279979706 ], [ 443976.601468418142758, 4469804.247756369411945 ], [ 443941.80171474639792, 4469816.678275536745787 ], [ 443941.749105901108123, 4469816.698759752325714 ], [ 443867.169905900547747, 4469848.189859753474593 ], [ 443867.131158855918329, 4469848.20719872508198 ], [ 443867.093182589567732, 4469848.226166502572596 ], [ 443842.713482590101194, 4469861.056566503830254 ], [ 443842.693457033077721, 4469861.067398307844996 ], [ 443816.653757032530848, 4469875.537798306904733 ], [ 443816.64917618362233, 4469875.540359664708376 ], [ 443790.199576183687896, 4469890.420759665779769 ], [ 443790.1776984493481, 4469890.433434719219804 ], [ 443766.617998449248262, 4469904.483734717592597 ], [ 443766.612145060906187, 4469904.487252654507756 ], [ 443714.502745061414316, 4469936.048152655363083 ], [ 443714.454311012581456, 4469936.079430690035224 ], [ 443662.215011012158357, 4469971.990230690687895 ], [ 443662.185411589511205, 4469972.011381195858121 ], [ 443609.396211589919403, 4470011.202181196771562 ], [ 443609.352652308938559, 4470011.236431782133877 ], [ 443544.603552309272345, 4470065.117431779392064 ], [ 443544.584820186719298, 4470065.133414127863944 ], [ 443529.431232024042401, 4470078.388368060812354 ], [ 443511.479397034388967, 4470093.583546373993158 ], [ 443498.011560652521439, 4470104.294231959618628 ], [ 443497.965914394299034, 4470104.332815579138696 ], [ 443497.922654722642619, 4470104.374057273380458 ], [ 443437.413654723088257, 4470165.615057273767889 ], [ 443434.143597226997372, 4470168.925215470604599 ], [ 443434.140857850608882, 4470168.927999292500317 ], [ 443385.051757850160357, 4470219.00879929214716 ], [ 443385.016347926459275, 4470219.046854617074132 ], [ 443384.98296334524639, 4470219.086698564700782 ], [ 443384.951694314077031, 4470219.128223474137485 ], [ 443384.92262532399036, 4470219.171317143365741 ], [ 443384.895834921451751, 4470219.215863128192723 ], [ 443384.871395496069454, 4470219.261741062626243 ], [ 443384.849373084842227, 4470219.308826982975006 ], [ 443384.829827193927485, 4470219.356993657536805 ], [ 443384.812810637697112, 4470219.406110938638449 ], [ 443384.798369396012276, 4470219.456046106293797 ], [ 443384.78654249018291, 4470219.506664233282208 ], [ 443384.777361877379008, 4470219.557828544639051 ], [ 443384.770852364192251, 4470219.609400792047381 ], [ 443384.767031539755408, 4470219.661241622641683 ], [ 443384.765909728303086, 4470219.713210959918797 ], [ 443384.767489961057436, 4470219.765168378129601 ], [ 443384.771767968020868, 4470219.816973485052586 ], [ 443384.778732189734001, 4470219.868486299179494 ], [ 443384.788363808416761, 4470219.919567629694939 ], [ 443384.800636798783671, 4470219.970079451799393 ], [ 443384.815517998300493, 4470220.019885278306901 ], [ 443384.832967196940444, 4470220.068850530311465 ], [ 443384.852937245741487, 4470220.116842900402844 ], [ 443384.875374184164684, 4470220.163732710294425 ], [ 443384.900217386137228, 4470220.209393259137869 ], [ 443384.927399723499548, 4470220.253701169975102 ], [ 443384.95684774761321, 4470220.296536720357835 ], [ 443384.988481887965463, 4470220.337784163653851 ], [ 443385.022216666780878, 4470220.377332047559321 ], [ 443385.057960930396803, 4470220.415073511190712 ], [ 443385.09561809519073, 4470220.450906573794782 ], [ 443385.135086408932693, 4470220.484734412282705 ], [ 443385.176259225583635, 4470220.516465621069074 ], [ 443415.717367818055209, 4470242.813171621412039 ], [ 443621.815936018247157, 4470445.1496895942837 ], [ 443621.854477883491199, 4470445.185584302060306 ], [ 443621.89485613576835, 4470445.21940001193434 ], [ 443621.936958769278135, 4470445.251042921096087 ], [ 443621.980668995412998, 4470445.280425255186856 ], [ 443622.025865566043649, 4470445.307465511374176 ], [ 443622.072423110250384, 4470445.332088681869209 ], [ 443622.120212481764611, 4470445.354226465336978 ], [ 443622.169101117353421, 4470445.373817451298237 ], [ 443622.218953404633794, 4470445.3908072989434 ], [ 443622.269631057977676, 4470445.405148877762258 ], [ 443622.320993502507918, 4470445.416802407242358 ], [ 443622.372898263507523, 4470445.425735561177135 ], [ 443622.425201362173539, 4470445.431923559866846 ], [ 443622.47775771463057, 4470445.435349237173796 ], [ 443622.530421534494963, 4470445.436003091745079 ], [ 443622.583046737359837, 4470445.433883310295641 ], [ 443622.635487345862202, 4470445.428995772264898 ], [ 443622.68759789475007, 4470445.421354034915566 ], [ 443622.739233834203333, 4470445.410979296080768 ], [ 443622.790251931117382, 4470445.397900334559381 ], [ 443622.840510666021146, 4470445.382153429090977 ], [ 443622.889870625978801, 4470445.363782261498272 ], [ 443622.938194891088642, 4470445.342837790958583 ], [ 443622.985349414520897, 4470445.319378115236759 ], [ 443623.031203393940814, 4470445.293468309566379 ], [ 443623.07562963484088, 4470445.26518024597317 ], [ 443623.118504902929999, 4470445.234592391178012 ], [ 443623.159710266394541, 4470445.201789594255388 ], [ 443623.199131425411906, 4470445.166862847283483 ], [ 443623.236659029382281, 4470445.129909032955766 ], [ 443623.272188980481587, 4470445.091030658222735 ], [ 443643.51660373545019, 4470421.732097923755646 ], [ 443684.990994191728532, 4470487.900297251529992 ], [ 443663.789904259319883, 4470624.072159798815846 ], [ 443642.911386702500749, 4470758.272972608916461 ], [ 443642.907574183598626, 4470758.299880544655025 ], [ 443624.989967310684733, 4470898.443494892679155 ], [ 443615.011758737207856, 4470968.616922521963716 ], [ 443615.00574618508108, 4470968.668948672711849 ], [ 443615.002465680125169, 4470968.721218256279826 ], [ 443615.001926220429596, 4470968.77358790487051 ], [ 443615.004129285633098, 4470968.825913975015283 ], [ 443615.009068833023775, 4470968.878052942454815 ], [ 443615.016731314070057, 4470968.929861797951162 ], [ 443615.027095711498987, 4470968.981198435649276 ], [ 443615.040133597212844, 4470969.031922046095133 ], [ 443615.055809209879953, 4470969.081893500871956 ], [ 443615.074079553363845, 4470969.130975734442472 ], [ 443615.094894514477346, 4470969.179034121334553 ], [ 443615.118197000410873, 4470969.225936842150986 ], [ 443615.143923095543869, 4470969.271555250510573 ], [ 443615.172002236242406, 4470969.315764219500124 ], [ 443620.310703967174049, 4470976.956611033529043 ], [ 443619.997544647660106, 4470978.860791152343154 ], [ 443586.836963615904097, 4471149.037772613577545 ], [ 443579.934599687461741, 4471175.838999047875404 ], [ 443549.285117911174893, 4471295.009916794486344 ], [ 443549.273776641173754, 4471295.059134582057595 ], [ 443549.264934915408958, 4471295.1088622296229 ], [ 443549.258615289116278, 4471295.158972880803049 ], [ 443549.25483388378052, 4471295.20933870319277 ], [ 443549.253600345866289, 4471295.259831211529672 ], [ 443549.254917822079733, 4471295.310321599245071 ], [ 443549.258782951568719, 4471295.360681065358222 ], [ 443549.265185874304734, 4471295.410781141370535 ], [ 443549.274110256345011, 4471295.460494021885097 ], [ 443549.285533331451006, 4471295.5096928877756 ], [ 443549.299425959179644, 4471295.558252232149243 ], [ 443549.315752699214499, 4471295.606048178859055 ], [ 443549.334471901820507, 4471295.652958801947534 ], [ 443549.355535813956521, 4471295.69886442925781 ], [ 443598.516283702570945, 4471396.069578711874783 ], [ 443609.286752847023308, 4471420.592241599224508 ], [ 443631.457903969683684, 4471490.122516602277756 ], [ 443659.626823558704928, 4471584.797420165501535 ], [ 443660.213915726228151, 4471591.255434001795948 ], [ 443660.253711311146617, 4471599.622356244362891 ], [ 443660.255460099549964, 4471599.676905148662627 ], [ 443660.260182286379859, 4471599.7312774034217 ], [ 443660.267863805987872, 4471599.785311054438353 ], [ 443660.278481777932029, 4471599.83884515427053 ], [ 443660.292004574963357, 4471599.891720244660974 ], [ 443660.308391917613335, 4471599.943778828717768 ], [ 443660.327594993868843, 4471599.994865843094885 ], [ 443660.349556604633108, 4471600.044829118065536 ], [ 443660.374211334157735, 4471600.093519830144942 ], [ 443660.401485744805541, 4471600.140792948193848 ], [ 443660.431298595911358, 4471600.186507662758231 ], [ 443784.850998595473357, 4471780.045107663609087 ], [ 443784.881977139331866, 4471780.087469053454697 ], [ 443784.915135386399925, 4471780.128146911971271 ], [ 443784.950382013688795, 4471780.167029205709696 ], [ 443784.987619946361519, 4471780.204008846543729 ], [ 443785.026746625255328, 4471780.238983987830579 ], [ 443785.067654289479833, 4471780.271858301945031 ], [ 443785.110230272752233, 4471780.302541247569025 ], [ 443785.15435731416801, 4471780.330948319286108 ], [ 443785.199913880904205, 4471780.357001279480755 ], [ 443785.246774502971675, 4471780.380628374405205 ], [ 443785.294810118910391, 4471780.401764530688524 ], [ 443785.343888430972584, 4471780.420351536944509 ], [ 443785.393874269793741, 4471780.436338201165199 ], [ 443785.444629966455977, 4471780.449680493213236 ], [ 443785.496015731885564, 4471780.460341666825116 ], [ 443785.547890041489154, 4471780.468292359262705 ], [ 443785.600110025319736, 4471780.473510673269629 ], [ 443785.652531861269381, 4471780.475982235744596 ], [ 443785.705011171405204, 4471780.47570024151355 ], [ 443785.757403419353068, 4471780.472665465436876 ], [ 443785.809564308612607, 4471780.466886267066002 ], [ 443785.861350179999135, 4471780.458378562703729 ], [ 443785.91261840693187, 4471780.447165783494711 ], [ 443785.96322778868489, 4471780.433278812095523 ], [ 443786.013038939097896, 4471780.416755894199014 ], [ 443786.06191467033932, 4471780.397642537020147 ], [ 443786.109720371023286, 4471780.37599138263613 ], [ 443786.15632437664317, 4471780.351862060837448 ], [ 443786.20159833249636, 4471780.325321028009057 ], [ 443786.245417546713725, 4471780.296441381797194 ], [ 443985.123617546865717, 4471641.60334138199687 ], [ 443985.143064351927023, 4471641.589431148022413 ], [ 444083.023332059092354, 4471569.791771759279072 ], [ 444136.483481880743057, 4471534.273827663622797 ], [ 444136.501456902362406, 4471534.261601705104113 ], [ 444220.590597479196731, 4471475.720343073830009 ], [ 444223.301171573402826, 4471473.833862937055528 ], [ 444240.629275778483134, 4471462.95000062789768 ], [ 444243.815327765594702, 4471461.88798329886049 ], [ 444243.816391916072462, 4471461.887627918273211 ], [ 444246.567992643103935, 4471460.966996297240257 ], [ 444257.024516409670468, 4471458.149389738216996 ], [ 444388.407785025599878, 4471438.27882831916213 ], [ 444463.757500687497668, 4471429.930020439438522 ], [ 444488.329576830728911, 4471427.208997412584722 ], [ 444508.384488066833001, 4471598.452018767595291 ], [ 444508.393261554068886, 4471598.511429753154516 ], [ 444508.405585555767175, 4471598.570206945762038 ], [ 444511.22558555600699, 4471610.260106943547726 ], [ 444514.795581639802549, 4471625.060090711340308 ], [ 444514.809927508234978, 4471625.113127136602998 ], [ 444514.827164572256152, 4471625.165295612066984 ], [ 444514.847240798932035, 4471625.216438661329448 ], [ 444514.870095584832598, 4471625.266401898115873 ], [ 444522.030090733896941, 4471639.846292020753026 ], [ 444540.440088432165794, 4471677.336087333969772 ], [ 444540.463261335564312, 4471677.380436087027192 ], [ 444540.488623654528055, 4471677.42357015889138 ], [ 444540.516111886769067, 4471677.465381549671292 ], [ 444541.535216855700128, 4471678.934091650880873 ], [ 444542.554325849981979, 4471680.41269890870899 ], [ 444542.555213296494912, 4471680.413984339684248 ], [ 444552.285121363005601, 4471694.483851400204003 ], [ 444575.235028939438052, 4471727.693417657166719 ], [ 444575.266146884998307, 4471727.736000373959541 ], [ 444575.299466625961941, 4471727.776883244514465 ], [ 444614.558771915268153, 4471773.434061970561743 ], [ 444644.698483136773575, 4471810.88100297190249 ], [ 444644.733361296413932, 4471810.922025141306221 ], [ 444644.770396940526552, 4471810.961110502481461 ], [ 444692.270196940808091, 4471858.460410501807928 ], [ 444692.300071376550477, 4471858.489072647877038 ], [ 444692.331106582423672, 4471858.516473679803312 ], [ 444907.830293346138205, 4472040.983662473969162 ], [ 444947.580178439617157, 4472074.643149851821363 ], [ 444979.890077639953233, 4472102.002649174071848 ], [ 445088.689722739334684, 4472194.121387360617518 ], [ 445088.730718665465247, 4472194.154287653043866 ], [ 445088.77338676515501, 4472194.184988279826939 ], [ 445088.817609142395668, 4472194.213404411450028 ], [ 445088.863263606675901, 4472194.239457532763481 ], [ 445088.910224010236561, 4472194.263075655326247 ], [ 445088.958360597142018, 4472194.284193519502878 ], [ 445089.007540361373685, 4472194.302752776071429 ], [ 445089.057627414527815, 4472194.318702143616974 ], [ 445089.10848336131312, 4472194.331997551955283 ], [ 445089.159967681975104, 4472194.342602265067399 ], [ 445089.21193812036654, 4472194.350486980751157 ], [ 445089.264251077198423, 4472194.355629912577569 ], [ 445089.3167620068416, 4472194.358016851358116 ], [ 445089.369325816573109, 4472194.357641200534999 ], [ 445089.421797267626971, 4472194.354503999464214 ], [ 445089.474031376361381, 4472194.348613915033638 ], [ 445089.525883814902045, 4472194.339987222105265 ], [ 445089.577211310097482, 4472194.32864775788039 ], [ 445089.6278720391565, 4472194.314626854844391 ], [ 445089.67772602167679, 4472194.297963252291083 ], [ 445089.726635506376624, 4472194.278702994808555 ], [ 445089.774465351656545, 4472194.256899300031364 ], [ 445089.821083399117924, 4472194.232612413354218 ], [ 445089.866360838641413, 4472194.205909442156553 ], [ 445089.910172564384993, 4472194.176864168606699 ], [ 445089.952397520362865, 4472194.145556848496199 ], [ 445089.992919035023078, 4472194.112073986791074 ], [ 445090.031625143485144, 4472194.07650809828192 ], [ 445090.068408897146583, 4472194.038957457058132 ], [ 445090.103168658912182, 4472193.999525818042457 ], [ 445226.49156865850091, 4472030.827325819060206 ], [ 445226.524147244519554, 4472030.786203620955348 ], [ 445226.554524331295397, 4472030.743429421447217 ], [ 445226.582616309053265, 4472030.699120954610407 ], [ 445226.608345857472159, 4472030.653400173410773 ], [ 445226.631642158550676, 4472030.606392920948565 ], [ 445226.652441091486253, 4472030.558228578418493 ], [ 445226.66481673810631, 4472030.524862353689969 ], [ 445270.722084324457683, 4471980.828678148798645 ], [ 445270.761305000341963, 4471980.781608262099326 ], [ 445270.887300883536227, 4471980.620613522827625 ], [ 445322.740625178674236, 4471934.034099266864359 ], [ 445367.293290085042827, 4471903.858734173700213 ], [ 445396.674144162330776, 4471885.00684283208102 ], [ 445422.924325924017467, 4471869.739485178142786 ], [ 445462.906864557997324, 4471848.983698162250221 ], [ 445492.63802545220824, 4471837.254283086396754 ], [ 445687.43450331047643, 4471774.838019867427647 ], [ 445730.743203006510157, 4471763.003131252713501 ], [ 445769.273407493601553, 4471752.452393252402544 ], [ 445769.282473152445164, 4471752.449864880181849 ], [ 446311.577973152510822, 4471598.451964880339801 ], [ 446311.614799804927316, 4471598.440736621618271 ], [ 446550.388828519789968, 4471520.585418197326362 ], [ 446747.515010931878351, 4471463.110125973820686 ], [ 446747.516143548302352, 4471463.109795016236603 ], [ 446946.325943548232317, 4471404.888995016925037 ], [ 446946.327770451956894, 4471404.888458125293255 ], [ 447123.829305624414701, 4471352.540531141683459 ], [ 447219.768139961292036, 4471324.521500779315829 ], [ 447219.817231630440801, 4471324.50577943213284 ], [ 447219.865447949443478, 4471324.487549256533384 ], [ 447219.912660800211597, 4471324.466858692467213 ], [ 447219.958744730975013, 4471324.44376271776855 ], [ 447220.003577289637178, 4471324.418322701007128 ], [ 447220.047039349214174, 4471324.390606242232025 ], [ 447220.089015424484387, 4471324.360686987638474 ], [ 447220.12939397856826, 4471324.328644435852766 ], [ 447220.168067719438113, 4471324.294563730247319 ], [ 447220.20493388507748, 4471324.258535427972674 ], [ 447220.239894516475033, 4471324.220655261538923 ], [ 447220.272856717812829, 4471324.181023885495961 ], [ 447220.303732903616037, 4471324.1397466044873 ], [ 447220.332441031059716, 4471324.096933100372553 ], [ 447220.358904818305746, 4471324.052697134204209 ], [ 447220.383053947007284, 4471324.00715624820441 ], [ 447220.404824249213561, 4471323.960431450977921 ], [ 447220.424157877918333, 4471323.912646898068488 ], [ 447220.441003460786305, 4471323.863929559476674 ], [ 447220.455316236475483, 4471323.814408885315061 ], [ 447220.467058173730038, 4471323.764216459356248 ], [ 447220.476198072428815, 4471323.71348564978689 ], [ 447220.482711646531243, 4471323.662351258099079 ], [ 447220.48658158845501, 4471323.610949154011905 ], [ 447220.487797615118325, 4471323.559415921568871 ], [ 447220.486356495413929, 4471323.507888493128121 ], [ 447220.482262058591004, 4471323.456503784283996 ], [ 447220.475525184185244, 4471323.405398332513869 ], [ 447220.466163773147855, 4471323.354707931168377 ], [ 447220.454202700115275, 4471323.30456727463752 ], [ 447220.439673747401685, 4471323.255109593272209 ], [ 447063.218573746737093, 4470834.970209593884647 ], [ 447063.211540587828495, 4470834.949169447645545 ], [ 447008.780540587904397, 4470677.92986944783479 ], [ 447008.764174311363604, 4470677.886003375984728 ], [ 446971.083674311579671, 4470583.68650337588042 ], [ 446971.060432759812102, 4470583.632983949966729 ], [ 446923.112641318817623, 4470481.485956334508955 ], [ 446984.632811663672328, 4470354.824196747504175 ], [ 446984.654601126268972, 4470354.776149888522923 ], [ 446984.673826348502189, 4470354.727020751684904 ], [ 446984.690433821408078, 4470354.676946075633168 ], [ 446984.704377321584616, 4470354.626065232791007 ], [ 446984.715618040412664, 4470354.574519840069115 ], [ 446984.724124691798352, 4470354.522453361190856 ], [ 446984.729873599368148, 4470354.470010712742805 ], [ 446984.732848762185313, 4470354.417337857186794 ], [ 446984.733041899686214, 4470354.364581397734582 ], [ 446984.730452474206686, 4470354.311888170428574 ], [ 446984.725087692844681, 4470354.259404836222529 ], [ 446984.716962487378623, 4470354.207277469336987 ], [ 446984.706099472474307, 4470354.155651155859232 ], [ 446984.69252888293704, 4470354.104669586755335 ], [ 446984.676288489659782, 4470354.054474657401443 ], [ 446984.657423494092654, 4470354.005206074565649 ], [ 446984.635986402863637, 4470353.957000966183841 ], [ 446984.61203688144451, 4470353.909993501380086 ], [ 446984.5856415880844, 4470353.864314515143633 ], [ 446984.556873988301959, 4470353.820091144181788 ], [ 446984.525814150401857, 4470353.777446475811303 ], [ 446984.49254852271406, 4470353.736499200575054 ], [ 446984.457169692788739, 4470353.697363287210464 ], [ 446984.419776129885577, 4470353.660147662274539 ], [ 446984.380471910815686, 4470353.624955905601382 ], [ 446984.33936643024208, 4470353.591885968111455 ], [ 446984.296574096253607, 4470353.561029891483486 ], [ 446984.25221401208546, 4470353.532473556697369 ], [ 446984.206409644160885, 4470353.506296444684267 ], [ 446984.159288479073439, 4470353.482571413740516 ], [ 446984.110981668171007, 4470353.4613644964993 ], [ 446984.06162366294302, 4470353.442734718322754 ], [ 446984.011351840686984, 4470353.426733930595219 ], [ 446871.812817717902362, 4470320.949000359512866 ], [ 446764.890080646495335, 4470289.69276503380388 ], [ 446507.15645776753081, 4470210.958729864098132 ], [ 446507.154299559537321, 4470210.958073222078383 ], [ 446303.418633873283397, 4470149.221813891083002 ], [ 446265.951960572681855, 4470137.574379165656865 ], [ 446151.139038887049537, 4470101.88693066034466 ], [ 445544.067728452268057, 4469904.347077273763716 ], [ 445544.008550368773285, 4469904.329818842932582 ], [ 445241.479950368928257, 4469826.133818842470646 ], [ 445241.476958477636799, 4469826.133050442673266 ], [ 444943.078158478019759, 4469749.987050442956388 ], [ 444943.027021300105844, 4469749.975420357659459 ], [ 444829.837621299608145, 4469727.336920359171927 ], [ 444829.805839865352027, 4469727.331096226349473 ], [ 444693.986439865955617, 4469704.702896226197481 ], [ 444693.941413564840332, 4469704.696443378925323 ], [ 444693.896140403114259, 4469704.692044759169221 ], [ 444621.176640402467456, 4469699.293044758029282 ], [ 444582.866198839677963, 4469696.473497332073748 ], [ 444582.820753889624029, 4469696.471190785989165 ], [ 444582.775251059269067, 4469696.470953993499279 ], [ 444449.354918417462613, 4469698.812700113281608 ], [ 444418.223887154308613, 4469698.813100001774728 ], [ 444418.167539793299511, 4469698.814689501188695 ], [ 444418.111371519742534, 4469698.819451501592994 ], [ 444337.481971519766375, 4469707.950551499612629 ], [ 444337.427304161712527, 4469707.958276295103133 ], [ 444327.637404162494931, 4469709.618476293981075 ] ] ], [ [ [ 441182.853799795673694, 4463569.025779270567 ], [ 441179.183644206670579, 4463567.662565190345049 ], [ 441176.138909500907175, 4463565.457747559994459 ], [ 441170.071864404191729, 4463558.949520372785628 ], [ 441170.055149539606646, 4463558.932019490748644 ], [ 441159.907349539222196, 4463548.561219491995871 ], [ 441159.872976209095214, 4463548.527736975811422 ], [ 441140.579176208993886, 4463530.61573697347194 ], [ 441140.534138652088586, 4463530.576366356573999 ], [ 441140.486827581829857, 4463530.539759122766554 ], [ 441121.597427582077216, 4463516.807159124873579 ], [ 441121.554457893711515, 4463516.777601591311395 ], [ 441121.51000562479021, 4463516.750324537046254 ], [ 441121.464191687584389, 4463516.725402155891061 ], [ 441121.417140698002186, 4463516.7029022378847 ], [ 441121.368980636529159, 4463516.682885984890163 ], [ 441121.319842500728555, 4463516.665407841093838 ], [ 441121.269859948311932, 4463516.650515347719193 ], [ 441121.219168933865149, 4463516.638249012641609 ], [ 441121.167907339171506, 4463516.628642201423645 ], [ 441121.116214597830549, 4463516.6217210451141 ], [ 441121.064231316326186, 4463516.617504368536174 ], [ 441121.012098891369533, 4463516.61600364279002 ], [ 441120.959959125320893, 4463516.617222947999835 ], [ 441120.907953840505797, 4463516.621158969588578 ], [ 441120.856224493472837, 4463516.627801000140607 ], [ 441120.804911790241022, 4463516.637130972929299 ], [ 441120.754155303526204, 4463516.649123511277139 ], [ 441120.704093093052506, 4463516.663745993748307 ], [ 441120.654861330229323, 4463516.680958647280931 ], [ 441120.606593927368522, 4463516.700714652426541 ], [ 441120.559422173944768, 4463516.72296027187258 ], [ 441120.513474379084073, 4463516.747634997591376 ], [ 441120.468875522667076, 4463516.774671711958945 ], [ 441120.425746915512718, 4463516.803996874019504 ], [ 441120.384205869224388, 4463516.835530718788505 ], [ 441120.344365377095528, 4463516.869187473319471 ], [ 440855.468533052247949, 4463752.740430733188987 ], [ 440561.714867931674235, 4463769.389741475693882 ], [ 440264.272836938558612, 4463746.707494998350739 ], [ 440264.22005910408916, 4463746.704870529472828 ], [ 440264.167216321220621, 4463746.705037692561746 ], [ 440264.114456147421151, 4463746.707996021024883 ], [ 440264.06192590954015, 4463746.713737254962325 ], [ 440264.009772292454727, 4463746.722245360724628 ], [ 440263.958140929229558, 4463746.733496582135558 ], [ 439847.071740928979125, 4463849.187796582467854 ], [ 439847.061786960752215, 4463849.190297110937536 ], [ 439674.477409996499773, 4463893.487838380970061 ], [ 439465.235823374765459, 4463905.534253148362041 ], [ 439465.184483652701601, 4463905.538538130000234 ], [ 439465.133432743197773, 4463905.545461479574442 ], [ 439465.082806141872425, 4463905.555004820227623 ], [ 439465.032738218200393, 4463905.56714282464236 ], [ 439464.983361858874559, 4463905.581843276508152 ], [ 439464.934808115125634, 4463905.599067158065736 ], [ 439464.887205854756758, 4463905.618768755346537 ], [ 439464.840681420231704, 4463905.640895777381957 ], [ 439464.795358293456957, 4463905.665389496833086 ], [ 439464.751356767781544, 4463905.692184904590249 ], [ 439464.70879362890264, 4463905.72121088206768 ], [ 439464.667781844735146, 4463905.752390389330685 ], [ 439464.628430265991483, 4463905.785640672780573 ], [ 439464.59084333665669, 4463905.820873483084142 ], [ 439464.555120817327406, 4463905.857995306141675 ], [ 439464.521357520134188, 4463905.896907616406679 ], [ 439464.489643057167996, 4463905.937507134862244 ], [ 439464.460061602760106, 4463905.979686107486486 ], [ 439464.432691669731867, 4463906.023332583718002 ], [ 439464.407605901535135, 4463906.068330720998347 ], [ 439464.384870878944639, 4463906.114561088383198 ], [ 439464.364546943630558, 4463906.161900985054672 ], [ 439464.346688037971035, 4463906.21022476349026 ], [ 439464.331341561686713, 4463906.259404167532921 ], [ 439464.318548246403225, 4463906.309308668598533 ], [ 439464.308342047152109, 4463906.359805813059211 ], [ 439464.300750052498188, 4463906.410761576145887 ], [ 439435.213160035724286, 4464143.371195291168988 ], [ 439306.95929944794625, 4464413.757592109031975 ], [ 438823.478084761300124, 4464722.588556440547109 ], [ 438823.438595859799534, 4464722.61512454226613 ], [ 438823.40041582158301, 4464722.643541474826634 ], [ 438823.363631133805029, 4464722.673742867074907 ], [ 438823.32832512242021, 4464722.705660305917263 ], [ 438823.294577764172573, 4464722.739221491850913 ], [ 438611.020177763712127, 4464944.136621492914855 ], [ 438528.739978119847365, 4465029.952921121381223 ], [ 438528.699750934378244, 4465029.997480716556311 ], [ 438528.662270009168424, 4465030.044373830780387 ], [ 438528.627670417481568, 4465030.09343147277832 ], [ 438422.839970418193843, 4465190.074731472879648 ], [ 438422.811680605285801, 4465190.12010558322072 ], [ 438422.785856555972714, 4465190.1669269669801 ], [ 438422.762572104344144, 4465190.215061753988266 ], [ 438422.741893823491409, 4465190.264372321777046 ], [ 438422.723880835168529, 4465190.314717686735094 ], [ 438422.708584640698973, 4465190.365953902713954 ], [ 438422.696048973826692, 4465190.417934481054544 ], [ 438422.686309675627854, 4465190.470510801300406 ], [ 438422.679394591832533, 4465190.523532543331385 ], [ 438422.675323493604083, 4465190.576848109252751 ], [ 438422.674108020728454, 4465190.630305064842105 ], [ 438422.675751648319419, 4465190.683750568889081 ], [ 438422.680249677097891, 4465190.737031814642251 ], [ 438469.170449676923454, 4465608.000131814740598 ], [ 438508.174460445705336, 4465956.101429669186473 ], [ 438553.178691022796556, 4466361.598500072024763 ], [ 438653.98940717097139, 4467336.197889145463705 ], [ 438653.990457295032684, 4467336.207579639740288 ], [ 438711.79625729523832, 4467846.409179637208581 ], [ 438711.796465535240714, 4467846.411002637818456 ], [ 438767.901220525032841, 4468333.606033220887184 ], [ 438784.426059836579952, 4468495.644654663279653 ], [ 438792.929251154710073, 4468579.025144005194306 ], [ 438575.987810358521529, 4468561.412272982299328 ], [ 438265.081316392286681, 4468471.881398187950253 ], [ 437971.78503961651586, 4468341.411722354590893 ], [ 437971.740802462329157, 4468341.393300553783774 ], [ 437971.69573358685011, 4468341.377019122242928 ], [ 437971.649936481087934, 4468341.362915446981788 ], [ 437667.843129859073088, 4468255.715961979702115 ], [ 437290.796620000561234, 4468147.479619395919144 ], [ 437290.792602699657436, 4468147.478475251235068 ], [ 436879.864902699773666, 4468031.37177525088191 ], [ 436879.849896681844257, 4468031.367661126889288 ], [ 436599.748729058832396, 4467956.911777294240892 ], [ 436285.698003192665055, 4467868.659103467129171 ], [ 435940.840506133332383, 4467763.684939668513834 ], [ 435940.818414074135944, 4467763.678491689264774 ], [ 435939.57871407433413, 4467763.332091690041125 ], [ 435660.630176538194064, 4467685.430553269572556 ], [ 435660.580732532485854, 4467685.418094819411635 ], [ 435660.530717759218533, 4467685.408172866329551 ], [ 435660.480262252851389, 4467685.400813207961619 ], [ 435660.429497193836141, 4467685.396034978330135 ], [ 435660.378554567403626, 4467685.393850600346923 ], [ 435660.327566820487846, 4467685.394265754148364 ], [ 435660.276666517194826, 4467685.397279359400272 ], [ 435660.225985994387884, 4467685.40288358181715 ], [ 435660.175657017622143, 4467685.411063849925995 ], [ 435660.125810438243207, 4467685.421798896044493 ], [ 435337.111895356618334, 4467763.654145499691367 ], [ 434936.378982950642239, 4467858.717102831229568 ], [ 434936.320649064669851, 4467858.732816480100155 ], [ 434521.4045339851873, 4467984.059723519720137 ], [ 434481.227433218213264, 4467980.195692972280085 ], [ 434481.174851193092763, 4467980.192031446844339 ], [ 434481.122149282135069, 4467980.191145609132946 ], [ 434481.069473905663472, 4467980.193037921562791 ], [ 434481.016971410484985, 4467980.197703125886619 ], [ 434480.964787663018797, 4467980.205128260888159 ], [ 434480.913067644112743, 4467980.215292696841061 ], [ 434480.861955046246294, 4467980.228168196044862 ], [ 434480.811591874342412, 4467980.243718985468149 ], [ 434480.762118051177822, 4467980.261901860125363 ], [ 434480.71367102873046, 4467980.282666305080056 ], [ 434480.666385406220797, 4467980.305954628624022 ], [ 434480.620392556127626, 4467980.331702130846679 ], [ 434480.575820259342436, 4467980.359837277792394 ], [ 434480.532792349928059, 4467980.390281901694834 ], [ 434480.491428371344227, 4467980.422951419837773 ], [ 434480.451843244140036, 4467980.457755066454411 ], [ 434480.414146946684923, 4467980.49459614790976 ], [ 434480.378444209811278, 4467980.533372309990227 ], [ 434480.344834225543309, 4467980.57397582102567 ], [ 434480.313410371600185, 4467980.616293872706592 ], [ 434480.284259952255525, 4467980.660208894871175 ], [ 434480.257463955320418, 4467980.705598879605532 ], [ 434480.233096827520058, 4467980.752337720245123 ], [ 434480.2112262675073, 4467980.800295563414693 ], [ 434480.191913037677296, 4467980.849339169450104 ], [ 434480.175210795539897, 4467980.899332281202078 ], [ 434480.161165944475215, 4467980.950136004015803 ], [ 434480.149817505036481, 4467981.001609192229807 ], [ 434480.141197006334551, 4467981.053608837537467 ], [ 434480.135328398435377, 4467981.105990471318364 ], [ 434480.132227985945065, 4467981.158608563244343 ], [ 434480.131904382724315, 4467981.211316924542189 ], [ 434480.134358487732243, 4467981.263969118706882 ], [ 434480.139583482930902, 4467981.316418861970305 ], [ 434480.147564851737116, 4467981.368520434014499 ], [ 434480.158280419767834, 4467981.420129084028304 ], [ 434480.171700416132808, 4467981.471101427450776 ], [ 434480.187787556438707, 4467981.521295850165188 ], [ 434480.20649714616593, 4467981.570572897791862 ], [ 434480.227777204883751, 4467981.618795664049685 ], [ 434480.251568610721733, 4467981.665830174461007 ], [ 434480.277805264631752, 4467981.711545753292739 ], [ 434480.306414273858536, 4467981.755815389566123 ], [ 434480.337316154735163, 4467981.798516090959311 ], [ 434480.370425053290091, 4467981.839529221877456 ], [ 434480.405648983607534, 4467981.878740838728845 ], [ 434555.759348983468954, 4468061.441540839150548 ], [ 434555.795347003848292, 4468061.477658843621612 ], [ 434555.833139415539335, 4468061.511894810013473 ], [ 434555.872627944627311, 4468061.544159710407257 ], [ 434555.913709906395525, 4468061.574369644746184 ], [ 434555.956278472673148, 4468061.602446056902409 ], [ 434556.000222949427553, 4468061.628315937705338 ], [ 434556.045429065008648, 4468061.65191201493144 ], [ 434556.091779266716912, 4468061.673172930255532 ], [ 434574.60647193348268, 4468069.600923943333328 ], [ 434708.614831624727231, 4468226.682023481465876 ], [ 434900.845243649091572, 4468452.001037575304508 ], [ 434900.878039182338398, 4468452.037618733011186 ], [ 434900.912591814878397, 4468452.072544993832707 ], [ 434900.948818146251142, 4468452.105732054449618 ], [ 434900.986630735977087, 4468452.137099810875952 ], [ 434901.025938314734958, 4468452.166572550311685 ], [ 435160.521408415923361, 4468636.954752991907299 ], [ 435320.320440139097627, 4468759.193571590818465 ], [ 435291.192439147329424, 4468824.622797937132418 ], [ 435291.188135849835817, 4468824.632605301216245 ], [ 435228.730235850031022, 4468969.073605299927294 ], [ 435228.711047963588499, 4468969.121310249902308 ], [ 435228.694337583787274, 4468969.169938435778022 ], [ 435228.68014889198821, 4468969.219361287541687 ], [ 435228.668519402155653, 4468969.269448134116828 ], [ 435228.659479861962609, 4468969.320066549815238 ], [ 435228.653054171358235, 4468969.371082701720297 ], [ 435226.033354171668179, 4468995.59108270239085 ], [ 435226.029581149516162, 4468995.641910870559514 ], [ 435226.028402797412127, 4468995.692865259945393 ], [ 435226.029822176380549, 4468995.743813505396247 ], [ 435226.033835599257145, 4468995.794623255729675 ], [ 435226.04043264023494, 4468995.845162522047758 ], [ 435288.533732640440576, 4469395.045562522485852 ], [ 435288.537269611551892, 4469395.066674884408712 ], [ 435324.408969611627981, 4469595.966774882748723 ], [ 435324.419437263219152, 4469596.017708151601255 ], [ 435324.432538285618648, 4469596.06802845466882 ], [ 435324.448237256729044, 4469596.117599735967815 ], [ 435324.466491730185226, 4469596.166287967003882 ], [ 435324.487252350023482, 4469596.213961505331099 ], [ 435324.510462984384503, 4469596.260491454042494 ], [ 435324.536060877086129, 4469596.305752005428076 ], [ 435324.563976817240473, 4469596.349620785564184 ], [ 435324.594135326566175, 4469596.391979184933007 ], [ 435324.62645486346446, 4469596.43271267414093 ], [ 435324.660848043393344, 4469596.471711120568216 ], [ 435324.697221874957904, 4469596.508869080804288 ], [ 435324.735478011891246, 4469596.544086087495089 ], [ 435324.775513018248603, 4469596.577266924083233 ], [ 435324.817218648677226, 4469596.608321876265109 ], [ 435324.860482140793465, 4469596.637166976928711 ], [ 435324.905186519958079, 4469596.663724238052964 ], [ 435324.95121091598412, 4469596.687921853736043 ], [ 435324.998430889390875, 4469596.709694399498403 ], [ 435325.046718768251594, 4469596.728983007371426 ], [ 435325.095943993248511, 4469596.745735525153577 ], [ 435480.791240161750466, 4469645.253934809006751 ], [ 435576.647760684893001, 4469682.720283580012619 ], [ 435662.217598131741397, 4469716.164303086698055 ], [ 435658.0701549166115, 4469747.66767549328506 ], [ 435658.064764948328957, 4469747.718702326528728 ], [ 435658.061999436817132, 4469747.769938460551202 ], [ 435658.061865663214121, 4469747.82124900072813 ], [ 435658.064363979559857, 4469747.872498857788742 ], [ 435658.069487808446866, 4469747.923553101718426 ], [ 435658.077223659842275, 4469747.974277317523956 ], [ 435659.837236410123296, 4469757.813789536245167 ], [ 435664.187349672603887, 4469782.273301834240556 ], [ 435664.195859536994249, 4469782.31578909419477 ], [ 435668.456023739883676, 4469801.425628520548344 ], [ 435674.01618820783915, 4469826.405468886718154 ], [ 435674.031625982548576, 4469826.465878648683429 ], [ 435674.050798535114154, 4469826.525208889506757 ], [ 435688.74099853518419, 4469867.56520888954401 ], [ 435688.758283826522529, 4469867.610069695860147 ], [ 435688.777705233893357, 4469867.654047896154225 ], [ 435702.567905233590864, 4469896.953947897069156 ], [ 435718.178139554802328, 4469930.113920809701085 ], [ 435718.204057604656555, 4469930.165112191811204 ], [ 435718.232869070023298, 4469930.214732776395977 ], [ 435718.264479094825219, 4469930.262619196437299 ], [ 435758.68457909458084, 4469987.832319197244942 ], [ 435758.713338530040346, 4469987.871242797002196 ], [ 435758.743947472656146, 4469987.908729385584593 ], [ 435758.776334231428336, 4469987.944691165350378 ], [ 435758.810422951704822, 4469987.979043907485902 ], [ 435758.846133792772889, 4469988.011707152239978 ], [ 435829.096033792942762, 4470049.211107151582837 ], [ 435829.137008107150905, 4470049.244930677115917 ], [ 435829.179721038322896, 4470049.276530214585364 ], [ 435829.224052010918967, 4470049.305816562846303 ], [ 435829.269875881902408, 4470049.332707046531141 ], [ 435829.31706329388544, 4470049.357125757262111 ], [ 435829.365481040324084, 4470049.379003763198853 ], [ 435829.414992441481445, 4470049.398279302753508 ], [ 435829.46545773051912, 4470049.414897964335978 ], [ 435829.516734447563067, 4470049.428812833502889 ], [ 435829.568677842325997, 4470049.43998462986201 ], [ 435829.62114128243411, 4470049.448381816036999 ], [ 435829.673976667574607, 4470049.453980688005686 ], [ 435829.727034847426694, 4470049.456765440292656 ], [ 435829.780166042677592, 4470049.456728211604059 ], [ 435829.833220267901197, 4470049.453869107179344 ], [ 435829.8860477549606, 4470049.448196197859943 ], [ 435829.938499375944957, 4470049.439725498668849 ], [ 435829.990427063661627, 4470049.428480920381844 ], [ 435830.041684230265673, 4470049.41449420619756 ], [ 435830.092126180592459, 4470049.39780484046787 ], [ 435830.141610520717222, 4470049.378459935076535 ], [ 435830.189997560111806, 4470049.356514099054039 ], [ 435830.237150705710519, 4470049.332029283978045 ], [ 435830.282936847768724, 4470049.305074609816074 ], [ 435830.327226735418662, 4470049.275726165622473 ], [ 435830.369895341573283, 4470049.244066801853478 ], [ 435830.410822215955704, 4470049.210185889154673 ], [ 435830.449891825090162, 4470049.174179071560502 ], [ 435830.486993878381327, 4470049.136147992685437 ], [ 435830.522023639467079, 4470049.096200012601912 ], [ 435830.554882221971639, 4470049.054447900503874 ], [ 435830.904882222530432, 4470048.584547901526093 ], [ 435830.913821894617286, 4470048.572354407981038 ], [ 435865.882339585514273, 4470000.112091243267059 ], [ 435867.849792254797649, 4469998.193098000250757 ], [ 435897.867102730902843, 4469969.003902241587639 ], [ 435915.072684719518293, 4469954.991488320752978 ], [ 435922.560767476679757, 4469948.885487561114132 ], [ 435972.044174465117976, 4469916.814666591584682 ], [ 436005.936980787490029, 4469894.834483599290252 ], [ 436033.313879366847686, 4469881.140560841187835 ], [ 436036.084761501522735, 4469880.346112116239965 ], [ 436044.884511211246718, 4469877.826055156067014 ], [ 436061.884308189852163, 4469872.955827378667891 ], [ 436061.934579059074167, 4469872.939980381168425 ], [ 436061.983945098181721, 4469872.921506566926837 ], [ 436062.032269154151436, 4469872.900457261130214 ], [ 436062.079416968859732, 4469872.876890946179628 ], [ 436062.12525755201932, 4469872.850873095914721 ], [ 436062.169663545442745, 4469872.822475994005799 ], [ 436062.212511576421093, 4469872.791778536513448 ], [ 436062.253682600799948, 4469872.75886601023376 ], [ 436062.29306223365711, 4469872.723829856142402 ], [ 436062.330541067058221, 4469872.686767412349582 ], [ 436062.366014974017162, 4469872.647781651467085 ], [ 436062.399385397846345, 4469872.606980886310339 ], [ 436062.43055962579092, 4469872.564478472806513 ], [ 436062.459451047005132, 4469872.520392496138811 ], [ 436062.485979392775334, 4469872.474845437332988 ], [ 436062.510070959688164, 4469872.427963841706514 ], [ 436062.531658814521506, 4469872.379877958446741 ], [ 436062.550682979868725, 4469872.330721384845674 ], [ 436062.567090601311065, 4469872.280630690976977 ], [ 436062.580836093577091, 4469872.229745043441653 ], [ 436062.591881267842837, 4469872.178205818869174 ], [ 436062.600195437436923, 4469872.126156205311418 ], [ 436062.605755503114779, 4469872.073740813881159 ], [ 436062.608546017552726, 4469872.021105268038809 ], [ 436062.60855922778137, 4469871.968395804986358 ], [ 436062.605795097188093, 4469871.915758867748082 ], [ 436062.600261305226013, 4469871.863340695388615 ], [ 436062.591973226401024, 4469871.811286921612918 ], [ 436062.580953887430951, 4469871.759742165915668 ], [ 436062.567233903158922, 4469871.708849635906518 ], [ 436062.550851391628385, 4469871.658750724047422 ], [ 436062.531851868261583, 4469871.609584620222449 ], [ 436062.510288118966855, 4469871.56148792244494 ], [ 436057.401932092558127, 4469860.927578009665012 ], [ 436158.97007183165988, 4469802.373592674732208 ], [ 436265.197277058672626, 4469743.29561607632786 ], [ 436277.894960982026532, 4469747.793243117630482 ], [ 436306.243449042551219, 4469785.88888693600893 ], [ 436306.277061932487413, 4469785.93158392328769 ], [ 436306.312944502104074, 4469785.972392013296485 ], [ 436306.350990795472171, 4469786.011190706863999 ], [ 436306.39108846714953, 4469786.047865436412394 ], [ 436306.433119114488363, 4469786.08230790682137 ], [ 436306.476958626764826, 4469786.114416413009167 ], [ 436306.5224775520619, 4469786.144096145406365 ], [ 436332.712377552641556, 4469802.223896145820618 ], [ 436332.713651849189773, 4469802.22467721439898 ], [ 436338.013735733984504, 4469805.467869340442121 ], [ 436356.915627789276186, 4469842.377319545485079 ], [ 436356.93787451647222, 4469842.41836912650615 ], [ 436356.962013090378605, 4469842.458335540257394 ], [ 436356.987990888999775, 4469842.497131660580635 ], [ 436357.015751281112898, 4469842.534672912210226 ], [ 436372.385914836719166, 4469862.336005887016654 ], [ 436376.999877666530665, 4469869.65460610948503 ], [ 436377.025771240063477, 4469869.693622316233814 ], [ 436377.053462924493942, 4469869.731383567675948 ], [ 436377.082891999161802, 4469869.767807063646615 ], [ 436450.755728310206905, 4469956.705134659074247 ], [ 436452.041270065354183, 4469958.510781094431877 ], [ 436452.042003613023553, 4469958.511810044758022 ], [ 436454.162103613023646, 4469961.48171004280448 ], [ 436454.186863566050306, 4469961.514917947351933 ], [ 436454.212977535091341, 4469961.547071964479983 ], [ 436465.072969882574398, 4469974.366962932050228 ], [ 436581.643150847055949, 4470111.986040459945798 ], [ 436581.649005372775719, 4470111.992889326997101 ], [ 436627.178996629663743, 4470164.772479192353785 ], [ 436690.639084092399571, 4470238.34196465741843 ], [ 436690.672705939563457, 4470238.379025786183774 ], [ 436690.708139634341933, 4470238.414358620531857 ], [ 436690.745296452310868, 4470238.447874687612057 ], [ 436690.78408335451968, 4470238.479490065947175 ], [ 436690.82440322014736, 4470238.509125590324402 ], [ 436690.866155090101529, 4470238.53670705575496 ], [ 436690.909234419523273, 4470238.562165400013328 ], [ 436690.953533339605201, 4470238.585436875000596 ], [ 436739.414776964171324, 4470262.515997419133782 ], [ 436801.592016043607146, 4470300.179389915429056 ], [ 436843.387622171372641, 4470333.609493808820844 ], [ 436868.476345867791679, 4470362.897660851478577 ], [ 436868.515321486978792, 4470362.940577262081206 ], [ 436868.556718574720435, 4470362.981162952259183 ], [ 436868.600397998816334, 4470363.019281518645585 ], [ 436882.940397998667322, 4470374.819181518629193 ], [ 436882.971178448118735, 4470374.843512887135148 ], [ 436917.341078448342159, 4470400.933212887495756 ], [ 436917.395858078438323, 4470400.971968736499548 ], [ 436940.865758078347426, 4470416.421768735162914 ], [ 436940.917962389357854, 4470416.45388504024595 ], [ 436955.227862389117945, 4470424.663785039447248 ], [ 436955.26709180988837, 4470424.685141767375171 ], [ 436955.307235781103373, 4470424.704725404269993 ], [ 436955.348214213212486, 4470424.722496881149709 ], [ 436969.658214213734027, 4470430.552296882495284 ], [ 436969.70515717251692, 4470430.570061014965177 ], [ 436969.752932332630735, 4470430.585447368212044 ], [ 437021.945701683463994, 4470445.95998952537775 ], [ 437069.297141510236543, 4470461.7336511220783 ], [ 437032.940900998481084, 4470527.411294583231211 ], [ 437032.916852027585264, 4470527.457544589415193 ], [ 437032.895245872379746, 4470527.504984974861145 ], [ 437032.876141245826147, 4470527.553486824035645 ], [ 437032.859590063046198, 4470527.602918336167932 ], [ 437032.845637300575618, 4470527.653145186603069 ], [ 437032.834320873778779, 4470527.704030888155103 ], [ 437032.825671534228604, 4470527.755437161773443 ], [ 437032.819712785654701, 4470527.807224316522479 ], [ 437032.816460820497014, 4470527.859251624904573 ], [ 437032.815924475726206, 4470527.911377707496285 ], [ 437032.8181052088039, 4470527.96346091479063 ], [ 437032.82299709378276, 4470528.015359715558589 ], [ 437032.830586837313604, 4470528.066933079622686 ], [ 437032.840853814966977, 4470528.118040860630572 ], [ 437032.853770127112512, 4470528.168544176965952 ], [ 437032.869300674647093, 4470528.218305790796876 ], [ 437032.887403254688252, 4470528.267190478742123 ], [ 437032.908028675010428, 4470528.315065399743617 ], [ 437032.931120887747966, 4470528.361800460144877 ], [ 437032.956617141724564, 4470528.407268659211695 ], [ 437032.98444815305993, 4470528.451346441172063 ], [ 437033.014538293238729, 4470528.493914029560983 ], [ 437033.046805794874672, 4470528.534855749458075 ], [ 437033.081162973772734, 4470528.574060345068574 ], [ 437033.11751646711491, 4470528.611421282403171 ], [ 437102.937416467582807, 4470596.720721282064915 ], [ 437102.967687266413122, 4470596.749049842357635 ], [ 437233.067887265700847, 4470713.538149842061102 ], [ 437233.107996592589188, 4470713.572291276417673 ], [ 437233.14984797174111, 4470713.604273422621191 ], [ 437233.193325291038491, 4470713.634007550776005 ], [ 437233.238307927269489, 4470713.661411165259778 ], [ 437233.284671080764383, 4470713.686408237554133 ], [ 437233.332286121847574, 4470713.708929416723549 ], [ 437233.381020947475918, 4470713.728912219405174 ], [ 437233.430740348005202, 4470713.746301205828786 ], [ 437446.617201429908164, 4470782.06072295922786 ], [ 437479.621132892149035, 4470793.642247268930078 ], [ 437549.336929923156276, 4470847.669916757382452 ], [ 437626.010321311769076, 4470912.225280509330332 ], [ 437656.659014349686913, 4470938.223887015134096 ], [ 437724.559152985864785, 4470995.803434994071722 ], [ 437738.31601519981632, 4471007.480671546421945 ], [ 437851.133180308504961, 4471104.757640928961337 ], [ 437890.63307060819352, 4471138.817432563751936 ], [ 437890.643516050593462, 4471138.82631528750062 ], [ 438034.553216050320771, 4471259.515715288929641 ], [ 438155.322929513989948, 4471360.795226578600705 ], [ 438155.332161749829538, 4471360.802875093184412 ], [ 438254.451961750281043, 4471441.922375093214214 ], [ 438323.981784327828791, 4471498.822093571536243 ], [ 438324.042752346140333, 4471498.868211074732244 ], [ 438495.222210747364443, 4471618.347282039932907 ], [ 438552.888654303969815, 4471658.604638882912695 ], [ 438665.629576644219924, 4471738.677804633043706 ], [ 438773.913858173764311, 4471817.793245751410723 ], [ 438816.063857937522698, 4471848.573191665112972 ], [ 438816.085622519196477, 4471848.588644092902541 ], [ 438860.61552251962712, 4471879.318444094620645 ], [ 439038.660049163445365, 4472002.154081900604069 ], [ 439073.575018156145234, 4472026.870391238480806 ], [ 439133.9050694173784, 4472069.550169048830867 ], [ 439133.936124719504733, 4472069.57127523329109 ], [ 439170.486024719546549, 4472093.421075233258307 ], [ 439254.306020316435024, 4472148.118053323589265 ], [ 439332.482436418591533, 4472363.634099210612476 ], [ 439332.501780268910807, 4472363.68332451954484 ], [ 439332.523699663055595, 4472363.731458247639239 ], [ 439332.54813328536693, 4472363.778365748934448 ], [ 439332.575012787361629, 4472363.823915809392929 ], [ 439332.604262978537008, 4472363.867981010116637 ], [ 439332.63580203690799, 4472363.91043808683753 ], [ 439332.669541737705003, 4472363.951168274506927 ], [ 439332.705387700465508, 4472363.990057637915015 ], [ 439332.743239652656484, 4472364.026997390203178 ], [ 439332.78299171035178, 4472364.061884200200438 ], [ 439332.824532674567308, 4472364.094620477408171 ], [ 439332.867746342148166, 4472364.125114649534225 ], [ 439332.912511830800213, 4472364.153281414881349 ], [ 439332.95870391727658, 4472364.179041979834437 ], [ 439333.006193387787789, 4472364.202324287034571 ], [ 439333.054847399296705, 4472364.223063205368817 ], [ 439333.10452985111624, 4472364.241200723685324 ], [ 439333.155101765820291, 4472364.256686105392873 ], [ 439333.206421677779872, 4472364.269476032815874 ], [ 439333.258346028975211, 4472364.279534728266299 ], [ 439333.310729570686817, 4472364.286834053695202 ], [ 439333.363425769552123, 4472364.29135359171778 ], [ 439333.416287217638455, 4472364.293080699630082 ], [ 439333.469166044844314, 4472364.292010545730591 ], [ 439333.521914332464803, 4472364.288146124221385 ], [ 439333.574384526757058, 4472364.281498244032264 ], [ 439333.626429852098227, 4472364.272085502743721 ], [ 439333.677904721349478, 4472364.259934229776263 ], [ 439333.728665142902173, 4472364.245078415609896 ], [ 439333.77856912399875, 4472364.227559618651867 ], [ 439333.827477067301515, 4472364.207426842302084 ], [ 439333.875252162164543, 4472364.184736405499279 ], [ 439405.364752161374781, 4472327.884036405943334 ], [ 439405.416128522600047, 4472327.856028642505407 ], [ 439405.465778765443247, 4472327.8250638442114 ], [ 439405.513532888959162, 4472327.79124803468585 ], [ 439405.559227384685073, 4472327.754696996882558 ], [ 439456.62872738490114, 4472284.394196996465325 ], [ 439456.674336001393385, 4472284.352995190769434 ], [ 439456.717327267455403, 4472284.309069278649986 ], [ 439478.887127267720643, 4472260.218869280070066 ], [ 439478.90706941857934, 4472260.196537832729518 ], [ 439516.465956498112064, 4472216.84861737024039 ], [ 439564.613626629230566, 4472164.852699267677963 ], [ 439630.062089541286696, 4472102.289808790199459 ], [ 439679.098387489560992, 4472066.704374653287232 ], [ 439722.125674813636579, 4472042.75315027218312 ], [ 439772.450823650928214, 4472014.733123265206814 ], [ 439849.582223034463823, 4471983.645800047554076 ], [ 439896.660369418154005, 4471964.668219567276537 ], [ 439971.527570486243349, 4471940.268078777007759 ], [ 439971.529835650231689, 4471940.267337544821203 ], [ 440200.358335650060326, 4471865.085537545382977 ], [ 440200.408139764389489, 4471865.067701485008001 ], [ 440200.456930963264313, 4471865.047256588935852 ], [ 440200.50457270082552, 4471865.024260073900223 ], [ 440200.550931648002006, 4471864.998776297084987 ], [ 440200.595878065912984, 4471864.970876576378942 ], [ 440200.639286168618128, 4471864.940638992935419 ], [ 440200.681034475041088, 4471864.908148166723549 ], [ 440221.030802501947619, 4471848.188074436970055 ], [ 440307.240171190002002, 4471777.367300158366561 ], [ 440307.275926084141247, 4471777.336485954932868 ], [ 440307.310187094553839, 4471777.304018882103264 ], [ 440307.342877890099771, 4471777.269971275702119 ], [ 440390.112177889852319, 4471686.88927127700299 ], [ 440390.152355287456885, 4471686.842590904794633 ], [ 440390.189582820166834, 4471686.793525732122362 ], [ 440628.277382820902858, 4471352.071225729770958 ], [ 440751.356251183722634, 4471179.042345331050456 ], [ 440959.264670951524749, 4470942.845056586898863 ], [ 441041.78463082498638, 4470851.885512182489038 ], [ 441251.036908760783263, 4470621.232551264576614 ], [ 441453.633645940280985, 4470422.678095827810466 ], [ 441453.671310518460814, 4470422.639126423746347 ], [ 441453.706808561284561, 4470422.598173719830811 ], [ 441453.7400358026498, 4470422.555358006618917 ], [ 441453.770894646295346, 4470422.510805041529238 ], [ 441453.799294452765025, 4470422.464645687490702 ], [ 441470.701594452897552, 4470393.247145688161254 ], [ 441470.729969576233998, 4470393.194527657702565 ], [ 441470.755149826873094, 4470393.140308106318116 ], [ 441480.099749826418702, 4470371.33550810534507 ], [ 441480.119559185521211, 4470371.285628555342555 ], [ 441488.914359185728244, 4470347.281928554177284 ], [ 441500.641069404024165, 4470315.215454261749983 ], [ 441500.656820086354855, 4470315.168862977996469 ], [ 441500.670260977756698, 4470315.121553633362055 ], [ 441500.681359566980973, 4470315.073640660382807 ], [ 441514.78945956681855, 4470246.544240659102798 ], [ 441514.798175854259171, 4470246.49592475220561 ], [ 441519.7450758551131, 4470214.613224753178656 ], [ 441519.745790795772336, 4470214.608543851412833 ], [ 441523.959790795401204, 4470186.573843851685524 ], [ 441523.966536365507636, 4470186.518517885357141 ], [ 441523.970189025800209, 4470186.462902029976249 ], [ 441524.702170811535325, 4470167.061788736842573 ], [ 441526.539445006288588, 4470144.459409584291279 ], [ 441529.424142485717312, 4470129.756640002131462 ], [ 441535.268924851319753, 4470117.54368410538882 ], [ 441535.280582810752094, 4470117.51842800155282 ], [ 441544.110382811166346, 4470097.6683280011639 ], [ 441544.132195029582363, 4470097.615239850245416 ], [ 441553.120698697632179, 4470073.817469833418727 ], [ 441567.197540899156593, 4470050.157045237720013 ], [ 441581.026850349153392, 4470035.599396524950862 ], [ 441600.246020533144474, 4470017.478082178160548 ], [ 441600.282416160858702, 4470017.441958522424102 ], [ 441600.316912151698489, 4470017.404016635380685 ], [ 441600.349417796474881, 4470017.36435628682375 ], [ 441600.379847619566135, 4470017.3230817662552 ], [ 441600.408121604064945, 4470017.280301607213914 ], [ 441600.434165401791688, 4470017.236128303222358 ], [ 441607.76326540246373, 4470004.043228304944932 ], [ 441607.787400105851702, 4470003.996982431039214 ], [ 441607.809090386726893, 4470003.949540926143527 ], [ 441607.828277222230099, 4470003.901032884605229 ], [ 441607.844908401777502, 4470003.85159030649811 ], [ 441607.858938669261988, 4470003.801347731612623 ], [ 441607.870329845987726, 4470003.750441879034042 ], [ 441607.879050934570841, 4470003.699011271819472 ], [ 441610.627350934664719, 4469984.459511270746589 ], [ 441610.633522010757588, 4469984.406082613393664 ], [ 441610.636811601114459, 4469984.352399448864162 ], [ 441610.637210190005135, 4469984.298617065884173 ], [ 441610.634716624394059, 4469984.244891041889787 ], [ 441609.177695109858178, 4469964.39606614317745 ], [ 441612.257722648151685, 4469946.82031970191747 ], [ 441651.694741878192872, 4469830.509710076265037 ], [ 441651.714408207917586, 4469830.444481302984059 ], [ 441658.399108208075631, 4469805.189981303177774 ], [ 441658.409599136677571, 4469805.146424864418805 ], [ 441658.418128608900588, 4469805.10244224127382 ], [ 441658.424679503950756, 4469805.058121718466282 ], [ 441660.652779503841884, 4469787.231421718373895 ], [ 441660.657656759722158, 4469787.182755138725042 ], [ 441660.660148593655322, 4469787.133908292278647 ], [ 441660.660249044594821, 4469787.084998032078147 ], [ 441660.657957872201223, 4469787.036141362041235 ], [ 441659.172157872410025, 4469766.238341361284256 ], [ 441659.165319727209862, 4469766.172952434979379 ], [ 441654.708319726691116, 4469733.862152435816824 ], [ 441654.697632832801901, 4469733.799472021870315 ], [ 441654.682984027545899, 4469733.737597499974072 ], [ 441629.063799089984968, 4469639.060900152660906 ], [ 441618.680071234819479, 4469589.740738995373249 ], [ 441615.723868223198224, 4469563.506999099627137 ], [ 441617.199141715478618, 4469540.267344437539577 ], [ 441622.339816960913595, 4469515.372054410167038 ], [ 441628.200885878817644, 4469506.575247564353049 ], [ 441629.187645478406921, 4469505.104782278649509 ], [ 441629.534927626722492, 4469504.698208057321608 ], [ 441650.867897809657734, 4469483.305314360186458 ], [ 441650.899163576541469, 4469483.272506393492222 ], [ 441650.928910756367259, 4469483.238315516151488 ], [ 441650.957078251289204, 4469483.202811951749027 ], [ 441668.366941196552943, 4469460.207069353200495 ], [ 441674.999968908901792, 4469452.025985726155341 ], [ 441675.035208510176744, 4469451.979845593683422 ], [ 441675.067711040726863, 4469451.931738141924143 ], [ 441680.825511040457059, 4469442.85203814227134 ], [ 441680.851252021675464, 4469442.809106757864356 ], [ 441680.87481241079513, 4469442.764941047877073 ], [ 441680.896133172500413, 4469442.719651678577065 ], [ 441680.915160883392673, 4469442.673352130688727 ], [ 441688.444360884139314, 4469422.963552130386233 ], [ 441688.463060855516233, 4469422.910107630304992 ], [ 441688.478705951711163, 4469422.855690405704081 ], [ 441688.491246014542412, 4469422.800474915653467 ], [ 441695.569711853342596, 4469386.963531520217657 ], [ 441709.719839296478312, 4469336.772342772223055 ], [ 441719.882392686849926, 4469309.818221548572183 ], [ 441727.37408985249931, 4469292.630789868533611 ], [ 441734.633664218883496, 4469280.751170283183455 ], [ 441743.005975334555842, 4469268.412530129775405 ], [ 441748.904277332534548, 4469261.421829417347908 ], [ 441758.294884064234793, 4469253.122901427559555 ], [ 441772.112723634869326, 4469245.226738423109055 ], [ 441783.562657177331857, 4469240.162184122949839 ], [ 441799.219012620218564, 4469233.987685484811664 ], [ 441819.764657686580904, 4469228.243468170054257 ], [ 441819.80285041721072, 4469228.231964102946222 ], [ 441819.840553985792212, 4469228.218946071341634 ], [ 441854.165953985298984, 4469215.595646070316434 ], [ 441854.195464353833813, 4469215.584260514937341 ], [ 441908.45176435430767, 4469193.659360515885055 ], [ 441908.509128644713201, 4469193.63405988458544 ], [ 441971.844928644248284, 4469163.293559883721173 ], [ 441971.901938497438096, 4469163.263962200842798 ], [ 441971.956930506217759, 4469163.230765436775982 ], [ 442012.261430506769102, 4469137.098265436477959 ], [ 442012.300735039636493, 4469137.07143163587898 ], [ 442012.338718377461191, 4469137.042758213356137 ], [ 442012.375294491765089, 4469137.012310110032558 ], [ 442012.41038054128876, 4469136.980156287550926 ], [ 442035.220080540457275, 4469115.055556288920343 ], [ 442035.259980739734601, 4469115.014957128092647 ], [ 442035.297506172384601, 4469114.972153393551707 ], [ 442051.242006172658876, 4469095.70515339449048 ], [ 442051.271571508201305, 4469095.66763798892498 ], [ 442051.299311696842778, 4469095.628753587603569 ], [ 442051.325163448986132, 4469095.588588905520737 ], [ 442061.733363449340686, 4469078.536288904957473 ], [ 442061.75650546135148, 4469078.496327582746744 ], [ 442061.777777933864854, 4469078.455340488813818 ], [ 442061.79713550437009, 4469078.413415025919676 ], [ 442061.814536893682089, 4469078.370640598237514 ], [ 442072.001236893178429, 4469051.574140598066151 ], [ 442072.021718476025853, 4469051.514701440930367 ], [ 442072.038424549682532, 4469051.454092731699347 ], [ 442077.131624549685512, 4469030.415592729113996 ], [ 442077.142841080785729, 4469030.363148610107601 ], [ 442077.151229905197397, 4469030.310178582556546 ], [ 442077.15676689503016, 4469030.256834998726845 ], [ 442077.159436124900822, 4469030.20327128469944 ], [ 442077.602136125380639, 4469010.936471286229789 ], [ 442077.602107591286767, 4469010.889318760484457 ], [ 442077.599856345739681, 4469010.84221999719739 ], [ 442077.595387394132558, 4469010.795279716141522 ], [ 442075.38068739377195, 4468992.192979715764523 ], [ 442075.371745173120871, 4468992.133281206712127 ], [ 442075.359217214514501, 4468992.074231010861695 ], [ 442070.950413851125631, 4468973.999172383919358 ], [ 442069.630562428792473, 4468953.98379291780293 ], [ 442070.290516457869671, 4468935.280226764269173 ], [ 442076.913818672997877, 4468897.745189861394465 ], [ 442110.778842195752077, 4468772.460205326788127 ], [ 442116.30972885072697, 4468754.538997636176646 ], [ 442116.323921051051002, 4468754.488315239548683 ], [ 442116.335427004029043, 4468754.436956336721778 ], [ 442116.344214836659376, 4468754.385063198395073 ], [ 442116.350260205566883, 4468754.332779574207962 ], [ 442119.228860205970705, 4468721.999979573301971 ], [ 442119.231720644922461, 4468721.957749390043318 ], [ 442120.560120644979179, 4468693.389749390073121 ], [ 442120.561091338167898, 4468693.328558470122516 ], [ 442120.55831716733519, 4468693.26742276083678 ], [ 442119.007917167211417, 4468672.893322761170566 ], [ 442119.003141380497254, 4468672.845674354583025 ], [ 442118.996089977561496, 4468672.798309214413166 ], [ 442118.986779128550552, 4468672.751335957087576 ], [ 442113.45007912843721, 4468647.948235955089331 ], [ 442113.436706223583315, 4468647.895195478573442 ], [ 442113.420453078928404, 4468647.842965583316982 ], [ 442113.401368325925432, 4468647.791702546179295 ], [ 442113.379509068618063, 4468647.741559754125774 ], [ 442113.354940712626558, 4468647.692687240429223 ], [ 442113.327736769453622, 4468647.645231237635016 ], [ 442097.382736769213807, 4468621.513431239873171 ], [ 442097.351663040230051, 4468621.465626064687967 ], [ 442097.317915231571533, 4468621.419669599272311 ], [ 442097.281603054434527, 4468621.375711241737008 ], [ 442097.242844556632917, 4468621.333893897943199 ], [ 442097.201765738485847, 4468621.294353513047099 ], [ 442075.277465738414321, 4468601.363553511910141 ], [ 442075.237217390618753, 4468601.328872188925743 ], [ 442075.195183903444558, 4468601.296377426944673 ], [ 442051.381843071372714, 4468583.877693322487175 ], [ 442037.994518000574317, 4468567.418068867176771 ], [ 442030.056113504804671, 4468554.62859972845763 ], [ 442022.578708023473155, 4468542.533091738820076 ], [ 442010.886236950813327, 4468511.206665159203112 ], [ 442002.496015917335171, 4468483.828977927565575 ], [ 441998.896482253214344, 4468464.502883100882173 ], [ 441998.97927451133728, 4468437.415601865388453 ], [ 442004.051058769633528, 4468403.23269212897867 ], [ 442031.489766200480517, 4468311.839748091995716 ], [ 442031.490486436232459, 4468311.837338126264513 ], [ 442099.78588643646799, 4468082.263638126663864 ], [ 442099.791201150103007, 4468082.245122098363936 ], [ 442133.017526591662318, 4467962.136657794937491 ], [ 442134.140622404345777, 4467958.677614138461649 ], [ 442134.141145447152667, 4467958.675998540595174 ], [ 442137.580479472177103, 4467948.021564583294094 ], [ 442149.765689022431616, 4467929.211594103835523 ], [ 442180.973243692191318, 4467909.9894451322034 ], [ 442181.015497904678341, 4467909.961925654672086 ], [ 442181.05631115171127, 4467909.932311148382723 ], [ 442181.095579655782785, 4467909.900676914490759 ], [ 442181.133203567296732, 4467909.867103392258286 ], [ 442181.169087218528148, 4467909.831675949506462 ], [ 442203.539787218382116, 4467886.602775949053466 ], [ 442203.574048911978025, 4467886.565343810245395 ], [ 442203.606367620639503, 4467886.526221824809909 ], [ 442203.636660122603644, 4467886.485510732978582 ], [ 442261.424724215699825, 4467804.561114239506423 ], [ 442295.043062627955806, 4467760.546076435595751 ], [ 442315.359769277041778, 4467738.903788366355002 ], [ 442328.999219433229882, 4467726.1438925601542 ], [ 442363.720145929837599, 4467703.92575220298022 ], [ 442394.222547087643761, 4467688.668860430829227 ], [ 442424.752477938076481, 4467673.388344926759601 ], [ 442424.805567906529177, 4467673.359739444218576 ], [ 442424.856837036786601, 4467673.327985787764192 ], [ 442424.906098872423172, 4467673.293199440464377 ], [ 442447.555798872373998, 4467656.252799441106617 ], [ 442447.556651038932614, 4467656.25215760525316 ], [ 442457.556551039102487, 4467648.712057603523135 ], [ 442457.597084284236189, 4467648.679815006442368 ], [ 442457.635893778526224, 4467648.64551701489836 ], [ 442457.672875414195005, 4467648.609255635179579 ], [ 442457.707929986936506, 4467648.57112813834101 ], [ 442457.740963461867068, 4467648.53123680409044 ], [ 442457.771887225680985, 4467648.489688640460372 ], [ 442479.141487225540914, 4467618.169288640841842 ], [ 442479.171582013019361, 4467618.124024110846221 ], [ 442479.199172852153424, 4467618.077191221527755 ], [ 442479.224178223928902, 4467618.028928344137967 ], [ 442481.053559562016744, 4467614.249999740161002 ], [ 442496.67263834370533, 4467582.18076990917325 ], [ 442496.69478098268155, 4467582.132034420967102 ], [ 442496.714284028974362, 4467582.082183890044689 ], [ 442496.731091597641353, 4467582.031361159868538 ], [ 442496.74515552748926, 4467581.97971186041832 ], [ 442496.75643551920075, 4467581.92738399002701 ], [ 442506.412878266128246, 4467530.482838708907366 ], [ 442527.997647684242111, 4467432.860467997379601 ], [ 442541.318441444134805, 4467374.087598498910666 ], [ 442553.442997787729837, 4467334.12025511264801 ], [ 442568.024857484037057, 4467291.919401753693819 ], [ 442581.585348043823615, 4467267.141846690326929 ], [ 442601.553043790976517, 4467247.637601914815605 ], [ 442620.983604630397167, 4467240.031479867175221 ], [ 442638.267609619710129, 4467233.274758233688772 ], [ 442670.716954615782015, 4467227.061658572405577 ], [ 442670.719515028991736, 4467227.061164867132902 ], [ 442676.539515028300229, 4467225.931064866483212 ], [ 442676.585600139282178, 4467225.920982751064003 ], [ 442676.63115847739391, 4467225.908738392405212 ], [ 442676.676088653039187, 4467225.894359038211405 ], [ 442676.720290674711578, 4467225.877876690588892 ], [ 442677.070290675270371, 4467225.737876690924168 ], [ 442677.084715695993509, 4467225.73197587672621 ], [ 442713.5044156954973, 4467210.501475876197219 ], [ 442713.54516073979903, 4467210.483358917757869 ], [ 442713.585057618154678, 4467210.463443548418581 ], [ 442744.514657618477941, 4467194.152943550609052 ], [ 442751.95527773082722, 4467190.222516260109842 ], [ 442752.00006046256749, 4467190.197368605062366 ], [ 442752.043492958880961, 4467190.169954814948142 ], [ 442752.085460649221204, 4467190.140347204171121 ], [ 442752.125852827099152, 4467190.108623875305057 ], [ 442752.164562942052726, 4467190.074868510477245 ], [ 442752.201488880848046, 4467190.039170154370368 ], [ 442752.23653323657345, 4467190.001622973941267 ], [ 442752.269603565975558, 4467189.962326015345752 ], [ 442777.769103566824924, 4467158.031926014460623 ], [ 442777.802542651246767, 4467157.987582201138139 ], [ 442777.833468316006474, 4467157.941450331360102 ], [ 442777.861785169399809, 4467157.893672700971365 ], [ 442777.887405866757035, 4467157.844396682456136 ], [ 442777.910251379827969, 4467157.793774270452559 ], [ 442777.930251240672078, 4467157.741961610503495 ], [ 442777.947343758714851, 4467157.68911852221936 ], [ 442785.757043757883366, 4467131.038918522186577 ], [ 442785.772343227581587, 4467130.980153820477426 ], [ 442785.784047726774588, 4467130.920568849891424 ], [ 442785.792114096751902, 4467130.860383323393762 ], [ 442789.231714096909855, 4467097.54028332233429 ], [ 442793.138423422293272, 4467059.668105946853757 ], [ 442797.732341486611404, 4467031.067972090095282 ], [ 442813.219062987889629, 4466974.870573776774108 ], [ 442827.162658297806047, 4466924.184317903593183 ], [ 442836.015727310266811, 4466898.054776621982455 ], [ 442838.710465715674218, 4466892.12993227597326 ], [ 442844.596835874079261, 4466884.971414379775524 ], [ 442855.584890864964109, 4466871.614116637967527 ], [ 442872.245360843779054, 4466856.999819182790816 ], [ 442889.396218491601758, 4466845.46462609898299 ], [ 442927.632830828195438, 4466824.687917962670326 ], [ 442992.213966105191503, 4466795.713753932155669 ], [ 443056.163323531916831, 4466774.912556860595942 ], [ 443056.206436781270895, 4466774.897435623221099 ], [ 443056.2488143525552, 4466774.880360919050872 ], [ 443056.290367786888964, 4466774.861368388868868 ], [ 443089.25846778700361, 4466758.87256838940084 ], [ 443089.300109055300709, 4466758.85115490667522 ], [ 443089.340702273300849, 4466758.827815603464842 ], [ 443089.380158438987564, 4466758.802601650357246 ], [ 443089.418391043378506, 4466758.77556832972914 ], [ 443106.055991042521782, 4466746.417268329299986 ], [ 443106.100783078523818, 4466746.381971487775445 ], [ 443124.924383079225663, 4466730.658271487802267 ], [ 443124.966050332644954, 4466730.621451752260327 ], [ 443125.005606622435153, 4466730.582372947596014 ], [ 443125.042929646384437, 4466730.541155902668834 ], [ 443125.077904007106554, 4466730.497928052209318 ], [ 443125.110421569086611, 4466730.452823050320148 ], [ 443125.14038179279305, 4466730.405980356968939 ], [ 443125.167692045622971, 4466730.357544801197946 ], [ 443137.790392045804765, 4466706.43994480278343 ], [ 443137.813664746819995, 4466706.3928959723562 ], [ 443137.834436639852356, 4466706.344690790399909 ], [ 443137.852650493907277, 4466706.295462072826922 ], [ 443151.027550493890885, 4466667.593962071463466 ], [ 443151.040133299946319, 4466667.55431542173028 ], [ 443151.051056455995422, 4466667.514179795980453 ], [ 443176.599956455873325, 4466565.293579796329141 ], [ 443176.609853499103338, 4466565.249833840876818 ], [ 443183.061253498715814, 4466533.434833840467036 ], [ 443183.069894058106001, 4466533.386046853847802 ], [ 443183.076107542437967, 4466533.336891774088144 ], [ 443183.079878698568791, 4466533.287489267066121 ], [ 443184.629678698780481, 4466503.169289268553257 ], [ 443184.63075836841017, 4466503.095918076112866 ], [ 443183.744558368751314, 4466462.790718074887991 ], [ 443183.741329648182727, 4466462.729461419396102 ], [ 443183.734351183404215, 4466462.668517974205315 ], [ 443173.989651182782836, 4466395.788617975078523 ], [ 443173.980702284083236, 4466395.736791939474642 ], [ 443173.969041019154247, 4466395.685508065856993 ], [ 443163.117241018859204, 4466353.165908066555858 ], [ 443163.104037942364812, 4466353.118980721570551 ], [ 443163.088563557481393, 4466353.072752587497234 ], [ 443163.070854639168829, 4466353.027333525940776 ], [ 443163.050953272497281, 4466352.982831474393606 ], [ 443163.028906753112096, 4466352.939352192915976 ], [ 443163.004767474485561, 4466352.896999008953571 ], [ 443162.978592803585343, 4466352.855872575193644 ], [ 443152.198051542858593, 4466336.795285173691809 ], [ 443146.538797830638941, 4466320.688624516129494 ], [ 443146.538602610409725, 4466305.340945751406252 ], [ 443152.372970448399428, 4466291.726997960358858 ], [ 443162.249782249215059, 4466280.621573156677186 ], [ 443171.678217927285004, 4466270.88819629419595 ], [ 443188.566960306488909, 4466257.508355357684195 ], [ 443223.167972416616976, 4466243.402892773970962 ], [ 443270.079841885133646, 4466228.354910719208419 ], [ 443270.096966304816306, 4466228.349246870726347 ], [ 443320.753453553828876, 4466211.086418814025819 ], [ 443387.851142999425065, 4466188.948234960436821 ], [ 443479.260073618323077, 4466169.248656455427408 ], [ 443479.289687414770015, 4466169.241801785305142 ], [ 443501.656587414559908, 4466163.705101787112653 ], [ 443501.710952378576621, 4466163.690004508011043 ], [ 443501.764379323576577, 4466163.671865085139871 ], [ 443501.816698166017886, 4466163.650741262361407 ], [ 443501.867742349975742, 4466163.626700288616121 ], [ 443501.917349377530627, 4466163.599818697199225 ], [ 443527.163149378146045, 4466148.983318696729839 ], [ 443527.208720295224339, 4466148.955280590802431 ], [ 443527.252726323727984, 4466148.924845193512738 ], [ 443527.295041481207591, 4466148.89209963940084 ], [ 443557.63424148055492, 4466124.088499641045928 ], [ 443557.673241966753267, 4466124.054903804324567 ], [ 443557.710461996146478, 4466124.019345576874912 ], [ 443557.745802946039476, 4466123.981919176876545 ], [ 443557.77917117299512, 4466123.94272377435118 ], [ 443557.810478260624222, 4466123.901863225735724 ], [ 443557.839641254046001, 4466123.859445800073445 ], [ 443578.101641254150309, 4466092.699945797212422 ], [ 443578.129367563407868, 4466092.654726969078183 ], [ 443578.154657199804205, 4466092.608101599849761 ], [ 443578.177439010993112, 4466092.560200871899724 ], [ 443578.197648900619242, 4466092.511159552261233 ], [ 443578.215230008296203, 4466092.461115618236363 ], [ 443588.070630008995067, 4466061.833715620450675 ], [ 443588.084925185248721, 4466061.785099228844047 ], [ 443588.096739186439663, 4466061.735821090638638 ], [ 443596.722251887083985, 4466021.259641691111028 ], [ 443604.430234729486983, 4465997.474059892818332 ], [ 443605.592242975137196, 4465995.277394715696573 ], [ 443620.550676853221375, 4465966.998883033171296 ], [ 443634.718404880433809, 4465941.54047670122236 ], [ 443634.74284863617504, 4465941.493687640875578 ], [ 443634.764789230539463, 4465941.445673855021596 ], [ 443634.784165521210525, 4465941.396569143980742 ], [ 443644.305227341712452, 4465915.267867086455226 ], [ 443666.827664632175583, 4465854.822155945003033 ], [ 443666.843810146092437, 4465854.775308478623629 ], [ 443666.857615183340386, 4465854.72771873511374 ], [ 443682.201715183677152, 4465796.475318735465407 ], [ 443682.212174093816429, 4465796.431655433028936 ], [ 443682.220662540523335, 4465796.387566668912768 ], [ 443686.870962540386245, 4465768.926866669207811 ], [ 443686.878967166761868, 4465768.869578032754362 ], [ 443686.883645917579997, 4465768.81192240677774 ], [ 443686.884983137308154, 4465768.754092711023986 ], [ 443686.441314344992861, 4465692.356766456738114 ], [ 443686.661923542036675, 4465647.701571857556701 ], [ 443691.723247418180108, 4465614.6908726291731 ], [ 443701.780191393045243, 4465592.389803976751864 ], [ 443716.4547822548775, 4465577.495747998356819 ], [ 443740.424055473471526, 4465557.831823532469571 ], [ 443740.460633700538892, 4465557.800307813100517 ], [ 443755.338033700187225, 4465544.34270781185478 ], [ 443755.370274791144766, 4465544.312215910293162 ], [ 443755.401131356367841, 4465544.280323647893965 ], [ 443755.430542631831486, 4465544.247093828395009 ], [ 443772.102142631832976, 4465524.54699382930994 ], [ 443772.106125104124658, 4465524.542258283123374 ], [ 443798.26322510454338, 4465493.242858282290399 ], [ 443798.296783952566329, 4465493.200419584289193 ], [ 443798.327998421736993, 4465493.156227998435497 ], [ 443798.356777139648329, 4465493.11041288357228 ], [ 443798.383035863982514, 4465493.063108352012932 ], [ 443811.623435863584746, 4465467.611708351410925 ], [ 443811.644679312186781, 4465467.568347132764757 ], [ 443811.663804892916232, 4465467.524011012166739 ], [ 443811.680768015095964, 4465467.478803359903395 ], [ 443811.695529129647184, 4465467.432829574681818 ], [ 443820.378729129442945, 4465437.962529575452209 ], [ 443820.392537812294904, 4465437.910545649006963 ], [ 443820.403531488671433, 4465437.857894463464618 ], [ 443820.411678353790194, 4465437.804728337563574 ], [ 443820.416954838728998, 4465437.751201082952321 ], [ 443820.419345678470563, 4465437.697467553429306 ], [ 443820.418843956373166, 4465437.643683200702071 ], [ 443818.207614256534725, 4465376.628377862274647 ], [ 443829.235109054017812, 4465314.870084478519857 ], [ 443859.103120994521305, 4465255.836590946651995 ], [ 443894.423410557617899, 4465195.100743113085628 ], [ 443944.855365791125223, 4465136.261780652217567 ], [ 443944.867648059211206, 4465136.247171039693058 ], [ 444007.317448059737217, 4465060.508071040734649 ], [ 444007.344390555284917, 4465060.473907337523997 ], [ 444007.369821463013068, 4465060.438604 ], [ 444036.158721463114489, 4465018.582903999835253 ], [ 444036.186828875623178, 4465018.53969479072839 ], [ 444036.212672394176479, 4465018.495094623416662 ], [ 444036.236183350963984, 4465018.449222004041076 ], [ 444036.257299276010599, 4465018.402198816649616 ], [ 444036.275964063010179, 4465018.354150007478893 ], [ 444053.770464062981773, 4464969.633350007236004 ], [ 444053.788073017145507, 4464969.579573014751077 ], [ 444053.802611941646319, 4464969.524886088445783 ], [ 444053.814034282171633, 4464969.469464339315891 ], [ 444053.822303463995922, 4464969.41348522901535 ], [ 444053.827393008803483, 4464969.357128004543483 ], [ 444057.809539335779846, 4464904.968971154652536 ], [ 444063.77498269075295, 4464870.941798903979361 ], [ 444072.627889595751185, 4464831.101519049145281 ], [ 444072.637708384252619, 4464831.051295731216669 ], [ 444072.644945023581386, 4464831.000635872595012 ], [ 444072.64958056260366, 4464830.949672140181065 ], [ 444074.637136895093136, 4464800.470517220906913 ], [ 444081.46259988512611, 4464771.186347985640168 ], [ 444108.664286234939937, 4464709.041081310249865 ], [ 444108.682212785701267, 4464708.997339579276741 ], [ 444108.698052097985055, 4464708.952799525111914 ], [ 444126.414152097771876, 4464655.138599523343146 ], [ 444126.430073148920201, 4464655.085288173519075 ], [ 444126.443004572123755, 4464655.03117386624217 ], [ 444126.452906337101012, 4464654.976424117572606 ], [ 444138.665806336852256, 4464574.765024118125439 ], [ 444138.670747453987133, 4464574.727917177602649 ], [ 444145.700347453937866, 4464513.147817178629339 ], [ 444145.705077026970685, 4464513.093076886609197 ], [ 444145.706792933051474, 4464513.038159457035363 ], [ 444145.856492932944093, 4464473.218859456479549 ], [ 444145.855295970861334, 4464473.166042808443308 ], [ 444145.85131133813411, 4464473.113363079726696 ], [ 444145.844550156092737, 4464473.060967301949859 ], [ 444145.835031295369845, 4464473.00900171417743 ], [ 444145.822781323397066, 4464472.957611352205276 ], [ 444145.807834430248477, 4464472.906939649954438 ], [ 444145.790232333063614, 4464472.85712803248316 ], [ 444145.770024159981403, 4464472.808315525762737 ], [ 444145.747266312595457, 4464472.76063836645335 ], [ 444145.722022308735177, 4464472.714229624718428 ], [ 444145.694362605165225, 4464472.669218827039003 ], [ 444145.664364401076455, 4464472.625731601379812 ], [ 444145.632111422310118, 4464472.583889320492744 ], [ 444145.597693688003346, 4464472.54380876943469 ], [ 444145.561207259073853, 4464472.505601812154055 ], [ 444145.522753970290069, 4464472.469375086016953 ], [ 444145.482441145926714, 4464472.435229701921344 ], [ 444145.440381300402805, 4464472.403260960243642 ], [ 444145.39669182401849, 4464472.373558085411787 ], [ 444145.351494655653369, 4464472.346203980967402 ], [ 443940.731294655939564, 4464355.777703983709216 ], [ 443940.68893815431511, 4464355.754905715584755 ], [ 443940.645534323237371, 4464355.734170679934323 ], [ 443940.601183591759764, 4464355.715546854771674 ], [ 443940.555988580163103, 4464355.699077331461012 ], [ 443940.510053862119094, 4464355.68480021879077 ], [ 443940.463485723128542, 4464355.67274855170399 ], [ 443919.562085723271593, 4464350.796748549677432 ], [ 443919.512336895742919, 4464350.78646782040596 ], [ 443919.462130167754367, 4464350.77872678078711 ], [ 443919.411595104553271, 4464350.773545407690108 ], [ 443903.007895104878116, 4464349.511745408177376 ], [ 443902.987926619302016, 4464349.510410252027214 ], [ 443887.125026619236451, 4464348.609110251069069 ], [ 443887.068300000450108, 4464348.6075 ], [ 443874.269799999950919, 4464348.607499998994172 ], [ 443874.210530465352349, 4464348.60925798304379 ], [ 443860.701230465318076, 4464349.411357984878123 ], [ 443860.699390132271219, 4464349.411468955688179 ], [ 443850.327690132253338, 4464350.046468955464661 ], [ 443850.276452518592123, 4464350.050931019708514 ], [ 443850.225512086879462, 4464350.058021540753543 ], [ 443842.267129380779807, 4464351.37520791310817 ], [ 443833.995352131663822, 4464352.165836850181222 ], [ 443833.94770256098127, 4464352.171548065729439 ], [ 443833.900381867017131, 4464352.179538778960705 ], [ 443833.85349903407041, 4464352.189790585078299 ], [ 443833.807162037875969, 4464352.202279875054955 ], [ 443824.493762037542183, 4464354.953879876062274 ], [ 443824.447690424392931, 4464354.968712873756886 ], [ 443824.402390489762183, 4464354.985757733695209 ], [ 443824.357968353899196, 4464355.004974528215826 ], [ 443824.31452808046015, 4464355.026318239048123 ], [ 443814.577828081150074, 4464360.106418238021433 ], [ 443814.523332659795415, 4464360.137055278755724 ], [ 443805.300032659142744, 4464365.70875527895987 ], [ 443805.25868947734125, 4464365.735135241411626 ], [ 443805.21868936275132, 4464365.763510440476239 ], [ 443805.180128522159066, 4464365.793812629766762 ], [ 443805.143099700624589, 4464365.825968927703798 ], [ 443805.107691958197393, 4464365.859901992604136 ], [ 443796.984963495808188, 4464374.035760653205216 ], [ 443784.941133580054156, 4464385.445704784244299 ], [ 443770.8401785416645, 4464398.073495463468134 ], [ 443745.588715196296107, 4464413.284102263860404 ], [ 443745.541381506831385, 4464413.314460159279406 ], [ 443745.495829075574875, 4464413.347430691123009 ], [ 443745.452201942796819, 4464413.38290960341692 ], [ 443745.410638061119244, 4464413.420784709975123 ], [ 443745.371268858667463, 4464413.460936246439815 ], [ 443738.611882718745619, 4464420.753976312465966 ], [ 443734.513242556131445, 4464423.315650099888444 ], [ 443724.367898634751327, 4464426.341411118395627 ], [ 443724.318588310503401, 4464426.357521589845419 ], [ 443724.270179790386464, 4464426.376167515292764 ], [ 443724.222803344368003, 4464426.397298717871308 ], [ 443724.176586465153378, 4464426.420858332887292 ], [ 443724.13165352481883, 4464426.446782958693802 ], [ 443724.088125440524891, 4464426.47500283177942 ], [ 443724.046119348611683, 4464426.505442011170089 ], [ 443724.005748289928306, 4464426.538018581457436 ], [ 443723.967120905115735, 4464426.57264488004148 ], [ 443723.930341142753605, 4464426.609227723442018 ], [ 443720.249744755274151, 4464430.465127645991743 ], [ 443715.721917897521053, 4464432.980597347952425 ], [ 443707.665765390323941, 4464433.330843728035688 ], [ 443707.616273230931256, 4464433.33422705437988 ], [ 443707.567009756923653, 4464433.34006065223366 ], [ 443707.518096201820299, 4464433.348330167122185 ], [ 443707.469652938074432, 4464433.359015246853232 ], [ 443707.421799180621747, 4464433.37208959646523 ], [ 443707.374652693804819, 4464433.387521042488515 ], [ 443707.328329501440749, 4464433.405271608382463 ], [ 443707.282943601137958, 4464433.425297611393034 ], [ 443707.238606683909893, 4464433.447549768723547 ], [ 443701.830806683690753, 4464436.331749768927693 ], [ 443701.783299473929219, 4464436.358780267648399 ], [ 443701.737340132356621, 4464436.388366105034947 ], [ 443701.693065966304857, 4464436.420418891124427 ], [ 443701.650609248608816, 4464436.454842865467072 ], [ 443701.61009682220174, 4464436.491535182110965 ], [ 443701.571649721299764, 4464436.530386222526431 ], [ 443701.535382809815928, 4464436.571279913187027 ], [ 443701.501404438284226, 4464436.614094083197415 ], [ 443698.292932198441122, 4464440.891991146840155 ], [ 443685.937206795322709, 4464453.785042936913669 ], [ 443674.644707666244358, 4464463.105799566023052 ], [ 443662.586818131385371, 4464472.104164987802505 ], [ 443662.548975913552567, 4464472.133848384022713 ], [ 443662.512604675430339, 4464472.165316948667169 ], [ 443662.477788548741955, 4464472.198497888632119 ], [ 443655.065869959304109, 4464479.610514378175139 ], [ 443649.878126478288323, 4464481.463664599694312 ], [ 443646.49749736051308, 4464481.97588403057307 ], [ 443643.664102406532038, 4464482.080784645862877 ], [ 443643.603415174526162, 4464482.084882600232959 ], [ 443643.543089350336231, 4464482.092662593349814 ], [ 443640.89939379657153, 4464482.515709208324552 ], [ 443637.53145910060266, 4464482.831431574188173 ], [ 443635.136261240986641, 4464482.935629832558334 ], [ 443632.501990406308323, 4464482.830199935473502 ], [ 443632.429740264255088, 4464482.829920480027795 ], [ 443629.16608868323965, 4464482.935259846039116 ], [ 443626.485114194685593, 4464482.729008809663355 ], [ 443624.070258063904475, 4464482.308991181664169 ], [ 443624.016943940427154, 4464482.301191627047956 ], [ 443623.963287108403165, 4464482.296275001950562 ], [ 443620.644987108011264, 4464482.082175003364682 ], [ 443620.591329438902903, 4464482.080157563090324 ], [ 443620.537640834518243, 4464482.081023171544075 ], [ 443620.484076090680901, 4464482.084769334644079 ], [ 443620.430789645994082, 4464482.091385249979794 ], [ 443616.898589645745233, 4464482.626585247926414 ], [ 443616.844695092760958, 4464482.636267664842308 ], [ 443616.791411322832573, 4464482.648885584436357 ], [ 443616.738898100564256, 4464482.664401174522936 ], [ 443616.6873128801235, 4464482.682767912745476 ], [ 443616.636810333409812, 4464482.703930729068816 ], [ 443613.318510333949234, 4464484.202530730515718 ], [ 443613.27121066278778, 4464484.225406569428742 ], [ 443613.225177784683183, 4464484.250735151581466 ], [ 443613.180538776097819, 4464484.278446554206312 ], [ 443613.137416866025887, 4464484.308464278467 ], [ 443608.048212097375654, 4464488.053376194089651 ], [ 443583.053129641048145, 4464470.209417602978647 ], [ 443582.978921890258789, 4464470.15646932926029 ], [ 443582.939080441894475, 4464470.129464826546609 ], [ 443582.897985766583588, 4464470.10440865252167 ], [ 443506.253564654674847, 4464425.86720968876034 ], [ 443513.219557501666714, 4464419.823118837550282 ], [ 443513.258855339721777, 4464419.787142728455365 ], [ 443513.296181328652892, 4464419.749124691821635 ], [ 443513.331429514975753, 4464419.709172647446394 ], [ 443513.364499843213707, 4464419.667400001548231 ], [ 443513.395298439951148, 4464419.62392533197999 ], [ 443513.423737880133558, 4464419.578872043639421 ], [ 443513.44973743573064, 4464419.532368025742471 ], [ 443513.473223304259591, 4464419.48454528581351 ], [ 443513.494128818740137, 4464419.43553957156837 ], [ 443513.512394636811223, 4464419.385489992797375 ], [ 443513.527968909125775, 4464419.33453861810267 ], [ 443513.540807426441461, 4464419.282830079086125 ], [ 443513.550873745465651, 4464419.23051115591079 ], [ 443513.558139291882981, 4464419.177730360068381 ], [ 443513.56258344167145, 4464419.124637517146766 ], [ 443513.564193579775747, 4464419.07138333376497 ], [ 443513.562965135497507, 4464419.018118979409337 ], [ 443513.558901596057694, 4464418.964995649643242 ], [ 443513.552014496119227, 4464418.912164140492678 ], [ 443513.542323385423515, 4464418.859774419106543 ], [ 443513.529855773202144, 4464418.807975200004876 ], [ 443513.514647049945779, 4464418.756913518533111 ], [ 443513.496740387286991, 4464418.706734320148826 ], [ 443513.476186614949256, 4464418.657580043189228 ], [ 443513.45304407691583, 4464418.6095902165398 ], [ 443513.427378465654328, 4464418.562901064753532 ], [ 443513.399262635561172, 4464418.517645118758082 ], [ 443513.368776396033354, 4464418.473950843326747 ], [ 443500.245476395997684, 4464400.693850841373205 ], [ 443500.205811197985895, 4464400.643564253114164 ], [ 443490.045811197778676, 4464388.578564252704382 ], [ 443489.995731552015059, 4464388.523403314873576 ], [ 443480.470631552743725, 4464378.786703316494823 ], [ 443480.435062392265536, 4464378.752104502171278 ], [ 443480.397820722602773, 4464378.719312716275454 ], [ 443467.385071195138153, 4464367.822490742430091 ], [ 443457.653071939537767, 4464359.465627269819379 ], [ 443457.610995417810045, 4464359.431433539837599 ], [ 443457.567127490299754, 4464359.39957055542618 ], [ 443442.761629505897872, 4464349.247251919470727 ], [ 443420.37317689997144, 4464332.983899646438658 ], [ 443404.859032920270693, 4464319.369446764700115 ], [ 443383.806695090373978, 4464300.009820493869483 ], [ 443383.782833372883033, 4464299.988570866174996 ], [ 443366.708271326497197, 4464285.265436144545674 ], [ 443361.555878715298604, 4464280.245233709923923 ], [ 443360.406835480302107, 4464278.147917130962014 ], [ 443358.423599340429064, 4464274.494493960402906 ], [ 443356.125010584422853, 4464268.834531296044588 ], [ 443356.100385033874772, 4464268.778823859058321 ], [ 443353.435091635910794, 4464263.214191920123994 ], [ 443351.011806165624876, 4464256.867763602174819 ], [ 443349.471875800169073, 4464250.100128002464771 ], [ 443349.458175229432527, 4464250.046758892014623 ], [ 443349.441555954574142, 4464249.99422540422529 ], [ 443344.713755955046508, 4464236.367125404067338 ], [ 443344.690325128904078, 4464236.306106986477971 ], [ 443344.662958170636557, 4464236.246749591082335 ], [ 443336.456158169894479, 4464219.876049591228366 ], [ 443336.424613724695519, 4464219.817995924502611 ], [ 443332.227526268165093, 4464212.667469093576074 ], [ 443325.868769098771736, 4464201.512182621285319 ], [ 443325.861165778886061, 4464201.499075791798532 ], [ 443317.328865778807085, 4464187.044275790452957 ], [ 443317.298973942408338, 4464186.996737036854029 ], [ 443317.266460721031763, 4464186.950951172970235 ], [ 443317.231428643513937, 4464186.907062580808997 ], [ 443314.078328643750865, 4464183.176662581972778 ], [ 443314.031882063893136, 4464183.12541707791388 ], [ 443310.6939820642001, 4464179.6893170773983 ], [ 443310.665936175268143, 4464179.661563254892826 ], [ 443310.636817251215689, 4464179.634937424212694 ], [ 443305.777317250962369, 4464175.36443742364645 ], [ 443305.72379297146108, 4464175.320587441325188 ], [ 443294.468192971660756, 4464166.732587441802025 ], [ 443294.40585682092933, 4464166.688681342639029 ], [ 443275.197056820790749, 4464154.226781342178583 ], [ 443275.141589449194726, 4464154.193298214115202 ], [ 443263.985611533164047, 4464147.942824646830559 ], [ 443256.747666813142132, 4464143.065029734745622 ], [ 443248.991073208570015, 4464136.966221395879984 ], [ 443239.454706096614245, 4464127.307321345433593 ], [ 443239.435803003201727, 4464127.288677044212818 ], [ 443226.088603003474418, 4464114.469277046620846 ], [ 443226.049979828414507, 4464114.434074473567307 ], [ 443226.009570380323566, 4464114.400937676429749 ], [ 443220.021370380767621, 4464109.746737674809992 ], [ 443220.011305440915748, 4464109.739016816951334 ], [ 443208.429405440343544, 4464100.970616816543043 ], [ 443208.422501865017693, 4464100.965436987578869 ], [ 443187.836101865570527, 4464085.657636989839375 ], [ 443187.804686281480826, 4464085.635205207392573 ], [ 443178.459786281571724, 4464079.23130520619452 ], [ 443178.436075095494743, 4464079.21554762404412 ], [ 443165.083275095035788, 4464070.613247623667121 ], [ 443165.041284586535767, 4464070.587634889408946 ], [ 443150.789084586547688, 4464062.3682348895818 ], [ 443150.741504220815841, 4464062.342484201304615 ], [ 443150.692600843613036, 4464062.319344433024526 ], [ 443134.641200843383558, 4464055.249144433066249 ], [ 443134.634921433287673, 4464055.246404171921313 ], [ 443122.218321433174424, 4464049.878504171967506 ], [ 443122.165695112664253, 4464049.857501856051385 ], [ 443122.111963710107375, 4464049.83951399102807 ], [ 443122.057299737003632, 4464049.824598330073059 ], [ 443113.767798950022552, 4464047.813218671828508 ], [ 443099.173537307884544, 4464043.926678360439837 ], [ 443099.129895043268334, 4464043.916099580004811 ], [ 443086.42989504308207, 4464041.137999582104385 ], [ 443086.390370470122434, 4464041.130184485577047 ], [ 443074.722170470864512, 4464039.066384484060109 ], [ 443074.676739623828325, 4464039.059421569108963 ], [ 443074.631036821578164, 4464039.054553519934416 ], [ 443068.916036820795853, 4464038.578353520482779 ], [ 443068.857179571059532, 4464038.575192368589342 ], [ 443068.798238317423966, 4464038.575504370033741 ], [ 443059.670138318033423, 4464038.89300436899066 ], [ 443059.616054514946882, 4464038.896354578435421 ], [ 443059.56223158724606, 4464038.902629458345473 ], [ 443050.751531586924102, 4464040.172629457898438 ], [ 443050.70398628647672, 4464040.180657291784883 ], [ 443050.656883233285043, 4464040.190967679023743 ], [ 443050.61033194209449, 4464040.20353664830327 ], [ 443038.545331941742916, 4464043.775336649268866 ], [ 443038.502373603405431, 4464043.789115608669817 ], [ 443038.460080447839573, 4464043.804818077944219 ], [ 443016.076418226526584, 4464052.694863355718553 ], [ 442996.07405447983183, 4464060.632309286855161 ], [ 442996.059074471471831, 4464060.638394365087152 ], [ 442969.740815835306421, 4464071.577919933013618 ], [ 442947.709822600590996, 4464078.868735706433654 ], [ 442947.692687990784179, 4464078.87457874789834 ], [ 442926.89638799027307, 4464086.17707874905318 ], [ 442926.848396554240026, 4464086.195327664725482 ], [ 442901.305947917979211, 4464096.666124632582068 ], [ 442880.687121235474478, 4464104.279229869134724 ], [ 442853.225419914058875, 4464114.279765608720481 ], [ 442853.209002012852579, 4464114.285907909274101 ], [ 442827.178638558019884, 4464124.285388380289078 ], [ 442802.911944256862625, 4464133.325852987356484 ], [ 442780.873720028321259, 4464140.619061747565866 ], [ 442759.171551425475627, 4464147.272365806624293 ], [ 442734.602041440433823, 4464152.820258475840092 ], [ 442734.584078472224064, 4464152.824489155784249 ], [ 442717.792093606549315, 4464156.94327789824456 ], [ 442706.656170398753602, 4464158.825397413223982 ], [ 442698.683240098762326, 4464158.559406148269773 ], [ 442680.771332345495466, 4464157.692668690346181 ], [ 442680.754475247696973, 4464157.691995467990637 ], [ 442668.519175247871317, 4464157.306695468723774 ], [ 442668.477066826424561, 4464157.306256534531713 ], [ 442650.378478965198155, 4464157.498712847940624 ], [ 442632.762460470781662, 4464157.209946954622865 ], [ 442611.279974081669934, 4464156.824674100615084 ], [ 442601.357615674438421, 4464156.631988500244915 ], [ 442601.304549526714254, 4464156.632366335950792 ], [ 442601.251578144088853, 4464156.635558735579252 ], [ 442594.603978144295979, 4464157.213558736257255 ], [ 442594.576591902296059, 4464157.216320179402828 ], [ 442588.699791901570279, 4464157.890720179304481 ], [ 442588.645953729923349, 4464157.898386817425489 ], [ 442588.592611934465822, 4464157.908968826755881 ], [ 442579.247611934726592, 4464160.028468825854361 ], [ 442579.219445388123859, 4464160.035287752747536 ], [ 442563.13054538826691, 4464164.177987756207585 ], [ 442563.060426576412283, 4464164.198804765939713 ], [ 442546.20072657649871, 4464169.882904764264822 ], [ 442546.136821164051071, 4464169.906908820383251 ], [ 442535.924721163930371, 4464174.145908819511533 ], [ 442535.88366838125512, 4464174.164040004834533 ], [ 442520.469168381299824, 4464181.38954000454396 ], [ 442520.420474457379896, 4464181.414004981517792 ], [ 442510.015574456949253, 4464187.001804982312024 ], [ 442509.987663728999905, 4464187.017373714596033 ], [ 442500.858305017871317, 4464192.302791917696595 ], [ 442496.249670707038604, 4464194.654213653877378 ], [ 442487.794669091294054, 4464197.029175330884755 ], [ 442478.955467606370803, 4464199.046774704009295 ], [ 442478.932570405944716, 4464199.052285581827164 ], [ 442471.377577671955805, 4464200.965006052516401 ], [ 442467.130216877441853, 4464201.531281635165215 ], [ 442456.313809272833169, 4464202.297019506804645 ], [ 442444.21413285844028, 4464202.201031465083361 ], [ 442444.199833397229668, 4464202.201020266860723 ], [ 442429.081752107245848, 4464202.297273034229875 ], [ 442417.720970694557764, 4464202.201035876758397 ], [ 442417.643485799315386, 4464202.203384322114289 ], [ 442402.325285798753612, 4464203.263084323145449 ], [ 442402.27417584444629, 4464203.26794112380594 ], [ 442402.223382515250705, 4464203.275414654053748 ], [ 442392.784276074613445, 4464204.912816789001226 ], [ 442384.915182141936384, 4464206.240159924142063 ], [ 442371.457400915387552, 4464205.094802085310221 ], [ 442371.415038692066446, 4464205.092100927606225 ], [ 442371.372600000409875, 4464205.091200000606477 ], [ 442359.715300000330899, 4464205.091199999675155 ], [ 442359.638602486753371, 4464205.094145592302084 ], [ 442344.609502486768179, 4464206.250245592556894 ], [ 442344.541083548916504, 4464206.25788541790098 ], [ 442322.864383548323531, 4464209.437185417860746 ], [ 442322.826013228739612, 4464209.443577820435166 ], [ 442315.676142188895028, 4464210.77814257144928 ], [ 442309.55939003219828, 4464210.966366861946881 ], [ 442305.191966965328902, 4464210.501749438233674 ], [ 442300.517195940599777, 4464209.099318131804466 ], [ 442296.040253699873574, 4464207.194244739599526 ], [ 442296.037919527094346, 4464207.19325497187674 ], [ 442282.396009517251514, 4464201.429018489085138 ], [ 442268.879844939627219, 4464194.335472319275141 ], [ 442254.554772738483734, 4464185.49042780790478 ], [ 442254.52678230550373, 4464185.473768535070121 ], [ 442247.347070683608763, 4464181.357420411892235 ], [ 442241.13729633053299, 4464176.867327750660479 ], [ 442231.529762054269668, 4464169.565617657266557 ], [ 442221.941653248271905, 4464161.607490331865847 ], [ 442212.827841182530392, 4464152.781363362446427 ], [ 442206.314903164398856, 4464146.076950215734541 ], [ 442201.240485037327744, 4464139.94930784124881 ], [ 442195.297921872988809, 4464132.473224919289351 ], [ 442189.937439465138596, 4464124.528233079239726 ], [ 442186.481036903162021, 4464118.863631459884346 ], [ 442186.479062051977962, 4464118.860408645123243 ], [ 442182.645058512222022, 4464112.630053400993347 ], [ 442179.684867159230635, 4464106.90076588280499 ], [ 442175.655331172107253, 4464098.265989004634321 ], [ 442171.620994173921645, 4464088.66037249751389 ], [ 442169.324556833598763, 4464082.823635641485453 ], [ 442165.681672776991036, 4464071.511380583979189 ], [ 442162.801189846650232, 4464060.565784635022283 ], [ 442161.262451755814254, 4464054.122131701558828 ], [ 442161.256279045715928, 4464054.097654494456947 ], [ 442158.137490133289248, 4464042.35745239816606 ], [ 442156.095479648502078, 4464032.383231342770159 ], [ 442156.087236154126003, 4464032.346498928964138 ], [ 442154.123236154497135, 4464024.306498928926885 ], [ 442154.109541895857546, 4464024.256170964799821 ], [ 442154.093242160975933, 4464024.206625477410853 ], [ 442154.074381292273756, 4464024.157997252419591 ], [ 442152.662781292048749, 4464020.782397252507508 ], [ 442152.634627191000618, 4464020.720986403524876 ], [ 442150.48652719106758, 4464016.424786402843893 ], [ 442150.466349389171228, 4464016.38652290776372 ], [ 442150.444535658112727, 4464016.349167856387794 ], [ 442147.621335657662712, 4464011.746167856268585 ], [ 442147.595257906243205, 4464011.705854714848101 ], [ 442147.567275236011483, 4464011.666839735582471 ], [ 442142.10497523623053, 4464004.424639735370874 ], [ 442142.074894477496855, 4464004.386703446507454 ], [ 442142.043012825888582, 4464004.350267552770674 ], [ 442142.009405012242496, 4464004.31541746109724 ], [ 442141.974149813642725, 4464004.282234859652817 ], [ 442136.643790198373608, 4463999.503229795955122 ], [ 442131.374526646744926, 4463994.540346635505557 ], [ 442131.329008084838279, 4463994.50001513119787 ], [ 442125.684508084435947, 4463989.797215131111443 ], [ 442125.65980091720121, 4463989.77728574629873 ], [ 442110.845138732343912, 4463978.210688665509224 ], [ 442100.958417866087984, 4463969.273090610280633 ], [ 442087.723116823355667, 4463956.75119003560394 ], [ 442074.082383494940586, 4463942.951793571934104 ], [ 442074.053518833650742, 4463942.923745274543762 ], [ 442056.194118834158871, 4463926.254945275373757 ], [ 442056.175729805720039, 4463926.238205098547041 ], [ 442047.682629805174656, 4463918.697605097666383 ], [ 442047.648490843654145, 4463918.668635237962008 ], [ 442047.613089326885529, 4463918.641222575679421 ], [ 442038.484889326733537, 4463911.894322577863932 ], [ 442038.441071248438675, 4463911.863711823709309 ], [ 442038.395680164801888, 4463911.835486095398664 ], [ 442028.632580164761748, 4463906.120486094616354 ], [ 442028.589524058043025, 4463906.09668471198529 ], [ 442028.54534945677733, 4463906.075029719620943 ], [ 442028.500163278193213, 4463906.055573527701199 ], [ 442019.21326327836141, 4463902.324873527511954 ], [ 442019.17835945886327, 4463902.311603428795934 ], [ 442009.891459459206089, 4463898.977903429418802 ], [ 442009.865812915551942, 4463898.969087844714522 ], [ 441992.958912915724795, 4463893.412787845358253 ], [ 441992.932906178873964, 4463893.404631945304573 ], [ 441974.610319077677559, 4463887.931648785248399 ], [ 441963.075530230125878, 4463884.139405800960958 ], [ 441953.316634180257097, 4463879.968239961192012 ], [ 441944.64916314225411, 4463875.240501409396529 ], [ 441931.234782071202062, 4463867.034086927771568 ], [ 441920.42630230973009, 4463858.197977801784873 ], [ 441899.417595250881277, 4463839.805371340364218 ], [ 441882.68353816086892, 4463824.102442785166204 ], [ 441873.825498385180254, 4463815.718891033902764 ], [ 441864.75169719173573, 4463805.563615002669394 ], [ 441864.735822424350772, 4463805.546263233758509 ], [ 441856.904122424428351, 4463797.185463233850896 ], [ 441856.868623605638277, 4463797.149437071755528 ], [ 441856.831348672043532, 4463797.115251844748855 ], [ 441856.79239297483582, 4463797.082994998432696 ], [ 441856.751856164366473, 4463797.052749048918486 ], [ 441841.205691608483903, 4463786.054068707861006 ], [ 441824.706800000218209, 4463773.679900000803173 ], [ 441824.664105472154915, 4463773.649592461064458 ], [ 441824.619883163657505, 4463773.621561100706458 ], [ 441805.675583163101692, 4463762.297361099161208 ], [ 441805.624560314696282, 4463762.268851497210562 ], [ 441793.030460315290838, 4463755.707151497714221 ], [ 441792.976144681917503, 4463755.680904016830027 ], [ 441792.920345217571594, 4463755.657979398965836 ], [ 441779.691145217628218, 4463750.683779398910701 ], [ 441779.651057560986374, 4463750.669671133160591 ], [ 441779.610406669962686, 4463750.657278860919178 ], [ 441760.454506669368129, 4463745.259778862819076 ], [ 441760.414162517641671, 4463745.249313619919121 ], [ 441760.373417318041902, 4463745.240538622252643 ], [ 441727.035817318770569, 4463738.784738619811833 ], [ 441727.032441944757011, 4463738.784090997651219 ], [ 441714.226641944551375, 4463736.349890998564661 ], [ 441714.190178447868675, 4463736.343656288459897 ], [ 441700.960978447925299, 4463734.332756288349628 ], [ 441700.932852249708958, 4463734.328888625837862 ], [ 441687.174452249077149, 4463732.635588627308607 ], [ 441687.138400764262769, 4463732.631813567131758 ], [ 441669.993400764651597, 4463731.1501135667786 ], [ 441669.937956447771285, 4463731.146870019845665 ], [ 441652.722448278509546, 4463730.618855516426265 ], [ 441635.099461869162042, 4463728.824868963100016 ], [ 441608.343939111044165, 4463725.229307373054326 ], [ 441586.258871061785612, 4463722.059206689707935 ], [ 441572.413249613717198, 4463719.216058431193233 ], [ 441358.691042793856468, 4463645.581441575661302 ], [ 441358.677991539239883, 4463645.577045273967087 ], [ 441316.485667044529691, 4463631.687360317446291 ], [ 441291.22800503106555, 4463622.262898297980428 ], [ 441277.348383515782189, 4463616.073309168219566 ], [ 441227.751501173886936, 4463584.657912017777562 ], [ 441227.705251559324097, 4463584.630333015695214 ], [ 441227.657584456726909, 4463584.605283554643393 ], [ 441207.69648445682833, 4463574.792083555832505 ], [ 441207.655429412669037, 4463574.773041352629662 ], [ 441207.613554854411632, 4463574.755876168608665 ], [ 441198.023354853969067, 4463571.075876167975366 ], [ 441197.968193063978106, 4463571.056539038196206 ], [ 441197.91199568141019, 4463571.040457935072482 ], [ 441197.854954718553927, 4463571.02768780477345 ], [ 441197.797265070083085, 4463571.018272278830409 ], [ 441183.369665070087649, 4463569.094572277739644 ], [ 441182.853799795673694, 4463569.025779270567 ] ] ], [ [ [ 441463.290364833548665, 4475339.101174899376929 ], [ 441494.598437151289545, 4475491.191124720498919 ], [ 441526.268636947905179, 4475645.041023731231689 ], [ 441526.280727740086149, 4475645.092759251594543 ], [ 441526.295549183676485, 4475645.14377960190177 ], [ 441526.313059441337828, 4475645.193940764293075 ], [ 441526.333209086034913, 4475645.243101146072149 ], [ 441526.355941240210086, 4475645.291121980175376 ], [ 441526.381191736727487, 4475645.337867715395987 ], [ 441526.408889299724251, 4475645.383206400088966 ], [ 441526.438955745834392, 4475645.427010054700077 ], [ 441526.471306204912253, 4475645.4691550321877 ], [ 441526.505849359789863, 4475645.509522367268801 ], [ 441526.542487703613006, 4475645.547998114489019 ], [ 441526.58111781545449, 4475645.584473664872348 ], [ 441526.621630652225576, 4475645.618846057914197 ], [ 441526.663911856128834, 4475645.651018268428743 ], [ 441526.707842077885289, 4475645.680899482220411 ], [ 441526.753297313407529, 4475645.708405352197587 ], [ 441526.800149253918789, 4475645.733458236791193 ], [ 441526.848265647946391, 4475645.755987416952848 ], [ 441526.89751067495672, 4475645.775929298251867 ], [ 441526.947745328419842, 4475645.793227590620518 ], [ 441526.998827808478381, 4475645.807833464816213 ], [ 441527.050613921892364, 4475645.819705692119896 ], [ 441527.10295748943463, 4475645.828810760751367 ], [ 441527.155710758233909, 4475645.835122968070209 ], [ 441527.208724818832707, 4475645.838624497875571 ], [ 441527.261850025795866, 4475645.839305465109646 ], [ 441527.31493641983252, 4475645.83716394752264 ], [ 441811.8929364195792, 4475626.774363946169615 ], [ 441811.907939706929028, 4475626.773245504125953 ], [ 441901.427309869148303, 4475619.42234795447439 ], [ 441995.520450639654882, 4475611.701669753529131 ], [ 442333.472316554165445, 4475588.287608590908349 ], [ 442333.524221475468948, 4475588.282649888657033 ], [ 442333.575797374534886, 4475588.274992459453642 ], [ 442333.626904031494632, 4475588.264657121151686 ], [ 442333.677402502100449, 4475588.251671974547207 ], [ 442333.727155495784245, 4475588.236072320491076 ], [ 442333.776027748535853, 4475588.217900570482016 ], [ 442333.823886390950065, 4475588.197206127457321 ], [ 442333.870601309172343, 4475588.174045255407691 ], [ 442333.916045499034226, 4475588.148480921052396 ], [ 442333.96009541087551, 4475588.120582626201212 ], [ 442334.002631285809912, 4475588.090426218695939 ], [ 442334.043537481222302, 4475588.058093684725463 ], [ 442334.082702784973662, 4475588.023672927170992 ], [ 442334.120020717964508, 4475587.987257525324821 ], [ 442334.155389823543373, 4475587.948946483433247 ], [ 442334.188713943527546, 4475587.908843956887722 ], [ 442334.219902479148004, 4475587.867058973759413 ], [ 442334.24887063796632, 4475587.823705133982003 ], [ 442334.275539663911331, 4475587.778900305740535 ], [ 442334.299837051599752, 4475587.732766299508512 ], [ 442334.321696743601933, 4475587.685428540222347 ], [ 442334.341059309663251, 4475587.637015725485981 ], [ 442334.357872108637821, 4475587.587659476324916 ], [ 442334.372089431388304, 4475587.537493976764381 ], [ 442334.38367262511747, 4475587.486655613407493 ], [ 442334.392590198549442, 4475587.435282600112259 ], [ 442334.398817907378543, 4475587.383514606393874 ], [ 442334.402338820276782, 4475587.331492372788489 ], [ 442334.403143364819698, 4475587.279357333667576 ], [ 442334.401229353796225, 4475587.227251228876412 ], [ 442324.650929354305845, 4475432.147151228971779 ], [ 442324.649864261853509, 4475432.132039478048682 ], [ 442312.609564261394553, 4475277.962139477953315 ], [ 442302.819846508617047, 4475152.659591884352267 ], [ 442300.700218761456199, 4475119.037082973867655 ], [ 442300.699945851985831, 4475119.032894000411034 ], [ 442286.020720822678413, 4474900.779145767912269 ], [ 442318.096948338847142, 4474781.579352428205311 ], [ 442318.109405279916245, 4474781.527610692195594 ], [ 442318.119091852626298, 4474781.475279507227242 ], [ 442318.125980620796327, 4474781.422507094219327 ], [ 442318.130052072869148, 4474781.369442926719785 ], [ 442318.131294676917605, 4474781.316237301565707 ], [ 442318.12970491341548, 4474781.263040916994214 ], [ 442318.125287285191007, 4474781.210004447028041 ], [ 442318.118054304621182, 4474781.15727810934186 ], [ 442318.108026458299719, 4474781.105011247098446 ], [ 442318.09523214888759, 4474781.053351898677647 ], [ 442318.079707614844665, 4474781.002446383237839 ], [ 442318.061496827518567, 4474780.952438885346055 ], [ 442318.040651366871316, 4474780.903471045196056 ], [ 442318.017230275203474, 4474780.855681558139622 ], [ 442317.991299889981747, 4474780.809205781668425 ], [ 442317.962933656002861, 4474780.764175354503095 ], [ 442317.932211917359382, 4474780.72071781847626 ], [ 442317.899221689673141, 4474780.678956262767315 ], [ 442317.864056413935032, 4474780.639008972793818 ], [ 442317.826815691601951, 4474780.600989093072712 ], [ 442317.787605002755299, 4474780.56500431150198 ], [ 442317.746535407030024, 4474780.531156550161541 ], [ 442317.703723229176831, 4474780.499541679397225 ], [ 442317.659289729781449, 4474780.470249244011939 ], [ 442317.613360761373769, 4474780.443362211808562 ], [ 442317.566066412487999, 4474780.418956737965345 ], [ 442317.517540638684295, 4474780.397101946175098 ], [ 442317.467920883675106, 4474780.377859738655388 ], [ 442317.41734768950846, 4474780.361284617334604 ], [ 442317.365964298893232, 4474780.347423527389765 ], [ 442210.756687571061775, 4474754.611391479149461 ], [ 442106.367356692091562, 4474727.075473899953067 ], [ 442106.312804495333694, 4474727.062707218341529 ], [ 442050.663125638791826, 4474715.673411545343697 ], [ 441934.753755722020287, 4474691.945017702877522 ], [ 441924.223541328159627, 4474689.795173788443208 ], [ 441910.125207842327654, 4474686.907642768695951 ], [ 441872.476611264573876, 4474678.290607013739645 ], [ 441814.925473306153435, 4474665.135327105410397 ], [ 441810.564031586400233, 4474663.960326822474599 ], [ 441810.559774045250379, 4474663.959189869463444 ], [ 441573.19117404561257, 4474601.131189869716763 ], [ 441573.14936715294607, 4474601.121081052348018 ], [ 441573.107164235087112, 4474601.112779353745282 ], [ 441277.903782736684661, 4474549.611571241170168 ], [ 441201.608682283025701, 4474530.650820166803896 ], [ 441201.557132497546263, 4474530.639444859698415 ], [ 441201.505054248380475, 4474530.630805765278637 ], [ 441201.452592666086275, 4474530.624926958233118 ], [ 441201.399893949390389, 4474530.621824821457267 ], [ 441201.347104957967531, 4474530.621508000418544 ], [ 441201.294372803007718, 4474530.623977377079427 ], [ 441201.241844437259715, 4474530.629226070828736 ], [ 441201.189666245714761, 4474530.637239455245435 ], [ 441201.137983637338039, 4474530.647995197214186 ], [ 441201.086940640176181, 4474530.661463323049247 ], [ 441201.036679499607999, 4474530.677606301382184 ], [ 441200.987340282299556, 4474530.696379143744707 ], [ 441200.939060485747177, 4474530.717729535885155 ], [ 441200.891974655038211, 4474530.741597978398204 ], [ 441200.846214007877279, 4474530.767917954362929 ], [ 441200.801906068983953, 4474530.796616117469966 ], [ 441200.759174314909615, 4474530.827612491324544 ], [ 441200.718137829389889, 4474530.860820695757866 ], [ 441200.67891097208485, 4474530.896148187108338 ], [ 441200.641603059542831, 4474530.93349651619792 ], [ 441200.606318060657941, 4474530.972761600278318 ], [ 441200.573154306795914, 4474531.013834017328918 ], [ 441200.54220421804348, 4474531.056599306873977 ], [ 441200.513554045406636, 4474531.100938292220235 ], [ 441200.487283630529419, 4474531.146727409213781 ], [ 441200.463466183340643, 4474531.193839055486023 ], [ 441200.442168077628594, 4474531.242141940630972 ], [ 441200.423448666580953, 4474531.291501455008984 ], [ 441200.407360116951168, 4474531.341780044138432 ], [ 441200.39394726412138, 4474531.392837593331933 ], [ 441200.383247486548498, 4474531.444531816989183 ], [ 441200.375290602212772, 4474531.496718654409051 ], [ 441200.370098785264418, 4474531.549252672120929 ], [ 441200.367686503974255, 4474531.601987469941378 ], [ 441200.368060480977874, 4474531.654776087962091 ], [ 441200.371219674067106, 4474531.707471414469182 ], [ 441200.377155279216822, 4474531.759926601313055 ], [ 441200.385850755206775, 4474531.81199546623975 ], [ 441200.397281869722065, 4474531.863532904535532 ], [ 441200.411416766757611, 4474531.9143952941522 ], [ 441200.428216055675875, 4474531.964440892450511 ], [ 441354.456759648746811, 4474953.588738131336868 ], [ 441405.815242724027485, 4475099.850732820108533 ], [ 441429.006164140999317, 4475188.007814353331923 ], [ 441463.290364833548665, 4475339.101174899376929 ] ] ], [ [ [ 440585.515586086607073, 4474601.905873786658049 ], [ 440585.560241034312639, 4474601.895495702512562 ], [ 440585.604373395850416, 4474601.88308185338974 ], [ 440643.543873396120034, 4474584.142581854015589 ], [ 440643.59019862045534, 4474584.127150830812752 ], [ 440643.635715385142248, 4474584.109476923011243 ], [ 440643.995715385477524, 4474583.959476922638714 ], [ 440644.042770958854817, 4474583.938431142829359 ], [ 440644.088679517037235, 4474583.914988529868424 ], [ 440644.133319073938765, 4474583.889211373403668 ], [ 440644.176571015501395, 4474583.861168167553842 ], [ 440644.218320414656773, 4474583.83093342743814 ], [ 440644.258456336974632, 4474583.798587491735816 ], [ 440644.29687213525176, 4474583.764216308481991 ], [ 440644.333465732866898, 4474583.7279112059623 ], [ 440644.368139895028435, 4474583.689768653362989 ], [ 440644.400802487216424, 4474583.649890000931919 ], [ 440644.431366720062215, 4474583.608381212688982 ], [ 440644.459751379676163, 4474583.56535258423537 ], [ 440644.485881043656264, 4474583.520918447524309 ], [ 440644.509686281671748, 4474583.475196871906519 ], [ 440644.531103839457501, 4474583.428309346549213 ], [ 440644.550076807383448, 4474583.380380458198488 ], [ 440644.566554771328811, 4474583.331537561491132 ], [ 440644.580493946908973, 4474583.281910439953208 ], [ 440644.591857295599766, 4474583.231630959548056 ], [ 440644.600614623224828, 4474583.180832721292973 ], [ 440644.60674266028218, 4474583.129650702700019 ], [ 440644.610225123644341, 4474583.078220902942121 ], [ 440644.611052759806626, 4474583.026679979637265 ], [ 440644.609223369683605, 4474582.975164882838726 ], [ 440644.604741814255249, 4474582.923812497407198 ], [ 440638.769506612501573, 4474531.424901887774467 ], [ 440651.497978819417767, 4474447.041626220569015 ], [ 440673.504522774543148, 4474376.91521564964205 ], [ 440673.518808466324117, 4474376.865169289521873 ], [ 440673.530471011588816, 4474376.814447456970811 ], [ 440673.539478819700889, 4474376.763187545351684 ], [ 440673.545807490998413, 4474376.711528401821852 ], [ 440673.549439882976003, 4474376.659609956666827 ], [ 440673.550366156443488, 4474376.607572843320668 ], [ 440673.548583802417852, 4474376.555558014661074 ], [ 440673.544097648700699, 4474376.503706364892423 ], [ 440673.536919847188983, 4474376.452158344909549 ], [ 440673.527069840405602, 4474376.401053584180772 ], [ 440673.514574309287127, 4474376.350530511699617 ], [ 440673.499467100715265, 4474376.300725978799164 ], [ 440673.48178913583979, 4474376.251774894073606 ], [ 440673.461588299425784, 4474376.203809850849211 ], [ 440673.438919309701305, 4474376.15696077235043 ], [ 440673.413843570742756, 4474376.111354561522603 ], [ 440673.386429005593527, 4474376.067114750854671 ], [ 440673.356749872618821, 4474376.024361175484955 ], [ 440673.324886564281769, 4474375.983209640718997 ], [ 440673.290925389330368, 4474375.94377161655575 ], [ 440673.254958339093719, 4474375.906153928488493 ], [ 440673.217082838120405, 4474375.87045847158879 ], [ 440673.177401480556, 4474375.836781935766339 ], [ 440673.136021752026863, 4474375.805215542204678 ], [ 440673.093055738660041, 4474375.775844792835414 ], [ 440673.048619823297486, 4474375.748749246820807 ], [ 440673.002834370417986, 4474375.724002297967672 ], [ 440652.106949831184465, 4474365.122925003990531 ], [ 440623.891774900839664, 4474322.805181528441608 ], [ 440577.216185696481261, 4474233.811923977918923 ], [ 440577.180440860858653, 4474233.749360616318882 ], [ 440565.490440860448871, 4474214.89946061745286 ], [ 440565.457727505010553, 4474214.850043028593063 ], [ 440565.422144183772616, 4474214.802650108002126 ], [ 440565.383815874753054, 4474214.757448310963809 ], [ 440548.423915875551756, 4474195.917548310942948 ], [ 440548.371641839272343, 4474195.863689648918808 ], [ 440531.411741839139722, 4474179.653789650648832 ], [ 440531.379275329294614, 4474179.624097689054906 ], [ 440510.269275328959338, 4474161.154297686181962 ], [ 440510.259877529926598, 4474161.146177737042308 ], [ 440497.465488543675747, 4474150.229512332007289 ], [ 440441.33305011712946, 4474098.235256762243807 ], [ 440396.120459136960562, 4474053.422712627798319 ], [ 440347.055881544540171, 4474003.318345710635185 ], [ 440347.018740551313385, 4474003.282330387271941 ], [ 440346.979786617797799, 4474003.248284125700593 ], [ 440346.939124006195925, 4474003.216298051178455 ], [ 440346.896861552260816, 4474003.18645777925849 ], [ 440346.853112373850308, 4474003.158843176439404 ], [ 440346.807993568188976, 4474003.133528155274689 ], [ 440346.761625898303464, 4474003.11058047413826 ], [ 440346.714133469911758, 4474003.09006155282259 ], [ 440346.66564339917386, 4474003.072026311419904 ], [ 440346.616285472526215, 4474003.05652302224189 ], [ 440346.566191799240187, 4474003.043593181297183 ], [ 440346.515496457985137, 4474003.033271395601332 ], [ 440346.46433513762895, 4474003.025585291907191 ], [ 440346.412844774371479, 4474003.020555442199111 ], [ 440346.361163185094483, 4474003.01819530967623 ], [ 440346.309428698557895, 4474003.018511211499572 ], [ 440346.257779785024468, 4474003.021502302028239 ], [ 440346.206354685709812, 4474003.027160575613379 ], [ 440346.155291042930912, 4474003.035470887087286 ], [ 440346.104725531302392, 4474003.046410993672907 ], [ 440346.054793492483441, 4474003.059951613657176 ], [ 440333.28489349182928, 4474006.880151613615453 ], [ 440333.238111742422916, 4474006.895410377532244 ], [ 440333.19213724671863, 4474006.912951977923512 ], [ 440333.147081325529143, 4474006.932733937166631 ], [ 440333.10305307561066, 4474006.95470835827291 ], [ 440333.060159105283674, 4474006.978822031989694 ], [ 440333.018503276456613, 4474007.005016571842134 ], [ 440325.168603276659269, 4474012.21511657256633 ], [ 440325.12390440289164, 4474012.246576872654259 ], [ 440325.080991288181394, 4474012.280432512052357 ], [ 440325.039992145611905, 4474012.316582340747118 ], [ 440325.001029469887726, 4474012.354918350465596 ], [ 440324.964219671441242, 4474012.395326005294919 ], [ 440324.929672728350852, 4474012.437684575095773 ], [ 440324.897491857816931, 4474012.481867506168783 ], [ 440324.867773208010476, 4474012.527742789126933 ], [ 440324.840605570469052, 4474012.575173362158239 ], [ 440319.397412817343138, 4474022.710773661732674 ], [ 440278.099537389760371, 4473980.142286106012762 ], [ 440278.061829540820327, 4473980.105415286496282 ], [ 440278.022230298840441, 4473980.070583702996373 ], [ 440277.98084980295971, 4473980.03788823261857 ], [ 440277.93780314642936, 4473980.007419814355671 ], [ 440277.893210056354292, 4473979.979263189248741 ], [ 440219.121710056555457, 4473945.003063189797103 ], [ 440219.08167181868339, 4473944.980465416796505 ], [ 440219.040637232828885, 4473944.959731807000935 ], [ 440209.415037232916802, 4473940.370831806212664 ], [ 440209.365194452577271, 4473940.348716796375811 ], [ 440209.314220319094602, 4473940.329351515509188 ], [ 440209.262266397767235, 4473940.31279354263097 ], [ 440209.209487167012412, 4473940.299092112109065 ], [ 440209.15603955934057, 4473940.288287963718176 ], [ 440201.433139559871051, 4473938.945187965407968 ], [ 440201.387593822320923, 4473938.938343593850732 ], [ 440201.341781243390869, 4473938.933603632263839 ], [ 440201.295799003506545, 4473938.930978134274483 ], [ 440201.249744642875157, 4473938.930472669191658 ], [ 440191.959944642498158, 4473939.042472668923438 ], [ 440191.89050144131761, 4473939.045726541429758 ], [ 440138.513698364375159, 4473943.410378253087401 ], [ 440094.530510481446981, 4473945.978339908644557 ], [ 440072.364137817814481, 4473942.653547396883368 ], [ 439983.562867481377907, 4473906.956365379504859 ], [ 439976.345663413812872, 4473895.197987130843103 ], [ 439976.316737740766257, 4473895.153548271395266 ], [ 439976.285497248056345, 4473895.110705086961389 ], [ 439976.252029768598732, 4473895.069578032009304 ], [ 439976.216429396299645, 4473895.030282735824585 ], [ 439976.178796222025994, 4473894.992929677478969 ], [ 439976.139236051531043, 4473894.957623873837292 ], [ 439976.097860108595341, 4473894.924464588984847 ], [ 439976.054784721927717, 4473894.893545050173998 ], [ 439976.010130998329259, 4473894.864952187985182 ], [ 439975.964024482003879, 4473894.838766391389072 ], [ 439975.916594801703468, 4473894.815061281435192 ], [ 439975.867975306347944, 4473894.793903505429626 ], [ 439975.818302689993288, 4473894.775352547876537 ], [ 439975.767716607486364, 4473894.759460566565394 ], [ 439975.716359281970654, 4473894.746272241696715 ], [ 439975.66437510488322, 4473894.73582465108484 ], [ 439975.611910230130889, 4473894.728147168643773 ], [ 439975.559112163085956, 4473894.723261379636824 ], [ 439975.506129345856607, 4473894.72118102107197 ], [ 439975.453110739996191, 4473894.72191194165498 ], [ 439975.400205407640897, 4473894.725452085956931 ], [ 439975.347562092472799, 4473894.731791501864791 ], [ 439975.295328801614232, 4473894.740912364795804 ], [ 439975.243652389326598, 4473894.752789031714201 ], [ 439975.192678144143429, 4473894.767388111911714 ], [ 439954.292778144590557, 4473901.357488112524152 ], [ 439954.261326216277666, 4473901.367981798015535 ], [ 439909.111626215395518, 4473917.268381797708571 ], [ 439909.0629763577017, 4473917.286952308379114 ], [ 439909.01535916904686, 4473917.308030160143971 ], [ 439908.968903771601617, 4473917.331558198668063 ], [ 439908.923736137221567, 4473917.357472620904446 ], [ 439908.879978745651897, 4473917.385703157633543 ], [ 439908.837750252743717, 4473917.416173256002367 ], [ 439908.79716516827466, 4473917.448800291866064 ], [ 439908.758333545643836, 4473917.483495789580047 ], [ 439908.721360683615785, 4473917.520165668800473 ], [ 439908.68634684040444, 4473917.558710490353405 ], [ 439908.653386962134391, 4473917.599025734700263 ], [ 439908.622570425155573, 4473917.641002080403268 ], [ 439908.593980793841183, 4473917.684525700286031 ], [ 439908.567695593868848, 4473917.729478573426604 ], [ 439908.54378610214917, 4473917.775738800875843 ], [ 439908.522317153401673, 4473917.823180942796171 ], [ 439908.503346964367665, 4473917.871676349081099 ], [ 439908.486926975951064, 4473917.921093516983092 ], [ 439908.473101713869255, 4473917.971298443153501 ], [ 439908.461908667581156, 4473918.022154988721013 ], [ 439908.453378189064097, 4473918.073525247164071 ], [ 439908.44753341015894, 4473918.125269919633865 ], [ 439908.444390179938637, 4473918.177248690277338 ], [ 439908.443957021867391, 4473918.229320610873401 ], [ 439908.446235110575799, 4473918.281344478018582 ], [ 439908.451218268484809, 4473918.333179222419858 ], [ 439908.458892983035184, 4473918.384684282355011 ], [ 439908.469238442892674, 4473918.435719995759428 ], [ 439908.482226594525855, 4473918.486147968098521 ], [ 439920.926489116682205, 4473962.070778979919851 ], [ 439928.362841854919679, 4474007.322860813699663 ], [ 439915.479148546466604, 4474031.806116712279618 ], [ 439915.455433055001777, 4474031.854278285056353 ], [ 439915.434336306585465, 4474031.903643139638007 ], [ 439915.415919101447798, 4474031.954069008119404 ], [ 439895.294985767977778, 4474091.999469268135726 ], [ 439891.522515893040691, 4474095.193776703439653 ], [ 439886.315038610133342, 4474095.503969392739236 ], [ 439886.250914504111279, 4474095.50986607093364 ], [ 439881.030914504430257, 4474096.159966072067618 ], [ 439880.978102299675811, 4474096.167981022037566 ], [ 439880.925793422502466, 4474096.178804595954716 ], [ 439880.874137129518203, 4474096.192405912093818 ], [ 439880.823280815035105, 4474096.208746158517897 ], [ 439880.77336959092645, 4474096.227778712287545 ], [ 439880.724545872246381, 4474096.249449266120791 ], [ 439880.676948971115053, 4474096.273695985786617 ], [ 439880.630714699043892, 4474096.300449686124921 ], [ 439880.585974979330786, 4474096.329634028486907 ], [ 439880.54285747098038, 4474096.361165740527213 ], [ 439880.501485204091296, 4474096.39495484996587 ], [ 439880.46197622892214, 4474096.430904944427311 ], [ 439880.424443279276602, 4474096.468913444317877 ], [ 439880.388993450324051, 4474096.508871898055077 ], [ 439880.3557278936496, 4474096.550666289404035 ], [ 439880.324741527962033, 4474096.594177363440394 ], [ 439880.296122768893838, 4474096.639280966483057 ], [ 439863.346322768367827, 4474124.999480966478586 ], [ 439863.320381701167207, 4474125.045615488663316 ], [ 439863.296917903993744, 4474125.093057909980416 ], [ 439863.275997106917202, 4474125.141675328835845 ], [ 439863.257677916029934, 4474125.191331550478935 ], [ 439863.242011649417691, 4474125.241887472569942 ], [ 439863.229042193619534, 4474125.293201469816267 ], [ 439863.218805880344007, 4474125.345129795372486 ], [ 439863.211331384896766, 4474125.397526980377734 ], [ 439863.206639645854011, 4474125.450246243737638 ], [ 439863.204743806330953, 4474125.503139900974929 ], [ 439863.205649177252781, 4474125.556059777736664 ], [ 439863.209353222278878, 4474125.608857629820704 ], [ 439863.215845565253403, 4474125.661385552026331 ], [ 439863.225108018901665, 4474125.713496396318078 ], [ 439863.23711463593645, 4474125.765044182538986 ], [ 439874.36761965835467, 4474168.409913936629891 ], [ 439868.645609935279936, 4474208.751366160809994 ], [ 439868.639658109110314, 4474208.802914956584573 ], [ 439868.636388327518944, 4474208.854703092947602 ], [ 439868.635809394996613, 4474208.90659112110734 ], [ 439868.637922870519105, 4474208.958439320325851 ], [ 439868.642723063123412, 4474209.010108080692589 ], [ 439868.65019704727456, 4474209.061458271928132 ], [ 439868.660324697731994, 4474209.112351623363793 ], [ 439868.673078743857332, 4474209.162651095539331 ], [ 439868.688424842664972, 4474209.212221246212721 ], [ 439868.706321671779733, 4474209.260928598232567 ], [ 439868.726721040264238, 4474209.308641996234655 ], [ 439868.749568018771242, 4474209.355232962407172 ], [ 439868.774801087158266, 4474209.40057604201138 ], [ 439868.802352300321218, 4474209.444549138657749 ], [ 439868.832147470908239, 4474209.487033845856786 ], [ 439868.864106369495858, 4474209.527915766462684 ], [ 439868.898142940248363, 4474209.567084815353155 ], [ 439868.934165532817133, 4474209.604435523971915 ], [ 439868.972077149024699, 4474209.639867316931486 ], [ 439869.011775704217143, 4474209.673284786753356 ], [ 439869.053154302004259, 4474209.704597950913012 ], [ 439869.096101522038225, 4474209.733722491189837 ], [ 439869.140501720306929, 4474209.760579984635115 ], [ 439869.186235340312123, 4474209.785098113119602 ], [ 439869.233179234957788, 4474209.807210854254663 ], [ 439878.729386320977937, 4474213.982844695448875 ], [ 439874.958963773620781, 4474256.203651499934494 ], [ 439874.958087874634657, 4474256.214074754156172 ], [ 439874.79945576749742, 4474258.227978300303221 ], [ 439871.781342661299277, 4474285.332031168043613 ], [ 439871.776979938324075, 4474285.383061854168773 ], [ 439871.775235710549168, 4474285.434248981066048 ], [ 439871.776114553329535, 4474285.485458276234567 ], [ 439871.779614161408972, 4474285.536555409431458 ], [ 439871.785725354682654, 4474285.587406343780458 ], [ 439871.794432102469727, 4474285.637877690605819 ], [ 439873.794432102469727, 4474295.68787768855691 ], [ 439873.798322039481718, 4474295.706497682258487 ], [ 439876.319401813962031, 4474307.225739657878876 ], [ 439884.731383031699806, 4474370.551358057186007 ], [ 439868.563645158254076, 4474373.883484549820423 ], [ 439868.512399663159158, 4474373.895459964871407 ], [ 439868.461855132365599, 4474373.910114716738462 ], [ 439868.41215154947713, 4474373.927408218383789 ], [ 439868.363426569092553, 4474373.947292574681342 ], [ 439868.315815135720186, 4474373.969712715595961 ], [ 439868.269449109619018, 4474373.994606549851596 ], [ 439868.224456902069505, 4474374.02190513163805 ], [ 439868.180963119550142, 4474374.051532858982682 ], [ 439868.139088218507823, 4474374.083407676778734 ], [ 439868.098948172060773, 4474374.117441307753325 ], [ 439868.060654148401227, 4474374.153539494611323 ], [ 439868.024312203342561, 4474374.191602263599634 ], [ 439867.990022986254189, 4474374.231524198316038 ], [ 439867.957881461596116, 4474374.273194736801088 ], [ 439867.927976645645685, 4474374.316498469561338 ], [ 439867.900391360046342, 4474374.361315468326211 ], [ 439867.875202002702281, 4474374.407521611079574 ], [ 439867.852478335727938, 4474374.454988929443061 ], [ 439867.832283292606007, 4474374.503585961647332 ], [ 439867.814672803739086, 4474374.553178118541837 ], [ 439867.799695641617291, 4474374.603628053329885 ], [ 439867.787393285543658, 4474374.654796045273542 ], [ 439867.777799807139672, 4474374.706540383398533 ], [ 439867.770941775641404, 4474374.75871776137501 ], [ 439867.766838184383232, 4474374.811183672398329 ], [ 439867.765500398352742, 4474374.863792813383043 ], [ 439867.766932122583967, 4474374.916399480774999 ], [ 439867.771129391854629, 4474374.968857981264591 ], [ 439867.778080581803806, 4474375.021023030392826 ], [ 439867.787766441004351, 4474375.072750154882669 ], [ 439867.800160144397523, 4474375.123896097764373 ], [ 439867.815227367449552, 4474375.174319208599627 ], [ 439867.832926381379366, 4474375.223879841156304 ], [ 439867.853208168409765, 4474375.272440735250711 ], [ 439889.953208168968558, 4474424.502340736798942 ], [ 439889.958645083243027, 4474424.514242949895561 ], [ 439894.438483982463367, 4474434.153896295465529 ], [ 439896.480696758721024, 4474438.557106281630695 ], [ 439919.024679869471584, 4474492.173780519515276 ], [ 439923.566221010813024, 4474522.938737945631146 ], [ 439923.573248557688203, 4474522.980268931016326 ], [ 439923.582018823944964, 4474523.021467129699886 ], [ 439935.682118824333884, 4474574.511467131786048 ], [ 439935.693294751050416, 4474574.554671703837812 ], [ 439943.049962375953328, 4474600.584437956102192 ], [ 439926.429369260673411, 4474641.516680927947164 ], [ 439926.41075666656252, 4474641.566244095563889 ], [ 439926.394793248793576, 4474641.616722858510911 ], [ 439926.381523752002977, 4474641.667975728400052 ], [ 439926.370985369605478, 4474641.719859046861529 ], [ 439926.363207640184555, 4474641.772227387875319 ], [ 439926.358212364139035, 4474641.824933966621757 ], [ 439926.356013542914297, 4474641.8778310501948 ], [ 439926.356617339653894, 4474641.930770371109247 ], [ 439926.360022061970085, 4474641.98360354360193 ], [ 439926.366218166658655, 4474642.036182479001582 ], [ 439926.375188286416233, 4474642.088359803892672 ], [ 439926.386907278560102, 4474642.139989267103374 ], [ 439926.401342295517679, 4474642.190926154144108 ], [ 439926.418452876852825, 4474642.241027694195509 ], [ 439926.438191062712576, 4474642.29015345312655 ], [ 439926.460501528170425, 4474642.338165736757219 ], [ 439926.485321738466155, 4474642.384929968975484 ], [ 439926.512582124094479, 4474642.430315071716905 ], [ 439926.542206275975332, 4474642.474193835631013 ], [ 439926.574111159483436, 4474642.516443269327283 ], [ 439926.608207347220741, 4474642.556944950483739 ], [ 439926.644399269833229, 4474642.595585356466472 ], [ 439926.682585483591538, 4474642.632256180047989 ], [ 439926.722658955026418, 4474642.666854635812342 ], [ 439926.76450736069819, 4474642.69928374607116 ], [ 439926.80801340227481, 4474642.729452613741159 ], [ 439926.853055134997703, 4474642.757276677526534 ], [ 439926.899506309826393, 4474642.782677949406207 ], [ 439926.94723672705004, 4474642.805585229769349 ], [ 439926.996112601424102, 4474642.825934311375022 ], [ 439927.045996936911251, 4474642.843668158166111 ], [ 439927.096749910910148, 4474642.858737061731517 ], [ 439927.148229266051203, 4474642.871098785661161 ], [ 439927.200290709093679, 4474642.880718681029975 ], [ 439927.252788315003272, 4474642.88756978418678 ], [ 439927.305574936384801, 4474642.891632890328765 ], [ 439927.358502615708858, 4474642.892896612174809 ], [ 439927.411423000099603, 4474642.891357407905161 ], [ 440077.928588798153214, 4474634.521281163208187 ], [ 440112.448042596806772, 4474646.862927204929292 ], [ 440112.499028548190836, 4474646.879627617076039 ], [ 440112.550836796348449, 4474646.893569510430098 ], [ 440112.60331821301952, 4474646.904712755233049 ], [ 440112.656321731919888, 4474646.913025273941457 ], [ 440112.709694783901796, 4474646.918483140878379 ], [ 440112.763283736188896, 4474646.921070645563304 ], [ 440143.093083736603148, 4474647.570770647376776 ], [ 440143.134492383687757, 4474647.570800133980811 ], [ 440169.654292383522261, 4474647.040500131435692 ], [ 440169.697808766155504, 4474647.038681279867887 ], [ 440169.741204673773609, 4474647.03496927395463 ], [ 440205.551004673819989, 4474643.184669274836779 ], [ 440480.685154813341796, 4474613.60582987125963 ], [ 440510.650748028012458, 4474612.446852885186672 ], [ 440510.684386733628344, 4474612.44498389121145 ], [ 440547.804086734249722, 4474609.754683893173933 ], [ 440547.848244423570577, 4474609.750497210770845 ], [ 440547.892173016676679, 4474609.744356482289732 ], [ 440547.935786087065935, 4474609.736273788847029 ], [ 440585.515586086607073, 4474601.905873786658049 ] ] ] ] } }
]
}
