{
"type": "FeatureCollection",
"name": "trend_classification_q_1",
"crs": { "type": "name", "properties": { "name": "urn:ogc:def:crs:EPSG::25830" } },
"features": [
{ "type": "Feature", "properties": { "tau": -0.50769233703613281, "two_sided_pval": 0.00030056302784942091, "name": "Embajadores", "classification": "negative trend with prob > 99%" }, "geometry": { "type": "Polygon", "coordinates": [ [ [ 440112.784699999727309, 4474645.921299999579787 ], [ 440078.074900000356138, 4474633.511600000783801 ], [ 439927.355899999849498, 4474641.892899999395013 ], [ 439944.105600000359118, 4474600.642699998803437 ], [ 439936.655600000172853, 4474574.282700000330806 ], [ 439924.555499999783933, 4474522.792699998244643 ], [ 439919.995500000193715, 4474491.902699999511242 ], [ 439897.395499999634922, 4474438.152799999341369 ], [ 439895.345499999821186, 4474433.732799999415874 ], [ 439890.865500000363681, 4474424.092800000682473 ], [ 439868.765499999804888, 4474374.862899999134243 ], [ 439885.845300000160933, 4474371.342800000682473 ], [ 439877.305200000293553, 4474307.052700000815094 ], [ 439874.775200000032783, 4474295.492699997499585 ], [ 439872.775200000032783, 4474285.442699999548495 ], [ 439875.795099999755621, 4474258.322600000537932 ], [ 439875.955000000016298, 4474256.292600000277162 ], [ 439879.789300000295043, 4474213.356499998830259 ], [ 439869.635700000391807, 4474208.891799999400973 ], [ 439875.385900000110269, 4474168.351600000634789 ], [ 439864.204699999652803, 4474125.512500000186265 ], [ 439881.154500000178814, 4474097.152300000190735 ], [ 439886.374499999859836, 4474096.502199999056756 ], [ 439891.914499999955297, 4474096.1722 ], [ 439896.154400000348687, 4474092.582100000232458 ], [ 439916.364099999889731, 4474032.27180000115186 ], [ 439929.40400000003865, 4474007.491699998266995 ], [ 439921.903900000266731, 4473961.851700000464916 ], [ 439909.443799999542534, 4473918.2116 ], [ 439954.593500000424683, 4473902.311200000345707 ], [ 439975.493399999977555, 4473895.721099999733269 ], [ 439979.533300000301097, 4473875.650900000706315 ], [ 439969.974100000225008, 4473814.758300000801682 ], [ 439910.259200000262354, 4473665.747899998910725 ], [ 439892.863099999725819, 4473645.451199998147786 ], [ 439888.133100000268314, 4473635.391299999319017 ], [ 439830.923200000077486, 4473548.021600000560284 ], [ 439748.85329999960959, 4473414.021999998949468 ], [ 439738.113300000317395, 4473397.902000001631677 ], [ 439667.913399999961257, 4473285.6124 ], [ 439613.033300000242889, 4473137.67259999923408 ], [ 439581.693500000052154, 4473146.782800001092255 ], [ 439442.744500000029802, 4473225.554100000299513 ], [ 439312.775500000454485, 4473297.515300001017749 ], [ 439182.756500000192318, 4473366.866599999368191 ], [ 439051.928200000023935, 4473636.018199999816716 ], [ 439094.068300000391901, 4473742.778200000524521 ], [ 439173.118400000035763, 4473946.2281 ], [ 438961.659699999727309, 4473950.029799999669194 ], [ 438944.199900000356138, 4473950.700000000186265 ], [ 438871.450299999676645, 4473952.720599999651313 ], [ 438662.901600000448525, 4473958.512500000186265 ], [ 438672.922100000141654, 4474107.442799999378622 ], [ 438714.552500000223517, 4474311.722999998368323 ], [ 438733.862700000405312, 4474407.153100001625717 ], [ 438743.372800000011921, 4474454.113099998794496 ], [ 438761.332700000144541, 4474467.352999999187887 ], [ 438789.742600000463426, 4474488.27280000038445 ], [ 438827.662499999627471, 4474526.562599999830127 ], [ 438859.132399999536574, 4474565.24239999987185 ], [ 438884.922399999573827, 4474612.262299998663366 ], [ 438893.692400000058115, 4474631.452200000174344 ], [ 438902.612399999983609, 4474650.952199998311698 ], [ 438903.122399999760091, 4474652.072200001217425 ], [ 439083.751299999654293, 4474654.175699999555945 ], [ 439190.540599999949336, 4474659.42960000038147 ], [ 439260.3602, 4474660.108999998308718 ], [ 439300.669900000095367, 4474665.258600000292063 ], [ 439300.729899999743793, 4474665.278599999845028 ], [ 439438.089399999938905, 4474783.487599999643862 ], [ 439482.049300000129733, 4474821.317299999296665 ], [ 439486.359299999661744, 4474830.467299999669194 ], [ 439499.819199999794364, 4474847.43720000050962 ], [ 439511.119199999608099, 4474861.677199999801815 ], [ 439623.868700000457466, 4474946.936300000175834 ], [ 439671.598500000312924, 4474983.025999999605119 ], [ 439692.568500000052154, 4474997.265799998305738 ], [ 439694.508399999700487, 4474998.585799998603761 ], [ 439755.557900000421796, 4474944.264999999664724 ], [ 439944.326200000010431, 4474786.612999999895692 ], [ 440112.784699999727309, 4474645.921299999579787 ] ] ] } },
{ "type": "Feature", "properties": { "tau": -0.52615392208099365, "two_sided_pval": 0.00017891667084768414, "name": "Cortes", "classification": "negative trend with prob > 99%" }, "geometry": { "type": "Polygon", "coordinates": [ [ [ 440277.381799999624491, 4473980.838599999435246 ], [ 440368.002399999648333, 4473937.93709999974817 ], [ 440480.6402000002563, 4473884.806700000539422 ], [ 440608.039800000376999, 4473815.191899999044836 ], [ 440691.689899999648333, 4473758.333200000226498 ], [ 440725.368300000205636, 4473736.554300000891089 ], [ 440879.017099999822676, 4473630.692900000140071 ], [ 440967.556400000117719, 4473572.212099998258054 ], [ 441110.46540000004461, 4473490.010800001211464 ], [ 441289.95409999974072, 4473392.749199999496341 ], [ 441282.38399999961257, 4473350.069199998863041 ], [ 441296.563799999654293, 4473320.979100000113249 ], [ 441236.324099999852479, 4473273.36949999909848 ], [ 441212.864199999719858, 4473248.29969999846071 ], [ 441201.384200000204146, 4473231.029799999669194 ], [ 441201.344200000166893, 4473230.969799999147654 ], [ 441197.80420000012964, 4473225.639799999073148 ], [ 441184.78419999970356, 4473200.779899999499321 ], [ 441181.244199999608099, 4473184.229899999685585 ], [ 441178.884100000374019, 4473160.909800000488758 ], [ 441140.854399999603629, 4473176.920199998654425 ], [ 441126.354500000365078, 4473191.330299998633564 ], [ 441121.814600000157952, 4473194.600400000810623 ], [ 441116.504599999578204, 4473195.610400000587106 ], [ 441104.684700000099838, 4473193.3405 ], [ 441003.935200000181794, 4473158.581299999728799 ], [ 440993.605200000165496, 4473163.621400001458824 ], [ 440783.976300000271294, 4473093.14289999846369 ], [ 440778.216300000436604, 4473091.003000000491738 ], [ 440656.126899999566376, 4473047.613999999128282 ], [ 440596.22719999961555, 4473026.504400000907481 ], [ 440519.377600000239909, 4473001.304899998940527 ], [ 440517.928899999707937, 4473000.794700001366436 ], [ 440385.948200000450015, 4472954.316000001505017 ], [ 440350.318400000222027, 4472954.016299999319017 ], [ 440272.918899999931455, 4472969.566899999044836 ], [ 440050.900399999693036, 4473024.688799999654293 ], [ 440000.951999999640975, 4473038.5801 ], [ 439890.401399999856949, 4473069.3301 ], [ 439794.292100000195205, 4473093.231000000610948 ], [ 439762.432300000509713, 4473099.351299998350441 ], [ 439646.442999999970198, 4473126.032299999147654 ], [ 439613.033300000242889, 4473137.67259999923408 ], [ 439667.913399999961257, 4473285.6124 ], [ 439738.113300000317395, 4473397.902000001631677 ], [ 439748.85329999960959, 4473414.021999998949468 ], [ 439830.923200000077486, 4473548.021600000560284 ], [ 439888.133100000268314, 4473635.391299999319017 ], [ 439892.863099999725819, 4473645.451199998147786 ], [ 439910.259200000262354, 4473665.747899998910725 ], [ 439969.974100000225008, 4473814.758300000801682 ], [ 439979.533300000301097, 4473875.650900000706315 ], [ 439975.493399999977555, 4473895.721099999733269 ], [ 439982.883399999700487, 4473907.761 ], [ 440072.099899999797344, 4473943.625099999830127 ], [ 440094.485000000335276, 4473946.982699999585748 ], [ 440138.583599999547005, 4473944.407999998889863 ], [ 440191.972000000067055, 4473940.042400000616908 ], [ 440201.261800000444055, 4473939.930400000885129 ], [ 440208.984699999913573, 4473941.273499999195337 ], [ 440218.610299999825656, 4473945.8624 ], [ 440277.381799999624491, 4473980.838599999435246 ] ] ] } },
{ "type": "Feature", "properties": { "tau": -0.54461544752120972, "two_sided_pval": 0.00010475188901182264, "name": "Sol", "classification": "negative trend with prob > 99%" }, "geometry": { "type": "Polygon", "coordinates": [ [ [ 440780.520100000314415, 4474528.375099998898804 ], [ 440907.759200000204146, 4474467.4638 ], [ 440991.948699999658857, 4474492.423099999316037 ], [ 441098.608099999837577, 4474516.782199998386204 ], [ 441201.367499999701977, 4474531.621299999766052 ], [ 441210.887299999594688, 4474481.06110000051558 ], [ 441194.067300000227988, 4474436.451199999079108 ], [ 441166.076999999582767, 4474266.17119999974966 ], [ 441155.086900000518654, 4474200.001299999654293 ], [ 441151.706799999810755, 4474148.721300000324845 ], [ 441167.826500000432134, 4474065.581000000238419 ], [ 441187.216099999903236, 4473943.250700000673532 ], [ 441211.815499999560416, 4473788.010299999266863 ], [ 441231.815100000239909, 4473658.089999998919666 ], [ 441254.744599999859929, 4473517.209699999541044 ], [ 441266.924399999901652, 4473462.319499999284744 ], [ 441289.95409999974072, 4473392.749199999496341 ], [ 441110.46540000004461, 4473490.010800001211464 ], [ 440967.556400000117719, 4473572.212099998258054 ], [ 440879.017099999822676, 4473630.692900000140071 ], [ 440725.368300000205636, 4473736.554300000891089 ], [ 440691.689899999648333, 4473758.333200000226498 ], [ 440608.039800000376999, 4473815.191899999044836 ], [ 440480.6402000002563, 4473884.806700000539422 ], [ 440368.002399999648333, 4473937.93709999974817 ], [ 440277.381799999624491, 4473980.838599999435246 ], [ 440319.631599999964237, 4474024.388300000689924 ], [ 440325.721599999815226, 4474013.0483 ], [ 440333.57149999961257, 4474007.838199999183416 ], [ 440346.341400000266731, 4474004.01799999922514 ], [ 440395.411199999973178, 4474054.12769999820739 ], [ 440440.641099999658763, 4474098.957399999722838 ], [ 440496.800900000205729, 4474150.977 ], [ 440509.610799999907613, 4474161.906899998895824 ], [ 440530.720800000242889, 4474180.376700001768768 ], [ 440547.680700000375509, 4474196.5866 ], [ 440564.640599999576807, 4474215.4265 ], [ 440576.330599999986589, 4474234.276399998925626 ], [ 440623.030600000172853, 4474323.316199998371303 ], [ 440651.4205, 4474365.895999998785555 ], [ 440672.550400000065565, 4474376.615799999795854 ], [ 440650.520700000284705, 4474446.81599999871105 ], [ 440637.760999999940395, 4474531.406300001777709 ], [ 440643.611100000329316, 4474583.036399999633431 ], [ 440780.520100000314415, 4474528.375099998898804 ] ] ] } },
{ "type": "Feature", "properties": { "tau": -0.54461544752120972, "two_sided_pval": 0.00010475188901182264, "name": "Palacio", "classification": "negative trend with prob > 99%" }, "geometry": { "type": "Polygon", "coordinates": [ [ [ 440991.948699999658857, 4474492.423099999316037 ], [ 440907.759200000204146, 4474467.4638 ], [ 440780.520100000314415, 4474528.375099998898804 ], [ 440643.611100000329316, 4474583.036399999633431 ], [ 440643.2511, 4474583.1864 ], [ 440585.311599999724422, 4474600.926899999380112 ], [ 440547.731800000183284, 4474608.757300001569092 ], [ 440510.612099999561906, 4474611.447599999606609 ], [ 440480.612300000153482, 4474612.607899999246001 ], [ 440476.812300000397954, 4474622.087899998761714 ], [ 440517.952399999834597, 4474758.36769999936223 ], [ 440535.522499999962747, 4474820.0077 ], [ 440539.692499999888241, 4474838.167700000107288 ], [ 440549.902599999681115, 4474894.157700000330806 ], [ 440559.362700000405312, 4474948.627699999138713 ], [ 440560.112700000463519, 4474957.707699999213219 ], [ 440563.792799999937415, 4475011.427699999883771 ], [ 440563.122899999842048, 4475032.367700000293553 ], [ 440562.992899999953806, 4475046.657800001092255 ], [ 440562.752999999560416, 4475074.167900000698864 ], [ 440556.503299999982119, 4475154.00800000037998 ], [ 440556.143299999646842, 4475155.317999999038875 ], [ 440543.953499999770429, 4475206.518200000748038 ], [ 440521.703900000080466, 4475281.788499998860061 ], [ 440480.394500000402331, 4475415.359099999070168 ], [ 440419.51549999974668, 4475617.170099999755621 ], [ 440458.435200000181794, 4475607.529599999077618 ], [ 440673.0636, 4475544.89750000089407 ], [ 440866.051799999608193, 4475489.9863 ], [ 440981.891300000308547, 4475455.444399998523295 ], [ 441035.940799999923911, 4475421.923900001682341 ], [ 441143.332100000232458, 4475350.442999999038875 ], [ 441350.628200000151992, 4475213.190700000151992 ], [ 441429.97759999986738, 4475187.769899999722838 ], [ 441406.772099999710917, 4475099.557399998418987 ], [ 441355.398199999704957, 4474953.251499999314547 ], [ 441201.367499999701977, 4474531.621299999766052 ], [ 441098.608099999837577, 4474516.782199998386204 ], [ 440991.948699999658857, 4474492.423099999316037 ] ] ] } },
{ "type": "Feature", "properties": { "tau": -0.51384621858596802, "two_sided_pval": 0.00025330268545076251, "name": "Justicia", "classification": "negative trend with prob > 99%" }, "geometry": { "type": "Polygon", "coordinates": [ [ [ 440517.952399999834597, 4474758.36769999936223 ], [ 440476.812300000397954, 4474622.087899998761714 ], [ 440480.612300000153482, 4474612.607899999246001 ], [ 440205.444100000022445, 4474642.190399999730289 ], [ 440169.634299999976065, 4474646.04069999884814 ], [ 440143.114500000141561, 4474646.571000001393259 ], [ 440112.784699999727309, 4474645.921299999579787 ], [ 439944.326200000010431, 4474786.612999999895692 ], [ 439755.557900000421796, 4474944.264999999664724 ], [ 439694.508399999700487, 4474998.585799998603761 ], [ 439626.279199999698903, 4475095.676599998958409 ], [ 439563.639999999664724, 4475213.467400001361966 ], [ 439503.790699999779463, 4475330.148199998773634 ], [ 439443.401499999687076, 4475447.869100000709295 ], [ 439423.711699999927077, 4475483.609299999661744 ], [ 439390.682099999859929, 4475543.519799999892712 ], [ 439301.373200000321958, 4475705.530999998562038 ], [ 439251.223899999691639, 4475797.921800000593066 ], [ 439248.503899999894202, 4475802.941800001077354 ], [ 439383.963700000254903, 4475782.862800000235438 ], [ 439477.712299999780953, 4475769.239399998448789 ], [ 439618.501299999654293, 4475749.61809999961406 ], [ 439733.560399999842048, 4475733.256899999454618 ], [ 439875.689799999818206, 4475713.206599999219179 ], [ 439969.789099999761675, 4475701.12470000050962 ], [ 439995.418600000441074, 4475697.8328 ], [ 440131.627600000239909, 4475680.153 ], [ 440314.616200000047684, 4475638.211100000888109 ], [ 440419.51549999974668, 4475617.170099999755621 ], [ 440480.394500000402331, 4475415.359099999070168 ], [ 440521.703900000080466, 4475281.788499998860061 ], [ 440543.953499999770429, 4475206.518200000748038 ], [ 440556.143299999646842, 4475155.317999999038875 ], [ 440556.503299999982119, 4475154.00800000037998 ], [ 440562.752999999560416, 4475074.167900000698864 ], [ 440562.992899999953806, 4475046.657800001092255 ], [ 440563.122899999842048, 4475032.367700000293553 ], [ 440563.792799999937415, 4475011.427699999883771 ], [ 440560.112700000463519, 4474957.707699999213219 ], [ 440559.362700000405312, 4474948.627699999138713 ], [ 440549.902599999681115, 4474894.157700000330806 ], [ 440539.692499999888241, 4474838.167700000107288 ], [ 440535.522499999962747, 4474820.0077 ], [ 440517.952399999834597, 4474758.36769999936223 ] ] ] } },
{ "type": "Feature", "properties": { "tau": -0.52000004053115845, "two_sided_pval": 0.00021308124996721745, "name": "Universidad", "classification": "negative trend with prob > 99%" }, "geometry": { "type": "Polygon", "coordinates": [ [ [ 440205.444100000022445, 4474642.190399999730289 ], [ 440480.612300000153482, 4474612.607899999246001 ], [ 440510.612099999561906, 4474611.447599999606609 ], [ 440547.731800000183284, 4474608.757300001569092 ], [ 440585.311599999724422, 4474600.926899999380112 ], [ 440643.2511, 4474583.1864 ], [ 440643.611100000329316, 4474583.036399999633431 ], [ 440637.760999999940395, 4474531.406300001777709 ], [ 440650.520700000284705, 4474446.81599999871105 ], [ 440672.550400000065565, 4474376.615799999795854 ], [ 440651.4205, 4474365.895999998785555 ], [ 440623.030600000172853, 4474323.316199998371303 ], [ 440576.330599999986589, 4474234.276399998925626 ], [ 440564.640599999576807, 4474215.4265 ], [ 440547.680700000375509, 4474196.5866 ], [ 440530.720800000242889, 4474180.376700001768768 ], [ 440509.610799999907613, 4474161.906899998895824 ], [ 440496.800900000205729, 4474150.977 ], [ 440440.641099999658763, 4474098.957399999722838 ], [ 440395.411199999973178, 4474054.12769999820739 ], [ 440346.341400000266731, 4474004.01799999922514 ], [ 440333.57149999961257, 4474007.838199999183416 ], [ 440325.721599999815226, 4474013.0483 ], [ 440319.631599999964237, 4474024.388300000689924 ], [ 440277.381799999624491, 4473980.838599999435246 ], [ 440218.610299999825656, 4473945.8624 ], [ 440208.984699999913573, 4473941.273499999195337 ], [ 440201.261800000444055, 4473939.930400000885129 ], [ 440191.972000000067055, 4473940.042400000616908 ], [ 440138.583599999547005, 4473944.407999998889863 ], [ 440094.485000000335276, 4473946.982699999585748 ], [ 440072.099899999797344, 4473943.625099999830127 ], [ 439982.883399999700487, 4473907.761 ], [ 439975.493399999977555, 4473895.721099999733269 ], [ 439954.593500000424683, 4473902.311200000345707 ], [ 439909.443799999542534, 4473918.2116 ], [ 439921.903900000266731, 4473961.851700000464916 ], [ 439929.40400000003865, 4474007.491699998266995 ], [ 439916.364099999889731, 4474032.27180000115186 ], [ 439896.154400000348687, 4474092.582100000232458 ], [ 439891.914499999955297, 4474096.1722 ], [ 439886.374499999859836, 4474096.502199999056756 ], [ 439881.154500000178814, 4474097.152300000190735 ], [ 439864.204699999652803, 4474125.512500000186265 ], [ 439875.385900000110269, 4474168.351600000634789 ], [ 439869.635700000391807, 4474208.891799999400973 ], [ 439879.789300000295043, 4474213.356499998830259 ], [ 439875.955000000016298, 4474256.292600000277162 ], [ 439875.795099999755621, 4474258.322600000537932 ], [ 439872.775200000032783, 4474285.442699999548495 ], [ 439874.775200000032783, 4474295.492699997499585 ], [ 439877.305200000293553, 4474307.052700000815094 ], [ 439885.845300000160933, 4474371.342800000682473 ], [ 439868.765499999804888, 4474374.862899999134243 ], [ 439890.865500000363681, 4474424.092800000682473 ], [ 439895.345499999821186, 4474433.732799999415874 ], [ 439897.395499999634922, 4474438.152799999341369 ], [ 439919.995500000193715, 4474491.902699999511242 ], [ 439924.555499999783933, 4474522.792699998244643 ], [ 439936.655600000172853, 4474574.282700000330806 ], [ 439944.105600000359118, 4474600.642699998803437 ], [ 439927.355899999849498, 4474641.892899999395013 ], [ 440078.074900000356138, 4474633.511600000783801 ], [ 440112.784699999727309, 4474645.921299999579787 ], [ 440143.114500000141561, 4474646.571000001393259 ], [ 440169.634299999976065, 4474646.04069999884814 ], [ 440205.444100000022445, 4474642.190399999730289 ] ] ] } },
{ "type": "Feature", "properties": { "tau": -0.49538466334342957, "two_sided_pval": 0.00042085585300810635, "name": "Legazpi", "classification": "negative trend with prob > 99%" }, "geometry": { "type": "Polygon", "coordinates": [ [ [ 439379.681699999608099, 4472498.334499999880791 ], [ 439333.422500000335276, 4472363.293099999427795 ], [ 439248.612999999895692, 4472391.823799999430776 ], [ 439204.673299999907613, 4472399.52409999910742 ], [ 439174.603500000259373, 4472401.074400000274181 ], [ 439149.163599999621511, 4472399.52449999935925 ], [ 439129.113699999637902, 4472397.214699999429286 ], [ 438988.694500000216067, 4472384.455700000748038 ], [ 438984.954500000050757, 4472384.115800000727177 ], [ 438958.744599999859929, 4472384.886 ], [ 438923.284900000318885, 4472391.82630000077188 ], [ 438901.695000000298023, 4472397.986399999819696 ], [ 438870.855200000107288, 4472413.40669999923557 ], [ 438805.325699999928474, 4472461.207299998961389 ], [ 438756.766200000420213, 4472509.777799999341369 ], [ 438746.156299999856856, 4472532.607899999246001 ], [ 438736.706399999558926, 4472552.948100000619888 ], [ 438714.356800000183284, 4472623.1085 ], [ 438711.676900000311434, 4472635.39850000012666 ], [ 438699.7171, 4472690.178799998946488 ], [ 438685.428399999625981, 4472825.600599999539554 ], [ 438679.137799999676645, 4472869.7994 ], [ 438674.108, 4472910.079600000753999 ], [ 438672.838299999944866, 4472984.729799999855459 ], [ 438681.388399999588728, 4473052.169799999333918 ], [ 438706.128600000403821, 4473153.729999999515712 ], [ 438715.368700000457466, 4473187.7999 ], [ 438719.078700000420213, 4473201.480000000447035 ], [ 438753.889000000432134, 4473349.020099998451769 ], [ 438689.610500000417233, 4473668.521499999798834 ], [ 438676.860700000077486, 4473705.78169999923557 ], [ 438668.030799999774899, 4473727.361799999140203 ], [ 438665.60080000013113, 4473734.66190000064671 ], [ 438664.11089999973774, 4473739.121899998746812 ], [ 438663.890999999828637, 4473778.282000000588596 ], [ 438663.890999999828637, 4473779.411999999545515 ], [ 438662.901600000448525, 4473958.512500000186265 ], [ 438871.450299999676645, 4473952.720599999651313 ], [ 438944.199900000356138, 4473950.700000000186265 ], [ 438961.659699999727309, 4473950.029799999669194 ], [ 439173.118400000035763, 4473946.2281 ], [ 439094.068300000391901, 4473742.778200000524521 ], [ 439051.928200000023935, 4473636.018199999816716 ], [ 439182.756500000192318, 4473366.866599999368191 ], [ 439312.775500000454485, 4473297.515300001017749 ], [ 439442.744500000029802, 4473225.554100000299513 ], [ 439581.693500000052154, 4473146.782800001092255 ], [ 439613.033300000242889, 4473137.67259999923408 ], [ 439537.893099999986589, 4472925.562599999830127 ], [ 439479.732900000177324, 4472767.682799999602139 ], [ 439379.681699999608099, 4472498.334499999880791 ] ] ] } },
{ "type": "Feature", "properties": { "tau": -0.50153851509094238, "two_sided_pval": 0.0003559861215762794, "name": "Chopera", "classification": "negative trend with prob > 99%" }, "geometry": { "type": "Polygon", "coordinates": [ [ [ 440272.918899999931455, 4472969.566899999044836 ], [ 440350.318400000222027, 4472954.016299999319017 ], [ 440385.948200000450015, 4472954.316000001505017 ], [ 440456.877500000409782, 4472829.05519999936223 ], [ 440548.136500000080559, 4472676.724199999123812 ], [ 440631.555700000375509, 4472533.433399999514222 ], [ 440655.275399999693036, 4472504.203099999576807 ], [ 440623.985500000417233, 4472449.643300000578165 ], [ 440560.185600000433624, 4472360.563599999062717 ], [ 440508.045400000177324, 4472286.28279999922961 ], [ 440461.886900000274181, 4472221.512500000186265 ], [ 440419.325799999758601, 4472162.564400000497699 ], [ 440410.745799999684095, 4472153.384399999864399 ], [ 440402.305900000035763, 4472144.354499998502433 ], [ 440319.725999999791384, 4472034.864900001324713 ], [ 440200.04619999974966, 4471864.135500000789762 ], [ 439971.217699999921024, 4471939.317300000227988 ], [ 439896.318099999800324, 4471963.728000000119209 ], [ 439849.208399999944959, 4471982.718299999833107 ], [ 439772.019000000320375, 4472013.82899999897927 ], [ 439721.639299999922514, 4472041.879399999044836 ], [ 439678.559600000269711, 4472065.8597999997437 ], [ 439629.419999999925494, 4472101.520199999213219 ], [ 439563.900600000284612, 4472164.15090000256896 ], [ 439515.720999999903142, 4472216.18129999935627 ], [ 439478.151300000026822, 4472259.541700000874698 ], [ 439455.981499999761581, 4472283.631899999454618 ], [ 439404.911999999545515, 4472326.99239999987185 ], [ 439333.422500000335276, 4472363.293099999427795 ], [ 439379.681699999608099, 4472498.334499999880791 ], [ 439479.732900000177324, 4472767.682799999602139 ], [ 439537.893099999986589, 4472925.562599999830127 ], [ 439613.033300000242889, 4473137.67259999923408 ], [ 439646.442999999970198, 4473126.032299999147654 ], [ 439762.432300000509713, 4473099.351299998350441 ], [ 439794.292100000195205, 4473093.231000000610948 ], [ 439890.401399999856949, 4473069.3301 ], [ 440000.951999999640975, 4473038.5801 ], [ 440050.900399999693036, 4473024.688799999654293 ], [ 440272.918899999931455, 4472969.566899999044836 ] ] ] } },
{ "type": "Feature", "properties": { "tau": -0.52000004053115845, "two_sided_pval": 0.00021308124996721745, "name": "Delicias", "classification": "negative trend with prob > 99%" }, "geometry": { "type": "Polygon", "coordinates": [ [ [ 441005.240600000135601, 4471403.948999998159707 ], [ 440750.571399999782443, 4471178.4205 ], [ 440627.462500000314321, 4471351.491599998436868 ], [ 440389.374699999578297, 4471686.213900000788271 ], [ 440306.60539999982575, 4471776.5945999994874 ], [ 440220.395999999775086, 4471847.415400001220405 ], [ 440200.04619999974966, 4471864.135500000789762 ], [ 440319.725999999791384, 4472034.864900001324713 ], [ 440402.305900000035763, 4472144.354499998502433 ], [ 440410.745799999684095, 4472153.384399999864399 ], [ 440419.325799999758601, 4472162.564400000497699 ], [ 440461.886900000274181, 4472221.512500000186265 ], [ 440508.045400000177324, 4472286.28279999922961 ], [ 440560.185600000433624, 4472360.563599999062717 ], [ 440623.985500000417233, 4472449.643300000578165 ], [ 440655.275399999693036, 4472504.203099999576807 ], [ 440682.819899999536574, 4472434.7478 ], [ 440737.825699999928474, 4472329.242099999450147 ], [ 440775.603900000452995, 4472252.162699999287724 ], [ 440876.63300000037998, 4472057.500800001434982 ], [ 440917.232599999755621, 4471982.200300000607967 ], [ 440943.022300000302494, 4471928.530099999159575 ], [ 441038.64130000025034, 4471744.549100000411272 ], [ 441029.761099999770522, 4471621.159099998883903 ], [ 441005.240600000135601, 4471403.948999998159707 ] ] ] } },
{ "type": "Feature", "properties": { "tau": -0.54461544752120972, "two_sided_pval": 0.00010475188901182264, "name": "Acacias", "classification": "negative trend with prob > 99%" }, "geometry": { "type": "Polygon", "coordinates": [ [ [ 442320.510200000368059, 4471837.851500000804663 ], [ 442590.497999999730382, 4471523.291600001975894 ], [ 442494.681599999777973, 4471429.884199998341501 ], [ 442432.831899999640882, 4471366.625 ], [ 442395.99210000038147, 4471321.445499998517334 ], [ 442358.952200000174344, 4471265.415999998338521 ], [ 442083.330400000384543, 4470726.924100000411272 ], [ 442050.774600000120699, 4470674.801900000311434 ], [ 442032.21960000047693, 4470651.692700000479817 ], [ 442014.508000000438187, 4470633.644099998287857 ], [ 441997.471099999733269, 4470618.462900000624359 ], [ 441976.217299999727402, 4470603.4506 ], [ 441944.673999999649823, 4470590.462500000372529 ], [ 441915.53000000026077, 4470580.260700000450015 ], [ 441868.341900000406895, 4470568.210100000724196 ], [ 441688.7796, 4470525.022800001315773 ], [ 441648.290199999697506, 4470512.827099998481572 ], [ 441582.958100000396371, 4470491.991800000891089 ], [ 441537.402200000360608, 4470472.7456 ], [ 441506.855100000277162, 4470457.736999999731779 ], [ 441475.60149999987334, 4470439.020400000736117 ], [ 441452.9337, 4470421.963899999856949 ], [ 441250.31599999970058, 4470620.5389 ], [ 441041.043999999761581, 4470851.213600000366569 ], [ 440958.519000000320375, 4470942.178700000979006 ], [ 440750.571399999782443, 4471178.4205 ], [ 441005.240600000135601, 4471403.948999998159707 ], [ 441032.470499999821186, 4471414.148900000378489 ], [ 441164.93030000012368, 4471469.317300000227988 ], [ 441180.309899999760091, 4471475.877900000661612 ], [ 441370.992600000463426, 4471556.992200000211596 ], [ 441371.983099999837577, 4471557.413499999791384 ], [ 441535.597599999979138, 4471627.013399998657405 ], [ 441528.949699999764562, 4471644.275100000202656 ], [ 441605.7204, 4471677.8087 ], [ 441614.050800000317395, 4471682.965599999763072 ], [ 441622.480299999937415, 4471690.403400000184774 ], [ 441630.298000000417233, 4471700.584799999371171 ], [ 441683.421000000147615, 4471577.554999999701977 ], [ 441750.247200000158045, 4471625.223899999633431 ], [ 441777.167100000195205, 4471644.423800001852214 ], [ 441892.266699999570847, 4471730.542999999597669 ], [ 441909.036500000394881, 4471696.172800000756979 ], [ 441953.145999999716878, 4471605.80210000090301 ], [ 441991.545800000429153, 4471633.261599999852479 ], [ 442086.055200000293553, 4471700.840299998410046 ], [ 442134.155000000202563, 4471733.649599999189377 ], [ 442181.844700000307057, 4471766.169000000692904 ], [ 442187.834699999482837, 4471770.1689 ], [ 442192.984699999913573, 4471773.608799999579787 ], [ 442236.044400000013411, 4471796.628200000151992 ], [ 442277.704199999570847, 4471816.637599998153746 ], [ 442293.2341, 4471824.097400000318885 ], [ 442297.494099999777973, 4471826.497400000691414 ], [ 442320.510200000368059, 4471837.851500000804663 ] ] ] } },
{ "type": "Feature", "properties": { "tau": -0.56923079490661621, "two_sided_pval": 4.9996069719782099e-05, "name": "Palos de la Frontera", "classification": "negative trend with prob > 99%" }, "geometry": { "type": "Polygon", "coordinates": [ [ [ 440924.143899999558926, 4472490.011 ], [ 441109.832800000032876, 4472471.8695 ], [ 441122.612700000405312, 4472480.139499999582767 ], [ 441220.092199999839067, 4472473.5888 ], [ 441239.782100000418723, 4472472.268499999307096 ], [ 441248.722000000125263, 4472471.538500000722706 ], [ 441364.831299999787007, 4472462.097599999047816 ], [ 441830.290000000037253, 4472424.756599999032915 ], [ 442081.037899999879301, 4472126.399000002071261 ], [ 442310.012699999846518, 4471851.124699999578297 ], [ 442320.510200000368059, 4471837.851500000804663 ], [ 442297.494099999777973, 4471826.497400000691414 ], [ 442293.2341, 4471824.097400000318885 ], [ 442277.704199999570847, 4471816.637599998153746 ], [ 442236.044400000013411, 4471796.628200000151992 ], [ 442192.984699999913573, 4471773.608799999579787 ], [ 442187.834699999482837, 4471770.1689 ], [ 442181.844700000307057, 4471766.169000000692904 ], [ 442134.155000000202563, 4471733.649599999189377 ], [ 442086.055200000293553, 4471700.840299998410046 ], [ 441991.545800000429153, 4471633.261599999852479 ], [ 441953.145999999716878, 4471605.80210000090301 ], [ 441909.036500000394881, 4471696.172800000756979 ], [ 441892.266699999570847, 4471730.542999999597669 ], [ 441892.089200000278652, 4471730.410199999809265 ], [ 441777.167100000195205, 4471644.423800001852214 ], [ 441750.247200000158045, 4471625.223899999633431 ], [ 441683.421000000147615, 4471577.554999999701977 ], [ 441630.298000000417233, 4471700.584799999371171 ], [ 441622.480299999937415, 4471690.403400000184774 ], [ 441614.050800000317395, 4471682.965599999763072 ], [ 441605.7204, 4471677.8087 ], [ 441528.949699999764562, 4471644.275100000202656 ], [ 441535.597599999979138, 4471627.013399998657405 ], [ 441371.983099999837577, 4471557.413499999791384 ], [ 441370.992600000463426, 4471556.992200000211596 ], [ 441180.309899999760091, 4471475.877900000661612 ], [ 441164.93030000012368, 4471469.317300000227988 ], [ 441032.470499999821186, 4471414.148900000378489 ], [ 441005.240600000135601, 4471403.948999998159707 ], [ 441029.761099999770522, 4471621.159099998883903 ], [ 441038.64130000025034, 4471744.549100000411272 ], [ 440943.022300000302494, 4471928.530099999159575 ], [ 440917.232599999755621, 4471982.200300000607967 ], [ 440876.63300000037998, 4472057.500800001434982 ], [ 440775.603900000452995, 4472252.162699999287724 ], [ 440737.825699999928474, 4472329.242099999450147 ], [ 440682.819899999536574, 4472434.7478 ], [ 440655.275399999693036, 4472504.203099999576807 ], [ 440924.143899999558926, 4472490.011 ] ] ] } },
{ "type": "Feature", "properties": { "tau": -0.56923079490661621, "two_sided_pval": 4.9996069719782099e-05, "name": "Atocha", "classification": "negative trend with prob > 99%" }, "geometry": { "type": "Polygon", "coordinates": [ [ [ 441201.95409999974072, 4473184.229699999094009 ], [ 441345.682799999660347, 4473005.408299998380244 ], [ 441392.252399999648333, 4472947.4679000005126 ], [ 441401.212299999839161, 4472936.327800001017749 ], [ 441726.601599999703467, 4472548.286699999123812 ], [ 441830.290000000037253, 4472424.756599999032915 ], [ 441364.831299999787007, 4472462.097599999047816 ], [ 441248.722000000125263, 4472471.538500000722706 ], [ 441239.782100000418723, 4472472.268499999307096 ], [ 441220.092199999839067, 4472473.5888 ], [ 441122.612700000405312, 4472480.139499999582767 ], [ 441109.832800000032876, 4472471.8695 ], [ 440924.143899999558926, 4472490.011 ], [ 440655.275399999693036, 4472504.203099999576807 ], [ 440631.555700000375509, 4472533.433399999514222 ], [ 440548.136500000080559, 4472676.724199999123812 ], [ 440456.877500000409782, 4472829.05519999936223 ], [ 440385.948200000450015, 4472954.316000001505017 ], [ 440517.928899999707937, 4473000.794700001366436 ], [ 440519.377600000239909, 4473001.304899998940527 ], [ 440596.22719999961555, 4473026.504400000907481 ], [ 440656.126899999566376, 4473047.613999999128282 ], [ 440778.216300000436604, 4473091.003000000491738 ], [ 440783.976300000271294, 4473093.14289999846369 ], [ 440993.605200000165496, 4473163.621400001458824 ], [ 441003.935200000181794, 4473158.581299999728799 ], [ 441104.684700000099838, 4473193.3405 ], [ 441116.504599999578204, 4473195.610400000587106 ], [ 441121.814600000157952, 4473194.600400000810623 ], [ 441126.354500000365078, 4473191.330299998633564 ], [ 441140.854399999603629, 4473176.920199998654425 ], [ 441178.884100000374019, 4473160.909800000488758 ], [ 441181.244199999608099, 4473184.229899999685585 ], [ 441184.78419999970356, 4473200.779899999499321 ], [ 441197.80420000012964, 4473225.639799999073148 ], [ 441197.704199999570847, 4473222.009800000116229 ], [ 441197.414200000464916, 4473210.999800000339746 ], [ 441198.424100000411272, 4473192.31969999987632 ], [ 441200.284099999815226, 4473188.059699998237193 ], [ 441201.124099999724422, 4473186.1497 ], [ 441201.95409999974072, 4473184.229699999094009 ] ] ] } },
{ "type": "Feature", "properties": { "tau": -0.56923079490661621, "two_sided_pval": 4.9996069719782099e-05, "name": "Imperial", "classification": "negative trend with prob > 99%" }, "geometry": { "type": "Polygon", "coordinates": [ [ [ 441548.2818, 4473108.666799999773502 ], [ 441569.611700000241399, 4473091.176599999889731 ], [ 441639.231100000441074, 4473006.776000000536442 ], [ 441731.020299999974668, 4472895.615199999883771 ], [ 441902.078900000080466, 4472738.133699999190867 ], [ 441904.658900000154972, 4472736.843599998392165 ], [ 442076.747600000351667, 4472643.771199999377131 ], [ 442083.317499999888241, 4472640.221100000664592 ], [ 442084.15749999973923, 4472640.051000000908971 ], [ 442088.337500000372529, 4472639.201000000350177 ], [ 442096.317400000058115, 4472639.330899999476969 ], [ 442102.777400000020862, 4472641.390800000168383 ], [ 442121.137199999822769, 4472630.030500000342727 ], [ 442193.876600000075996, 4472584.9594 ], [ 442244.836199999786913, 4472553.35869999974966 ], [ 442289.97580000013113, 4472525.3881 ], [ 442327.215499999932945, 4472493.827499999664724 ], [ 442329.95550000021467, 4472491.507499999366701 ], [ 442377.235100000165403, 4472464.776699998416007 ], [ 442566.323300000338349, 4472258.59389999974519 ], [ 442608.602900000289083, 4472226.35329999960959 ], [ 442637.582700000144541, 4472197.382899998687208 ], [ 442658.78249999973923, 4472176.172499998472631 ], [ 442713.121899999678135, 4472100.301699998788536 ], [ 442721.211799999698997, 4472083.541500000283122 ], [ 442764.991200000047684, 4471992.760900000110269 ], [ 442840.290000000037253, 4471741.799599999561906 ], [ 442840.389999999664724, 4471741.459599998779595 ], [ 442753.270399999863002, 4471679.410699999891222 ], [ 442692.100700000301003, 4471625.89159999974072 ], [ 442590.497999999730382, 4471523.291600001975894 ], [ 442320.510200000368059, 4471837.851500000804663 ], [ 442310.012699999846518, 4471851.124699999578297 ], [ 442081.037899999879301, 4472126.399000002071261 ], [ 441830.290000000037253, 4472424.756599999032915 ], [ 441726.601599999703467, 4472548.286699999123812 ], [ 441401.212299999839161, 4472936.327800001017749 ], [ 441392.252399999648333, 4472947.4679000005126 ], [ 441345.682799999660347, 4473005.408299998380244 ], [ 441201.95409999974072, 4473184.229699999094009 ], [ 441201.124099999724422, 4473186.1497 ], [ 441200.284099999815226, 4473188.059699998237193 ], [ 441198.424100000411272, 4473192.31969999987632 ], [ 441197.414200000464916, 4473210.999800000339746 ], [ 441197.704199999570847, 4473222.009800000116229 ], [ 441197.80420000012964, 4473225.639799999073148 ], [ 441201.344200000166893, 4473230.969799999147654 ], [ 441201.384200000204146, 4473231.029799999669194 ], [ 441212.864199999719858, 4473248.29969999846071 ], [ 441236.324099999852479, 4473273.36949999909848 ], [ 441296.563799999654293, 4473320.979100000113249 ], [ 441325.873599999584258, 4473288.948799999430776 ], [ 441335.183500000275671, 4473284.508699999190867 ], [ 441353.663399999961257, 4473270.618599999696016 ], [ 441383.513100000098348, 4473244.748299998231232 ], [ 441431.7027000002563, 4473197.157800000160933 ], [ 441434.972699999809265, 4473199.977800000458956 ], [ 441463.182500000111759, 4473173.647600000724196 ], [ 441523.632000000216067, 4473128.86699999962002 ], [ 441548.2818, 4473108.666799999773502 ] ] ] } },
{ "type": "Feature", "properties": { "tau": -0.56307697296142578, "two_sided_pval": 6.0318256146274507e-05, "name": "Adelfas", "classification": "negative trend with prob > 99%" }, "geometry": { "type": "Polygon", "coordinates": [ [ [ 443129.161899999715388, 4473095.286799999885261 ], [ 443126.871899999736343, 4473079.916800000704825 ], [ 443121.081899999640882, 4473066.3969 ], [ 443112.711900000460446, 4473049.986999999731779 ], [ 443103.061900000087917, 4473036.147099998779595 ], [ 443090.182000000029802, 4473017.477299999445677 ], [ 443081.481999999843538, 4473005.887399999424815 ], [ 443073.122000000439584, 4472993.327500000596046 ], [ 443063.451999999640975, 4472979.507500001229346 ], [ 442964.052199999743607, 4472837.708799998275936 ], [ 442940.412299999967217, 4472803.44920000154525 ], [ 442888.862400000041816, 4472728.709699999541044 ], [ 442813.872600000409875, 4472625.810700000263751 ], [ 442734.752899999730289, 4472517.7017 ], [ 442641.425499999895692, 4472374.129300000146031 ], [ 442566.323300000338349, 4472258.59389999974519 ], [ 442377.235100000165403, 4472464.776699998416007 ], [ 442329.95550000021467, 4472491.507499999366701 ], [ 442327.215499999932945, 4472493.827499999664724 ], [ 442289.97580000013113, 4472525.3881 ], [ 442244.836199999786913, 4472553.35869999974966 ], [ 442193.876600000075996, 4472584.9594 ], [ 442121.137199999822769, 4472630.030500000342727 ], [ 442102.777400000020862, 4472641.390800000168383 ], [ 442096.317400000058115, 4472639.330899999476969 ], [ 442088.337500000372529, 4472639.201000000350177 ], [ 442084.15749999973923, 4472640.051000000908971 ], [ 442083.317499999888241, 4472640.221100000664592 ], [ 442076.747600000351667, 4472643.771199999377131 ], [ 441904.658900000154972, 4472736.843599998392165 ], [ 441902.078900000080466, 4472738.133699999190867 ], [ 441731.020299999974668, 4472895.615199999883771 ], [ 441639.231100000441074, 4473006.776000000536442 ], [ 441569.611700000241399, 4473091.176599999889731 ], [ 441548.2818, 4473108.666799999773502 ], [ 441555.391800000390504, 4473123.096799999475479 ], [ 441570.221800000406802, 4473158.186599999666214 ], [ 441684.479500000365078, 4473111.839999999850988 ], [ 441749.100899999961257, 4473094.449500001035631 ], [ 441772.716699999757111, 4473090.370199999772012 ], [ 441796.130300000309944, 4473088.534799999557436 ], [ 441825.210199999623001, 4473090.354599999263883 ], [ 441849.919999999925494, 4473094.97440000064671 ], [ 442010.879099999554455, 4473127.1124 ], [ 442131.068400000222027, 4473150.910700000822544 ], [ 442300.187400000169873, 4473188.808399999514222 ], [ 442401.276800000108778, 4473208.607000001706183 ], [ 442509.306099999696016, 4473199.065500000491738 ], [ 442702.05489999987185, 4473173.922800001688302 ], [ 442719.234699999913573, 4473171.682500000111759 ], [ 442826.453999999910593, 4473157.680999998934567 ], [ 442957.493099999672268, 4473138.889100001193583 ], [ 443131.281999999715481, 4473109.546799999661744 ], [ 443129.161899999715388, 4473095.286799999885261 ] ] ] } },
{ "type": "Feature", "properties": { "tau": -0.53846156597137451, "two_sided_pval": 0.00012544690980575979, "name": "Pací­fico", "classification": "negative trend with prob > 99%" }, "geometry": { "type": "Polygon", "coordinates": [ [ [ 442891.229700000025332, 4471780.698799999430776 ], [ 442840.389999999664724, 4471741.459599998779595 ], [ 442840.290000000037253, 4471741.799599999561906 ], [ 442764.991200000047684, 4471992.760900000110269 ], [ 442721.211799999698997, 4472083.541500000283122 ], [ 442713.121899999678135, 4472100.301699998788536 ], [ 442658.78249999973923, 4472176.172499998472631 ], [ 442637.582700000144541, 4472197.382899998687208 ], [ 442608.602900000289083, 4472226.35329999960959 ], [ 442566.323300000338349, 4472258.59389999974519 ], [ 442641.425499999895692, 4472374.129300000146031 ], [ 442734.752899999730289, 4472517.7017 ], [ 442813.872600000409875, 4472625.810700000263751 ], [ 442888.862400000041816, 4472728.709699999541044 ], [ 442940.412299999967217, 4472803.44920000154525 ], [ 442964.052199999743607, 4472837.708799998275936 ], [ 443063.451999999640975, 4472979.507500001229346 ], [ 443073.122000000439584, 4472993.327500000596046 ], [ 443081.481999999843538, 4473005.887399999424815 ], [ 443090.182000000029802, 4473017.477299999445677 ], [ 443103.061900000087917, 4473036.147099998779595 ], [ 443112.711900000460446, 4473049.986999999731779 ], [ 443121.081899999640882, 4473066.3969 ], [ 443126.871899999736343, 4473079.916800000704825 ], [ 443129.161899999715388, 4473095.286799999885261 ], [ 443131.281999999715481, 4473109.546799999661744 ], [ 443236.081299999787007, 4473104.795199999585748 ], [ 443555.629099999554455, 4473070.990799999795854 ], [ 443524.8591, 4472984.181099999696016 ], [ 443458.528900000266731, 4472796.911799999885261 ], [ 443426.848799999803305, 4472689.202099998481572 ], [ 443418.948699999600649, 4472659.282199998386204 ], [ 443289.848600000143051, 4472328.713700000196695 ], [ 443205.498700000345707, 4472183.754799998365343 ], [ 443173.748800000175834, 4472129.185199999250472 ], [ 443137.028900000266731, 4472080.505699999630451 ], [ 443107.81900000013411, 4472045.636099999770522 ], [ 443059.279199999757111, 4471990.5466 ], [ 443049.161000000312924, 4471975.308800001628697 ], [ 442966.529400000348687, 4471850.867900000885129 ], [ 442891.229700000025332, 4471780.698799999430776 ] ] ] } },
{ "type": "Feature", "properties": { "tau": -0.54461544752120972, "two_sided_pval": 0.00010475188901182264, "name": "Niño Jesús", "classification": "negative trend with prob > 99%" }, "geometry": { "type": "Polygon", "coordinates": [ [ [ 443560.739199999778066, 4473083.780699999071658 ], [ 443555.629099999554455, 4473070.990799999795854 ], [ 443236.081299999787007, 4473104.795199999585748 ], [ 443131.281999999715481, 4473109.546799999661744 ], [ 443148.382500000298023, 4473312.316600000485778 ], [ 443157.972799999639392, 4473460.39670000039041 ], [ 443169.253300000040326, 4473634.456700000911951 ], [ 443176.713600000366569, 4473749.576799998991191 ], [ 443180.243700000457466, 4473804.08669999986887 ], [ 443194.074199999740813, 4473982.006699998863041 ], [ 443209.004700000397861, 4474179.59669999871403 ], [ 443209.714700000418816, 4474187.296599999070168 ], [ 443211.744699999690056, 4474209.206700000911951 ], [ 443222.815100000298116, 4474362.156700000166893 ], [ 443242.79590000025928, 4474671.746700000949204 ], [ 443246.896099999605212, 4474721.796700001694262 ], [ 443583.003899999894202, 4474610.221899999305606 ], [ 443761.362700000405312, 4474548.309499999508262 ], [ 444118.650299999862909, 4474435.934399999678135 ], [ 444094.230000000447035, 4474299.384600001387298 ], [ 444053.549899999983609, 4474200.23509999923408 ], [ 443955.019700000062585, 4473995.506200001575053 ], [ 443914.639700000174344, 4473911.616599998436868 ], [ 443905.53969999961555, 4473892.96680000051856 ], [ 443877.729700000025332, 4473835.997099999338388 ], [ 443791.099600000306964, 4473658.538099999539554 ], [ 443787.069600000104401, 4473650.288200001232326 ], [ 443754.109600000083447, 4473582.778499999083579 ], [ 443754.069600000046194, 4473582.648600000888109 ], [ 443713.099399999715388, 4473465.039000001735985 ], [ 443680.779400000406895, 4473384.259399999864399 ], [ 443652.149299999698997, 4473312.599700001068413 ], [ 443560.739199999778066, 4473083.780699999071658 ] ] ] } },
{ "type": "Feature", "properties": { "tau": -0.54461544752120972, "two_sided_pval": 0.00010475188901182264, "name": "Estrella", "classification": "negative trend with prob > 99%" }, "geometry": { "type": "Polygon", "coordinates": [ [ [ 443222.815100000298116, 4474362.156700000166893 ], [ 443211.744699999690056, 4474209.206700000911951 ], [ 443025.495799999684095, 4474222.819200000725687 ], [ 443022.515800000168383, 4474189.469299999065697 ], [ 442750.857200000435114, 4474142.802999999374151 ], [ 442736.277300000248943, 4474140.30320000089705 ], [ 442734.867300000041723, 4474140.06319999974221 ], [ 442612.817900000140071, 4474118.0757 ], [ 442497.719200000108685, 4474091.727999999187887 ], [ 442450.019299999810755, 4474269.987199999392033 ], [ 442442.389399999752641, 4474299.757399999536574 ], [ 442375.689299999736249, 4474548.719799998216331 ], [ 442347.640800000168383, 4474655.30900000128895 ], [ 442333.600999999791384, 4474713.25929999910295 ], [ 442317.131299999542534, 4474781.319499999284744 ], [ 442362.161100000201259, 4474783.068900001235306 ], [ 442401.250900000333786, 4474782.018400001339614 ], [ 442404.430800000205636, 4474781.788299999199808 ], [ 442524.120199999772012, 4474774.076899998821318 ], [ 442653.209400000108872, 4474765.293800000101328 ], [ 442789.669999999925494, 4474755.273900000378489 ], [ 442921.387900000438094, 4474746.021200000308454 ], [ 443246.896099999605212, 4474721.796700001694262 ], [ 443242.79590000025928, 4474671.746700000949204 ], [ 443222.815100000298116, 4474362.156700000166893 ] ] ] } },
{ "type": "Feature", "properties": { "tau": -0.53230774402618408, "two_sided_pval": 0.00014995328092481941, "name": "Los Jerónimos", "classification": "negative trend with prob > 99%" }, "geometry": { "type": "Polygon", "coordinates": [ [ [ 442401.276800000108778, 4473208.607000001706183 ], [ 442300.187400000169873, 4473188.808399999514222 ], [ 442131.068400000222027, 4473150.910700000822544 ], [ 442010.879099999554455, 4473127.1124 ], [ 441849.919999999925494, 4473094.97440000064671 ], [ 441825.210199999623001, 4473090.354599999263883 ], [ 441796.130300000309944, 4473088.534799999557436 ], [ 441772.716699999757111, 4473090.370199999772012 ], [ 441749.100899999961257, 4473094.449500001035631 ], [ 441684.479500000365078, 4473111.839999999850988 ], [ 441570.221800000406802, 4473158.186599999666214 ], [ 441555.391800000390504, 4473123.096799999475479 ], [ 441548.2818, 4473108.666799999773502 ], [ 441523.632000000216067, 4473128.86699999962002 ], [ 441463.182500000111759, 4473173.647600000724196 ], [ 441434.972699999809265, 4473199.977800000458956 ], [ 441431.7027000002563, 4473197.157800000160933 ], [ 441383.513100000098348, 4473244.748299998231232 ], [ 441353.663399999961257, 4473270.618599999696016 ], [ 441335.183500000275671, 4473284.508699999190867 ], [ 441325.873599999584258, 4473288.948799999430776 ], [ 441296.563799999654293, 4473320.979100000113249 ], [ 441282.38399999961257, 4473350.069199998863041 ], [ 441289.95409999974072, 4473392.749199999496341 ], [ 441266.924399999901652, 4473462.319499999284744 ], [ 441254.744599999859929, 4473517.209699999541044 ], [ 441231.815100000239909, 4473658.089999998919666 ], [ 441211.815499999560416, 4473788.010299999266863 ], [ 441187.216099999903236, 4473943.250700000673532 ], [ 441167.826500000432134, 4474065.581000000238419 ], [ 441151.706799999810755, 4474148.721300000324845 ], [ 441155.086900000518654, 4474200.001299999654293 ], [ 441166.076999999582767, 4474266.17119999974966 ], [ 441194.067300000227988, 4474436.451199999079108 ], [ 441210.887299999594688, 4474481.06110000051558 ], [ 441201.367499999701977, 4474531.621299999766052 ], [ 441277.696999999694526, 4474550.590600000694394 ], [ 441572.935300000070129, 4474602.097899998538196 ], [ 441810.303899999707937, 4474664.925899998284876 ], [ 441814.683899999596179, 4474666.105900000780821 ], [ 441872.253499999642372, 4474679.265399998985231 ], [ 441909.91330000013113, 4474687.885000000707805 ], [ 441924.023199999704957, 4474690.774900000542402 ], [ 441934.553199999965727, 4474692.924699999392033 ], [ 442050.462600000202656, 4474716.653100000694394 ], [ 442106.112300000153482, 4474728.042400000616908 ], [ 442210.511800000444055, 4474755.581000000238419 ], [ 442317.131299999542534, 4474781.319499999284744 ], [ 442333.600999999791384, 4474713.25929999910295 ], [ 442347.640800000168383, 4474655.30900000128895 ], [ 442375.689299999736249, 4474548.719799998216331 ], [ 442442.389399999752641, 4474299.757399999536574 ], [ 442450.019299999810755, 4474269.987199999392033 ], [ 442497.719200000108685, 4474091.727999999187887 ], [ 442572.817400000058115, 4473809.275100000202656 ], [ 442619.76659999974072, 4473639.144299999810755 ], [ 442616.606599999591708, 4473631.784399998374283 ], [ 442567.406600000336766, 4473517.015000000596046 ], [ 442437.636800000444055, 4473285.646600001491606 ], [ 442401.276800000108778, 4473208.607000001706183 ] ] ] } },
{ "type": "Feature", "properties": { "tau": -0.53846156597137451, "two_sided_pval": 0.00012544690980575979, "name": "Ibiza", "classification": "negative trend with prob > 99%" }, "geometry": { "type": "Polygon", "coordinates": [ [ [ 443148.382500000298023, 4473312.316600000485778 ], [ 443131.281999999715481, 4473109.546799999661744 ], [ 442957.493099999672268, 4473138.889100001193583 ], [ 442826.453999999910593, 4473157.680999998934567 ], [ 442719.234699999913573, 4473171.682500000111759 ], [ 442702.05489999987185, 4473173.922800001688302 ], [ 442509.306099999696016, 4473199.065500000491738 ], [ 442401.276800000108778, 4473208.607000001706183 ], [ 442437.636800000444055, 4473285.646600001491606 ], [ 442567.406600000336766, 4473517.015000000596046 ], [ 442616.606599999591708, 4473631.784399998374283 ], [ 442619.76659999974072, 4473639.144299999810755 ], [ 442572.817400000058115, 4473809.275100000202656 ], [ 442497.719200000108685, 4474091.727999999187887 ], [ 442612.817900000140071, 4474118.0757 ], [ 442734.867300000041723, 4474140.06319999974221 ], [ 442736.277300000248943, 4474140.30320000089705 ], [ 442750.857200000435114, 4474142.802999999374151 ], [ 443022.515800000168383, 4474189.469299999065697 ], [ 443025.495799999684095, 4474222.819200000725687 ], [ 443211.744699999690056, 4474209.206700000911951 ], [ 443209.714700000418816, 4474187.296599999070168 ], [ 443209.004700000397861, 4474179.59669999871403 ], [ 443194.074199999740813, 4473982.006699998863041 ], [ 443180.243700000457466, 4473804.08669999986887 ], [ 443176.713600000366569, 4473749.576799998991191 ], [ 443169.253300000040326, 4473634.456700000911951 ], [ 443157.972799999639392, 4473460.39670000039041 ], [ 443148.382500000298023, 4473312.316600000485778 ] ] ] } },
{ "type": "Feature", "properties": { "tau": -0.55692315101623535, "two_sided_pval": 7.2636838012840599e-05, "name": "Goya", "classification": "negative trend with prob > 99%" }, "geometry": { "type": "Polygon", "coordinates": [ [ [ 441277.696999999694526, 4474550.590600000694394 ], [ 441201.367499999701977, 4474531.621299999766052 ], [ 441355.398199999704957, 4474953.251499999314547 ], [ 441406.772099999710917, 4475099.557399998418987 ], [ 441429.97759999986738, 4475187.769899999722838 ], [ 441464.267799999564886, 4475338.889699998311698 ], [ 441495.577899999916553, 4475490.989499999210238 ], [ 441527.248100000433624, 4475644.839400000870228 ], [ 441811.826100000180304, 4475625.776599999517202 ], [ 441901.345499999821186, 4475618.425699999555945 ], [ 441995.445000000298023, 4475610.704500000923872 ], [ 442333.403199999593198, 4475587.28999999910593 ], [ 442323.652900000102818, 4475432.209899999201298 ], [ 442311.612599999643862, 4475278.03999999910593 ], [ 442301.822300000116229, 4475152.730000001378357 ], [ 442299.702200000174344, 4475119.099999999627471 ], [ 442285.011800000444055, 4474900.680099999532104 ], [ 442317.131299999542534, 4474781.319499999284744 ], [ 442210.511800000444055, 4474755.581000000238419 ], [ 442106.112300000153482, 4474728.042400000616908 ], [ 442050.462600000202656, 4474716.653100000694394 ], [ 441934.553199999965727, 4474692.924699999392033 ], [ 441924.023199999704957, 4474690.774900000542402 ], [ 441909.91330000013113, 4474687.885000000707805 ], [ 441872.253499999642372, 4474679.265399998985231 ], [ 441814.683899999596179, 4474666.105900000780821 ], [ 441810.303899999707937, 4474664.925899998284876 ], [ 441572.935300000070129, 4474602.097899998538196 ], [ 441277.696999999694526, 4474550.590600000694394 ] ] ] } },
{ "type": "Feature", "properties": { "tau": -0.54461544752120972, "two_sided_pval": 0.00010475188901182264, "name": "Recoletos", "classification": "negative trend with prob > 99%" }, "geometry": { "type": "Polygon", "coordinates": [ [ [ 443261.896599999628961, 4474916.616699999198318 ], [ 443246.896099999605212, 4474721.796700001694262 ], [ 442921.387900000438094, 4474746.021200000308454 ], [ 442789.669999999925494, 4474755.273900000378489 ], [ 442653.209400000108872, 4474765.293800000101328 ], [ 442524.120199999772012, 4474774.076899998821318 ], [ 442404.430800000205636, 4474781.788299999199808 ], [ 442401.250900000333786, 4474782.018400001339614 ], [ 442362.161100000201259, 4474783.068900001235306 ], [ 442317.131299999542534, 4474781.319499999284744 ], [ 442285.011800000444055, 4474900.680099999532104 ], [ 442299.702200000174344, 4475119.099999999627471 ], [ 442301.822300000116229, 4475152.730000001378357 ], [ 442311.612599999643862, 4475278.03999999910593 ], [ 442323.652900000102818, 4475432.209899999201298 ], [ 442333.403199999593198, 4475587.28999999910593 ], [ 442460.16260000038892, 4475576.688200000673532 ], [ 442580.832000000402331, 4475568.576500000432134 ], [ 442710.121299999766052, 4475559.44480000063777 ], [ 442846.160600000061095, 4475550.472899998538196 ], [ 442974.42989999987185, 4475539.9112 ], [ 443024.049599999620114, 4475535.900499999523163 ], [ 443243.39850000012666, 4475518.157600000500679 ], [ 443278.698200000508223, 4475491.127000000327826 ], [ 443294.467799999751151, 4475363.286599999293685 ], [ 443281.987300000153482, 4475208.676599999889731 ], [ 443275.427099999971688, 4475108.676700000651181 ], [ 443273.826999999582767, 4475084.276699998416007 ], [ 443267.716799999587238, 4475012.926699998788536 ], [ 443266.716799999587238, 4475001.256699999794364 ], [ 443262.7966, 4474928.346700000576675 ], [ 443261.896599999628961, 4474916.616699999198318 ] ] ] } },
{ "type": "Feature", "properties": { "tau": -0.53230774402618408, "two_sided_pval": 0.00014995328092481941, "name": "Fuente del Berro", "classification": "negative trend with prob > 99%" }, "geometry": { "type": "Polygon", "coordinates": [ [ [ 444082.191599999554455, 4474745.645199998281896 ], [ 444118.650299999862909, 4474435.934399999678135 ], [ 443761.362700000405312, 4474548.309499999508262 ], [ 443583.003899999894202, 4474610.221899999305606 ], [ 443246.896099999605212, 4474721.796700001694262 ], [ 443261.896599999628961, 4474916.616699999198318 ], [ 443262.7966, 4474928.346700000576675 ], [ 443266.716799999587238, 4475001.256699999794364 ], [ 443267.716799999587238, 4475012.926699998788536 ], [ 443273.826999999582767, 4475084.276699998416007 ], [ 443275.427099999971688, 4475108.676700000651181 ], [ 443281.987300000153482, 4475208.676599999889731 ], [ 443294.467799999751151, 4475363.286599999293685 ], [ 443278.698200000508223, 4475491.127000000327826 ], [ 443400.297799999883864, 4475566.825400000438094 ], [ 443581.247299999929965, 4475679.47309999819845 ], [ 443591.917299999855459, 4475686.1129 ], [ 443685.957000000344124, 4475747.9517 ], [ 443809.206600000092294, 4475824.510199999436736 ], [ 443828.206600000150502, 4475830.099899999797344 ], [ 443834.806499999947846, 4475832.039799998514354 ], [ 443843.886500000022352, 4475834.459699998609722 ], [ 443861.90639999974519, 4475839.269499999471009 ], [ 443949.845999999903142, 4475852.208299999125302 ], [ 443966.955199999734759, 4475634.107799999415874 ], [ 444005.344100000336766, 4475354.11699999962002 ], [ 444042.322999999858439, 4475084.396199998445809 ], [ 444051.232699999585748, 4475008.676 ], [ 444082.191599999554455, 4474745.645199998281896 ] ] ] } },
{ "type": "Feature", "properties": { "tau": -0.50769233703613281, "two_sided_pval": 0.00030056302784942091, "name": "Lista", "classification": "negative trend with prob > 99%" }, "geometry": { "type": "Polygon", "coordinates": [ [ [ 443400.297799999883864, 4475566.825400000438094 ], [ 443278.698200000508223, 4475491.127000000327826 ], [ 443243.39850000012666, 4475518.157600000500679 ], [ 443154.919400000013411, 4475663.658800001256168 ], [ 443098.249900000169873, 4475750.24970000050962 ], [ 443002.550800000317395, 4475896.481099999509752 ], [ 442905.831699999980628, 4476051.702600000426173 ], [ 442885.63190000038594, 4476084.122799999080598 ], [ 442764.402900000102818, 4476242.834699999541044 ], [ 442685.293499999679625, 4476346.41579999960959 ], [ 442609.4841, 4476444.926900000311434 ], [ 442545.634600000397768, 4476527.897899999283254 ], [ 442579.012900000438094, 4476545.83629999961704 ], [ 442672.774299999698997, 4476620.087900000624359 ], [ 442726.325600000098348, 4476661.333100000396371 ], [ 442740.457600000314415, 4476669.0581 ], [ 442759.369099999777973, 4476677.617799998261034 ], [ 442774.498300000093877, 4476683.589700000360608 ], [ 442797.78940000012517, 4476689.760500000789762 ], [ 442893.311099999584258, 4476711.241499999538064 ], [ 442977.825199999846518, 4476730.471400000154972 ], [ 443022.13949999952456, 4476744.103399999439716 ], [ 443065.138299999758601, 4476760.4265 ], [ 443098.581799999810755, 4476775.953500001691282 ], [ 443136.006699999794364, 4476795.461800000630319 ], [ 443168.056699999608099, 4476815.7664 ], [ 443195.32909999974072, 4476834.677699999883771 ], [ 443309.952399999834597, 4476920.847999998368323 ], [ 443449.042100000195205, 4477025.566199998371303 ], [ 443509.071999999694526, 4477071.305500000715256 ], [ 443580.541899999603629, 4477122.764599999412894 ], [ 443663.441700000374112, 4477172.793500000610948 ], [ 443666.331699999980628, 4477174.143499999307096 ], [ 443802.811499999836087, 4477237.821900001727045 ], [ 443978.471199999563396, 4477315.579900000244379 ], [ 444018.710599999933038, 4477241.809100000187755 ], [ 444049.450100000016391, 4477168.29839999973774 ], [ 444071.509700000286102, 4477094.798000000417233 ], [ 444082.199500000104308, 4477040.667799999006093 ], [ 444085.539300000295043, 4476996.557700001634657 ], [ 444090.359000000171363, 4476895.417400000616908 ], [ 444090.768899999558926, 4476878.987500000745058 ], [ 444091.258799999952316, 4476859.247499999590218 ], [ 444085.458399999886751, 4476719.457399998791516 ], [ 444084.028300000354648, 4476684.747399999760091 ], [ 444075.178100000135601, 4476611.82740000076592 ], [ 444057.807599999941885, 4476468.667499999515712 ], [ 444056.877600000239909, 4476461.797499999403954 ], [ 444048.9375, 4476402.857599998824298 ], [ 444046.747399999701884, 4476386.7676 ], [ 444036.777200000360608, 4476313.747599999420345 ], [ 444029.777099999599159, 4476262.027599998749793 ], [ 444019.676900000253227, 4476210.697699999436736 ], [ 444004.266699999629054, 4476131.217800000682473 ], [ 443949.845999999903142, 4475852.208299999125302 ], [ 443861.90639999974519, 4475839.269499999471009 ], [ 443843.886500000022352, 4475834.459699998609722 ], [ 443834.806499999947846, 4475832.039799998514354 ], [ 443828.206600000150502, 4475830.099899999797344 ], [ 443809.206600000092294, 4475824.510199999436736 ], [ 443685.957000000344124, 4475747.9517 ], [ 443591.917299999855459, 4475686.1129 ], [ 443581.247299999929965, 4475679.47309999819845 ], [ 443400.297799999883864, 4475566.825400000438094 ] ] ] } },
{ "type": "Feature", "properties": { "tau": -0.55076926946640015, "two_sided_pval": 8.7309439550153911e-05, "name": "Castellana", "classification": "negative trend with prob > 99%" }, "geometry": { "type": "Polygon", "coordinates": [ [ [ 442401.301599999889731, 4476532.527200000360608 ], [ 442495.971099999733269, 4476526.18610000051558 ], [ 442529.175499999895692, 4476526.726699999533594 ], [ 442529.9847999997437, 4476526.784299999475479 ], [ 442545.634600000397768, 4476527.897899999283254 ], [ 442609.4841, 4476444.926900000311434 ], [ 442685.293499999679625, 4476346.41579999960959 ], [ 442764.402900000102818, 4476242.834699999541044 ], [ 442885.63190000038594, 4476084.122799999080598 ], [ 442905.831699999980628, 4476051.702600000426173 ], [ 443002.550800000317395, 4475896.481099999509752 ], [ 443098.249900000169873, 4475750.24970000050962 ], [ 443154.919400000013411, 4475663.658800001256168 ], [ 443243.39850000012666, 4475518.157600000500679 ], [ 443024.049599999620114, 4475535.900499999523163 ], [ 442974.42989999987185, 4475539.9112 ], [ 442846.160600000061095, 4475550.472899998538196 ], [ 442710.121299999766052, 4475559.44480000063777 ], [ 442580.832000000402331, 4475568.576500000432134 ], [ 442460.16260000038892, 4475576.688200000673532 ], [ 442333.403199999593198, 4475587.28999999910593 ], [ 442353.293800000101328, 4475858.999800000339746 ], [ 442363.444099999964237, 4476000.029900000430644 ], [ 442371.464399999938905, 4476118.089800000190735 ], [ 442379.514700000174344, 4476236.739799999631941 ], [ 442388.624900000228081, 4476366.079800000414252 ], [ 442401.301599999889731, 4476532.527200000360608 ] ] ] } },
{ "type": "Feature", "properties": { "tau": -0.56923079490661621, "two_sided_pval": 4.9996069719782099e-05, "name": "Guindalera", "classification": "negative trend with prob > 99%" }, "geometry": { "type": "Polygon", "coordinates": [ [ [ 442353.293800000101328, 4475858.999800000339746 ], [ 442333.403199999593198, 4475587.28999999910593 ], [ 441995.445000000298023, 4475610.704500000923872 ], [ 441901.345499999821186, 4475618.425699999555945 ], [ 441811.826100000180304, 4475625.776599999517202 ], [ 441527.248100000433624, 4475644.839400000870228 ], [ 441554.93819999974221, 4475781.489299999549985 ], [ 441606.248499999754131, 4476034.678999998606741 ], [ 441609.92850000038743, 4476051.248899999074638 ], [ 441582.539300000295043, 4476286.809499999508262 ], [ 441580.809299999848008, 4476290.199499999172986 ], [ 441529.979899999685585, 4476390.020100000314415 ], [ 441418.753499999642372, 4476600.104699999094009 ], [ 441796.778500000014901, 4476576.637499998323619 ], [ 441887.017799999564886, 4476570.386600000783801 ], [ 441971.777300000190735, 4476564.505599999800324 ], [ 442063.196899999864399, 4476558.16440000012517 ], [ 442177.226400000043213, 4476550.27280000038445 ], [ 442284.786100000143051, 4476541.630599998869002 ], [ 442401.301599999889731, 4476532.527200000360608 ], [ 442388.624900000228081, 4476366.079800000414252 ], [ 442379.514700000174344, 4476236.739799999631941 ], [ 442371.464399999938905, 4476118.089800000190735 ], [ 442363.444099999964237, 4476000.029900000430644 ], [ 442353.293800000101328, 4475858.999800000339746 ] ] ] } },
{ "type": "Feature", "properties": { "tau": -0.48923081159591675, "two_sided_pval": 0.00049663468962535262, "name": "El Viso", "classification": "negative trend with prob > 99%" }, "geometry": { "type": "Polygon", "coordinates": [ [ [ 442412.605700000189245, 4476697.81980000063777 ], [ 442401.301599999889731, 4476532.527200000360608 ], [ 442284.786100000143051, 4476541.630599998869002 ], [ 442177.226400000043213, 4476550.27280000038445 ], [ 442063.196899999864399, 4476558.16440000012517 ], [ 441971.777300000190735, 4476564.505599999800324 ], [ 441887.017799999564886, 4476570.386600000783801 ], [ 441796.778500000014901, 4476576.637499998323619 ], [ 441418.753499999642372, 4476600.104699999094009 ], [ 441386.0318, 4476736.831900000572205 ], [ 441330.992700000235345, 4476964.302799999713898 ], [ 441380.014499999582767, 4477514.036900001578033 ], [ 441390.927500000223517, 4477653.323999999091029 ], [ 441432.934899999760091, 4478170.092800001613796 ], [ 441555.696999999694526, 4478159.564099998213351 ], [ 441838.80489999987185, 4478135.150900000706315 ], [ 442220.372899999842048, 4478114.486099999397993 ], [ 442443.861999999731779, 4478112.583099999465048 ], [ 442545.981599999533501, 4478111.961799999698997 ], [ 442514.299899999983609, 4477783.93099999986589 ], [ 442492.968700000143144, 4477555.220499999821186 ], [ 442467.697300000116229, 4477286.959799999371171 ], [ 442441.516300000308547, 4477006.039700000546873 ], [ 442431.346099999733269, 4476897.659700000658631 ], [ 442412.605700000189245, 4476697.81980000063777 ] ] ] } },
{ "type": "Feature", "properties": { "tau": -0.4400000274181366, "two_sided_pval": 0.0017486570868641138, "name": "Ciudad Jardín", "classification": "negative trend with prob > 99%" }, "geometry": { "type": "Polygon", "coordinates": [ [ [ 443449.042100000195205, 4477025.566199998371303 ], [ 443309.952399999834597, 4476920.847999998368323 ], [ 443195.32909999974072, 4476834.677699999883771 ], [ 443168.056699999608099, 4476815.7664 ], [ 443136.006699999794364, 4476795.461800000630319 ], [ 443098.581799999810755, 4476775.953500001691282 ], [ 443065.138299999758601, 4476760.4265 ], [ 443022.13949999952456, 4476744.103399999439716 ], [ 442977.825199999846518, 4476730.471400000154972 ], [ 442893.311099999584258, 4476711.241499999538064 ], [ 442797.78940000012517, 4476689.760500000789762 ], [ 442774.498300000093877, 4476683.589700000360608 ], [ 442759.369099999777973, 4476677.617799998261034 ], [ 442740.457600000314415, 4476669.0581 ], [ 442726.325600000098348, 4476661.333100000396371 ], [ 442672.774299999698997, 4476620.087900000624359 ], [ 442579.012900000438094, 4476545.83629999961704 ], [ 442545.634600000397768, 4476527.897899999283254 ], [ 442529.9847999997437, 4476526.784299999475479 ], [ 442529.175499999895692, 4476526.726699999533594 ], [ 442495.971099999733269, 4476526.18610000051558 ], [ 442401.301599999889731, 4476532.527200000360608 ], [ 442412.605700000189245, 4476697.81980000063777 ], [ 442431.346099999733269, 4476897.659700000658631 ], [ 442441.516300000308547, 4477006.039700000546873 ], [ 442496.446100000292063, 4477002.028999998234212 ], [ 442575.915900000371039, 4477046.867900001816452 ], [ 442579.685899999924004, 4477049.737799999304116 ], [ 442671.145700000226498, 4477119.226700000464916 ], [ 442680.025700000172947, 4477128.686499999836087 ], [ 442803.485700000019278, 4477251.4452 ], [ 442848.655799999891315, 4477297.074799999594688 ], [ 442854.345800000242889, 4477301.564700000919402 ], [ 442963.925800000317395, 4477388.053600000217557 ], [ 443057.965900000184774, 4477463.782600000500679 ], [ 443125.175900000089314, 4477518.831900000572205 ], [ 443136.155899999663234, 4477528.921799999661744 ], [ 443213.166000000201166, 4477599.68099999986589 ], [ 443308.996199999935925, 4477695.5801 ], [ 443336.486200000159442, 4477717.849899999797344 ], [ 443365.836199999786913, 4477736.009500001557171 ], [ 443488.476200000441168, 4477822.07810000050813 ], [ 443499.606200000329409, 4477834.698100000619888 ], [ 443617.00650000013411, 4477963.467000000178814 ], [ 443606.256599999964237, 4477981.3772 ], [ 443579.407200000248849, 4478064.927899999544024 ], [ 443565.477500000095461, 4478107.698199999518692 ], [ 443558.527800000272691, 4478150.468499999493361 ], [ 443557.518000000156462, 4478192.24860000051558 ], [ 443771.367600000463426, 4478266.835999999195337 ], [ 443789.706600000150502, 4478107.375199999660254 ], [ 443794.236399999819696, 4478067.914999998174608 ], [ 443815.125500000081956, 4477931.644299999810755 ], [ 443835.014700000174344, 4477816.273600000888109 ], [ 443838.644600000232458, 4477799.113399999216199 ], [ 443849.934299999848008, 4477745.653100001625717 ], [ 443872.293700000271201, 4477657.392499999143183 ], [ 443888.293100000417326, 4477580.301999999210238 ], [ 443905.752700000070035, 4477513.39149999897927 ], [ 443929.022099999710917, 4477434.120900000445545 ], [ 443978.471199999563396, 4477315.579900000244379 ], [ 443802.811499999836087, 4477237.821900001727045 ], [ 443666.331699999980628, 4477174.143499999307096 ], [ 443663.441700000374112, 4477172.793500000610948 ], [ 443580.541899999603629, 4477122.764599999412894 ], [ 443509.071999999694526, 4477071.305500000715256 ], [ 443449.042100000195205, 4477025.566199998371303 ] ] ] } },
{ "type": "Feature", "properties": { "tau": -0.30461540818214417, "two_sided_pval": 0.030767094343900681, "name": "Prosperidad", "classification": "negative trend with prob > 95%" }, "geometry": { "type": "Polygon", "coordinates": [ [ [ 443403.861899999901652, 4478179.180500000715256 ], [ 443413.978500000201166, 4478173.36049999948591 ], [ 443480.818300000391901, 4478175.669599999673665 ], [ 443499.048200000077486, 4478178.389399999752641 ], [ 443521.258100000210106, 4478182.789100000634789 ], [ 443557.518000000156462, 4478192.24860000051558 ], [ 443558.527800000272691, 4478150.468499999493361 ], [ 443565.477500000095461, 4478107.698199999518692 ], [ 443579.407200000248849, 4478064.927899999544024 ], [ 443606.256599999964237, 4477981.3772 ], [ 443617.00650000013411, 4477963.467000000178814 ], [ 443499.606200000329409, 4477834.698100000619888 ], [ 443488.476200000441168, 4477822.07810000050813 ], [ 443365.836199999786913, 4477736.009500001557171 ], [ 443336.486200000159442, 4477717.849899999797344 ], [ 443308.996199999935925, 4477695.5801 ], [ 443213.166000000201166, 4477599.68099999986589 ], [ 443136.155899999663234, 4477528.921799999661744 ], [ 443125.175900000089314, 4477518.831900000572205 ], [ 443057.965900000184774, 4477463.782600000500679 ], [ 442963.925800000317395, 4477388.053600000217557 ], [ 442854.345800000242889, 4477301.564700000919402 ], [ 442848.655799999891315, 4477297.074799999594688 ], [ 442803.485700000019278, 4477251.4452 ], [ 442680.025700000172947, 4477128.686499999836087 ], [ 442671.145700000226498, 4477119.226700000464916 ], [ 442579.685899999924004, 4477049.737799999304116 ], [ 442575.915900000371039, 4477046.867900001816452 ], [ 442496.446100000292063, 4477002.028999998234212 ], [ 442441.516300000308547, 4477006.039700000546873 ], [ 442467.697300000116229, 4477286.959799999371171 ], [ 442492.968700000143144, 4477555.220499999821186 ], [ 442514.299899999983609, 4477783.93099999986589 ], [ 442545.981599999533501, 4478111.961799999698997 ], [ 442795.650600000284612, 4478107.218399999663234 ], [ 442861.290300000458956, 4478104.697600000537932 ], [ 443094.189799999818206, 4478170.334699998609722 ], [ 443127.009700000286102, 4478179.8043 ], [ 443168.039599999843631, 4478190.543800000101328 ], [ 443190.139499999582767, 4478193.683499999344349 ], [ 443232.419400000013411, 4478194.312999998219311 ], [ 443277.229199999943376, 4478193.052400000393391 ], [ 443316.359000000113156, 4478188.631799999624491 ], [ 443351.708800000138581, 4478184.211300001479685 ], [ 443403.861899999901652, 4478179.180500000715256 ] ] ] } },
{ "type": "Feature", "properties": { "tau": -0.32923078536987305, "two_sided_pval": 0.019470179453492165, "name": "Hispanoamérica", "classification": "negative trend with prob > 97%" }, "geometry": { "type": "Polygon", "coordinates": [ [ [ 443671.82149999961257, 4478864.099499999545515 ], [ 443716.8902000002563, 4478672.89820000063628 ], [ 443748.29899999970803, 4478480.327099999412894 ], [ 443757.668399999849498, 4478393.596599999815226 ], [ 443771.367600000463426, 4478266.835999999195337 ], [ 443557.518000000156462, 4478192.24860000051558 ], [ 443521.258100000210106, 4478182.789100000634789 ], [ 443499.048200000077486, 4478178.389399999752641 ], [ 443480.818300000391901, 4478175.669599999673665 ], [ 443413.978500000201166, 4478173.36049999948591 ], [ 443403.861899999901652, 4478179.180500000715256 ], [ 443351.708800000138581, 4478184.211300001479685 ], [ 443316.359000000113156, 4478188.631799999624491 ], [ 443277.229199999943376, 4478193.052400000393391 ], [ 443232.419400000013411, 4478194.312999998219311 ], [ 443190.139499999582767, 4478193.683499999344349 ], [ 443168.039599999843631, 4478190.543800000101328 ], [ 443127.009700000286102, 4478179.8043 ], [ 443094.189799999818206, 4478170.334699998609722 ], [ 442861.290300000458956, 4478104.697600000537932 ], [ 442795.650600000284612, 4478107.218399999663234 ], [ 442545.981599999533501, 4478111.961799999698997 ], [ 442443.861999999731779, 4478112.583099999465048 ], [ 442220.372899999842048, 4478114.486099999397993 ], [ 441838.80489999987185, 4478135.150900000706315 ], [ 441555.696999999694526, 4478159.564099998213351 ], [ 441432.934899999760091, 4478170.092800001613796 ], [ 441469.350800000189338, 4478614.80519999936223 ], [ 441495.553500000445638, 4478937.57010000012815 ], [ 441661.660500000230968, 4478923.585799998603761 ], [ 441771.75970000034431, 4478914.66330000013113 ], [ 441873.618999999947846, 4478906.823400000110269 ], [ 441907.268699999898672, 4478903.403100000694394 ], [ 442095.427799999713898, 4478885.960600000806153 ], [ 442099.337799999862909, 4478885.770500000566244 ], [ 442179.287399999797344, 4478881.84940000064671 ], [ 442299.58700000034878, 4478885.4978 ], [ 442534.206100000068545, 4478886.044700000435114 ], [ 442615.465699999534991, 4478879.763599999248981 ], [ 442708.796299999579787, 4478872.992799999192357 ], [ 443027.575500000268221, 4478860.369999998249114 ], [ 443048.999699999578297, 4478859.74650000128895 ], [ 443091.403699999675155, 4478857.997199999168515 ], [ 443123.733599999919534, 4478860.436799998395145 ], [ 443169.195899999700487, 4478868.831999999471009 ], [ 443207.196100000292063, 4478880.809900000691414 ], [ 443338.8432, 4478926.394099999219179 ], [ 443623.672600000165403, 4479030.410700000822544 ], [ 443630.852500000037253, 4479007.510600000619888 ], [ 443671.82149999961257, 4478864.099499999545515 ] ] ] } },
{ "type": "Feature", "properties": { "tau": -0.48307695984840393, "two_sided_pval": 0.00058498518774285913, "name": "Nueva España", "classification": "negative trend with prob > 99%" }, "geometry": { "type": "Polygon", "coordinates": [ [ [ 442668.969100000336766, 4479889.451400000602007 ], [ 442796.02489999961108, 4479838.699300000444055 ], [ 442845.850200000277255, 4479827.224000000394881 ], [ 443061.458800000138581, 4479718.960699999704957 ], [ 443335.138100000098348, 4479773.437300001271069 ], [ 443349.997800000011921, 4479735.056899999268353 ], [ 443392.106999999843538, 4479626.076000000350177 ], [ 443623.672600000165403, 4479030.410700000822544 ], [ 443338.8432, 4478926.394099999219179 ], [ 443207.196100000292063, 4478880.809900000691414 ], [ 443169.195899999700487, 4478868.831999999471009 ], [ 443123.733599999919534, 4478860.436799998395145 ], [ 443091.403699999675155, 4478857.997199999168515 ], [ 443048.999699999578297, 4478859.74650000128895 ], [ 443027.575500000268221, 4478860.369999998249114 ], [ 442708.796299999579787, 4478872.992799999192357 ], [ 442615.465699999534991, 4478879.763599999248981 ], [ 442534.206100000068545, 4478886.044700000435114 ], [ 442299.58700000034878, 4478885.4978 ], [ 442179.287399999797344, 4478881.84940000064671 ], [ 442099.337799999862909, 4478885.770500000566244 ], [ 442095.427799999713898, 4478885.960600000806153 ], [ 441907.268699999898672, 4478903.403100000694394 ], [ 441873.618999999947846, 4478906.823400000110269 ], [ 441771.75970000034431, 4478914.66330000013113 ], [ 441661.660500000230968, 4478923.585799998603761 ], [ 441495.553500000445638, 4478937.57010000012815 ], [ 441508.933199999853969, 4479107.448099999688566 ], [ 441521.653800000436604, 4479263.708499998785555 ], [ 441536.51410000026226, 4479422.479000000283122 ], [ 441559.51549999974668, 4479713.139799998141825 ], [ 441970.883500000461936, 4479820.195599998347461 ], [ 442017.503399999812245, 4479832.324999999254942 ], [ 442050.093299999833107, 4479840.804699999280274 ], [ 442097.153199999593198, 4479853.053999999538064 ], [ 442419.932099999859929, 4479883.739899999462068 ], [ 442433.692099999636412, 4479883.739700000733137 ], [ 442435.012000000104308, 4479867.629599999636412 ], [ 442497.377399999648333, 4479870.150299999862909 ], [ 442584.193699999770615, 4479895.036600000225008 ], [ 442611.010300000198185, 4479896.772599999792874 ], [ 442640.981599999591708, 4479894.367999999783933 ], [ 442652.875, 4479893.685199999250472 ], [ 442668.969100000336766, 4479889.451400000602007 ] ] ] } },
{ "type": "Feature", "properties": { "tau": -0.52000004053115845, "two_sided_pval": 0.00021308124996721745, "name": "Castilla", "classification": "negative trend with prob > 99%" }, "geometry": { "type": "Polygon", "coordinates": [ [ [ 442904.114099999889731, 4481525.2122 ], [ 442901.019500000402331, 4481495.869200000539422 ], [ 442898.549499999731779, 4481480.449199999682605 ], [ 442883.418999999761581, 4481385.99900000076741 ], [ 442869.2845, 4481300.327199999243021 ], [ 442865.828400000056718, 4481279.378900000825524 ], [ 442857.868200000375509, 4481226.348800000734627 ], [ 442854.928000000305474, 4481204.86879999935627 ], [ 442851.977900000289083, 4481183.39879999961704 ], [ 442840.697599999606609, 4481112.538699998520315 ], [ 442837.717299999669194, 4481070.848500000312924 ], [ 442836.34800000017276, 4481051.685099999420345 ], [ 442833.177000000141561, 4481007.308399999514222 ], [ 442833.176599999889731, 4480942.8882 ], [ 442836.396200000308454, 4480876.307900000363588 ], [ 442838.036100000143051, 4480855.457800000905991 ], [ 442838.046099999919534, 4480855.317800000309944 ], [ 442840.695899999700487, 4480821.537599998526275 ], [ 442849.285500000230968, 4480762.49730000179261 ], [ 442852.905399999581277, 4480747.677199999801815 ], [ 442861.095200000330806, 4480714.176999999210238 ], [ 442889.004499999806285, 4480601.426199999637902 ], [ 442903.804200000187848, 4480558.465800000354648 ], [ 442930.043600000441074, 4480482.3152 ], [ 443034.572200000286102, 4480299.393199999816716 ], [ 443109.271200000308454, 4480168.681700000539422 ], [ 443335.138100000098348, 4479773.437300001271069 ], [ 443061.458800000138581, 4479718.960699999704957 ], [ 442845.850200000277255, 4479827.224000000394881 ], [ 442796.02489999961108, 4479838.699300000444055 ], [ 442668.969100000336766, 4479889.451400000602007 ], [ 442652.875, 4479893.685199999250472 ], [ 442640.981599999591708, 4479894.367999999783933 ], [ 442611.010300000198185, 4479896.772599999792874 ], [ 442584.193699999770615, 4479895.036600000225008 ], [ 442497.377399999648333, 4479870.150299999862909 ], [ 442435.012000000104308, 4479867.629599999636412 ], [ 442433.692099999636412, 4479883.739700000733137 ], [ 442419.932099999859929, 4479883.739899999462068 ], [ 442097.153199999593198, 4479853.053999999538064 ], [ 442050.093299999833107, 4479840.804699999280274 ], [ 442017.503399999812245, 4479832.324999999254942 ], [ 441970.883500000461936, 4479820.195599998347461 ], [ 441559.51549999974668, 4479713.139799998141825 ], [ 441584.095999999903142, 4479835.2599 ], [ 441629.416899999603629, 4480044.530200000852346 ], [ 441650.647300000302494, 4480142.5603 ], [ 441682.427899999544024, 4480289.970499999821186 ], [ 441717.6886, 4480446.850700000301003 ], [ 441754.89919999986887, 4480612.3509 ], [ 441757.259300000034273, 4480622.91090000141412 ], [ 441818.420400000177324, 4480893.431199999526143 ], [ 441887.082799999974668, 4481215.28999999910593 ], [ 441913.212199999950826, 4481318.361699999310076 ], [ 441918.743499999807682, 4481344.517200000584126 ], [ 441928.934600000269711, 4481397.412800000980496 ], [ 441931.91260000038892, 4481419.001900000497699 ], [ 441934.642799999564886, 4481448.461899998597801 ], [ 441933.053000000305474, 4481475.982100000604987 ], [ 441932.192999999970198, 4481480.622099999338388 ], [ 441928.843100000172853, 4481498.84220000077039 ], [ 441922.473199999949429, 4481514.762299998663366 ], [ 441933.56319999974221, 4481513.892199999652803 ], [ 441953.063000000081956, 4481512.371999998576939 ], [ 441956.593000000342727, 4481512.581899999640882 ], [ 441965.832999999634922, 4481513.121799999848008 ], [ 441981.952899999916553, 4481514.081600000150502 ], [ 442005.082799999974668, 4481518.51129999756813 ], [ 442031.532800000160933, 4481525.710999999195337 ], [ 442058.882699999958277, 4481535.0307 ], [ 442083.6727, 4481545.260399998165667 ], [ 442183.492600000463426, 4481589.409199999645352 ], [ 442204.432599999941885, 4481596.93889999948442 ], [ 442245.422500000335276, 4481611.688400000333786 ], [ 442268.462500000372529, 4481619.93819999974221 ], [ 442286.732499999925494, 4481626.497899998910725 ], [ 442298.882399999536574, 4481630.727799999527633 ], [ 442326.502399999648333, 4481640.317499999888241 ], [ 442347.572300000116229, 4481646.657199999317527 ], [ 442361.192300000227988, 4481650.756999997422099 ], [ 442421.422199999913573, 4481667.81629999820143 ], [ 442452.162100000365172, 4481674.865899999625981 ], [ 442478.882100000046194, 4481679.775599998421967 ], [ 442492.222000000125263, 4481682.20539999846369 ], [ 442506.731999999843538, 4481684.325200000777841 ], [ 442511.542000000365078, 4481685.025100000202656 ], [ 442521.74199999962002, 4481686.16499999910593 ], [ 442534.10190000012517, 4481687.564899999648333 ], [ 442536.361899999901652, 4481687.754799999296665 ], [ 442555.4019, 4481689.394600000232458 ], [ 442587.791799999773502, 4481691.374099999666214 ], [ 442592.20170000003418, 4481691.643999999389052 ], [ 442597.011699999740813, 4481691.934000000357628 ], [ 442651.871500000357628, 4481694.623299998231232 ], [ 442675.291500000283122, 4481695.523000002838671 ], [ 442713.221300000324845, 4481697.012499999254942 ], [ 442795.301099999807775, 4481698.701400001533329 ], [ 442835.92090000025928, 4481699.830900000408292 ], [ 442921.300599999725819, 4481702.709699998609722 ], [ 442915.380300000251736, 4481631.969499998725951 ], [ 442907.029799999669194, 4481552.85939999949187 ], [ 442904.114099999889731, 4481525.2122 ] ] ] } },
{ "type": "Feature", "properties": { "tau": -0.55076926946640015, "two_sided_pval": 8.7309439550153911e-05, "name": "Cuatro Caminos", "classification": "negative trend with prob > 99%" }, "geometry": { "type": "Polygon", "coordinates": [ [ [ 440307.124800000339746, 4477628.293499999679625 ], [ 440304.69620000012219, 4477594.495999999344349 ], [ 440124.26630000025034, 4477608.719499999657273 ], [ 440064.586600000038743, 4477613.279100000858307 ], [ 439935.005599999742117, 4477622.67949999962002 ], [ 439886.396400000026915, 4477719.46030000038445 ], [ 439879.73649999970803, 4477733.58049999922514 ], [ 439804.627899999730289, 4477893.1519 ], [ 439778.218299999833107, 4477949.252399999648333 ], [ 439769.538399999961257, 4477954.7725 ], [ 439765.458499999716878, 4477957.372600000351667 ], [ 439711.169400000013411, 4478071.923599999397993 ], [ 439649.450500000268221, 4478202.154799999669194 ], [ 439631.550699999555945, 4478214.095000000670552 ], [ 439519.361800000013318, 4478286.356500000692904 ], [ 439570.512000000104308, 4478383.456399998627603 ], [ 439561.362200000323355, 4478412.446599999442697 ], [ 439552.102300000376999, 4478435.5768 ], [ 439541.972500000149012, 4478460.906999999657273 ], [ 439533.342799999751151, 4478492.357100000604987 ], [ 439555.862900000065565, 4478555.517200000584126 ], [ 439613.633100000210106, 4478665.656999998725951 ], [ 439673.403199999593198, 4478779.606799999251962 ], [ 439711.973000000289176, 4478782.976399999111891 ], [ 439721.502899999730289, 4478788.6963 ], [ 439730.082899999804795, 4478792.986300001852214 ], [ 439741.042799999937415, 4478796.326199998147786 ], [ 439748.672799999825656, 4478796.326099999248981 ], [ 439751.582799999974668, 4478795.596000000834465 ], [ 439815.032100000418723, 4478745.645199998281896 ], [ 439908.281299999915063, 4478705.493899999186397 ], [ 439956.760800000280142, 4478690.7434 ], [ 440005.730499999597669, 4478687.102800000458956 ], [ 440225.068900000245776, 4478670.910300000570714 ], [ 440231.858799999579787, 4478658.0603 ], [ 440324.83739999961108, 4478507.548700000159442 ], [ 440398.626299999654293, 4478388.117499998770654 ], [ 440391.605999999679625, 4478329.92720000166446 ], [ 440376.315499999560416, 4478206.196999999694526 ], [ 440368.605200000165496, 4478143.256800000555813 ], [ 440358.184799999929965, 4478058.246600000187755 ], [ 440350.55460000038147, 4477996.436399999074638 ], [ 440343.524299999698997, 4477939.516300001181662 ], [ 440336.274100000096951, 4477878.936099999584258 ], [ 440325.223699999973178, 4477792.575999998487532 ], [ 440313.05530000012368, 4477686.327700001187623 ], [ 440307.124800000339746, 4477628.293499999679625 ] ] ] } },
{ "type": "Feature", "properties": { "tau": -0.52615392208099365, "two_sided_pval": 0.00017891667084768414, "name": "Bellas Vistas", "classification": "negative trend with prob > 99%" }, "geometry": { "type": "Polygon", "coordinates": [ [ [ 441390.927500000223517, 4477653.323999999091029 ], [ 441380.014499999582767, 4477514.036900001578033 ], [ 441062.026300000026822, 4477538.407299999147654 ], [ 441014.278500000014901, 4477541.719900001771748 ], [ 440881.987099999561906, 4477550.300000000745058 ], [ 440752.599499999545515, 4477560.091900000348687 ], [ 440695.668899999931455, 4477564.379399999044836 ], [ 440610.779500000178814, 4477570.564399999566376 ], [ 440559.51869999995688, 4477574.310199999250472 ], [ 440304.69620000012219, 4477594.495999999344349 ], [ 440307.124800000339746, 4477628.293499999679625 ], [ 440313.05530000012368, 4477686.327700001187623 ], [ 440325.223699999973178, 4477792.575999998487532 ], [ 440336.274100000096951, 4477878.936099999584258 ], [ 440343.524299999698997, 4477939.516300001181662 ], [ 440350.55460000038147, 4477996.436399999074638 ], [ 440358.184799999929965, 4478058.246600000187755 ], [ 440368.605200000165496, 4478143.256800000555813 ], [ 440376.315499999560416, 4478206.196999999694526 ], [ 440391.605999999679625, 4478329.92720000166446 ], [ 440398.626299999654293, 4478388.117499998770654 ], [ 440405.606499999761581, 4478445.247600000351667 ], [ 440417.696700000262354, 4478506.547700001858175 ], [ 440452.927099999971688, 4478618.227700001560152 ], [ 440460.407200000248849, 4478641.927699999883771 ], [ 440523.347400000318885, 4478773.757600001059473 ], [ 440742.545599999837577, 4478706.394899999722838 ], [ 440814.014999999664724, 4478684.76410000026226 ], [ 440849.614699999801815, 4478673.973600001074374 ], [ 440887.304299999959767, 4478662.383199999108911 ], [ 440992.393600000068545, 4478654.16200000140816 ], [ 441052.683100000023842, 4478649.251400000415742 ], [ 441101.932799999602139, 4478645.240800001658499 ], [ 441301.511300000303891, 4478629.438500000163913 ], [ 441469.350800000189338, 4478614.80519999936223 ], [ 441432.934899999760091, 4478170.092800001613796 ], [ 441390.927500000223517, 4477653.323999999091029 ] ] ] } },
{ "type": "Feature", "properties": { "tau": -0.50769233703613281, "two_sided_pval": 0.00030056302784942091, "name": "Berruguete", "classification": "negative trend with prob > 99%" }, "geometry": { "type": "Polygon", "coordinates": [ [ [ 441495.553500000445638, 4478937.57010000012815 ], [ 441469.350800000189338, 4478614.80519999936223 ], [ 441301.511300000303891, 4478629.438500000163913 ], [ 441101.932799999602139, 4478645.240800001658499 ], [ 441052.683100000023842, 4478649.251400000415742 ], [ 440992.393600000068545, 4478654.16200000140816 ], [ 440887.304299999959767, 4478662.383199999108911 ], [ 440849.614699999801815, 4478673.973600001074374 ], [ 440814.014999999664724, 4478684.76410000026226 ], [ 440742.545599999837577, 4478706.394899999722838 ], [ 440523.347400000318885, 4478773.757600001059473 ], [ 440589.96750000026077, 4478878.97719999961555 ], [ 440627.267500000074506, 4478920.846999999135733 ], [ 440716.207399999722838, 4479020.666400000452995 ], [ 440787.787399999797344, 4479119.31599999871105 ], [ 440813.327700000314508, 4479190.835999999195337 ], [ 440838.527900000102818, 4479260.905999999493361 ], [ 440854.177899999544024, 4479294.575999998487532 ], [ 440878.657999999821186, 4479332.315899999812245 ], [ 440902.117999999783933, 4479365.645700000226498 ], [ 440904.648000000102911, 4479369.565699999220669 ], [ 440961.4879999999539, 4479449.165300001390278 ], [ 440991.39809999987483, 4479491.2652000002563 ], [ 441001.428100000135601, 4479505.30519999936223 ], [ 441010.658099999651313, 4479514.535100000910461 ], [ 441021.4879999999539, 4479523.355000000447035 ], [ 441034.497999999672174, 4479529.7347999997437 ], [ 441041.148000000044703, 4479532.984799998812377 ], [ 441126.067599999776576, 4479570.634000000543892 ], [ 441235.697100000455976, 4479619.232999999076128 ], [ 441274.957000000402331, 4479632.67259999923408 ], [ 441364.91650000034133, 4479649.891699999570847 ], [ 441435.056099999696016, 4479663.231000000610948 ], [ 441441.746000000333879, 4479664.510900000110269 ], [ 441559.51549999974668, 4479713.139799998141825 ], [ 441536.51410000026226, 4479422.479000000283122 ], [ 441521.653800000436604, 4479263.708499998785555 ], [ 441508.933199999853969, 4479107.448099999688566 ], [ 441495.553500000445638, 4478937.57010000012815 ] ] ] } },
{ "type": "Feature", "properties": { "tau": -0.50769233703613281, "two_sided_pval": 0.00030056302784942091, "name": "Castillejos", "classification": "negative trend with prob > 99%" }, "geometry": { "type": "Polygon", "coordinates": [ [ [ 440863.995099999941885, 4480662.221000000834465 ], [ 440875.94510000012815, 4480661.760899999178946 ], [ 440896.164900000207126, 4480662.220699998550117 ], [ 440914.544800000323448, 4480665.430500001646578 ], [ 440930.624800000339746, 4480670.030300001613796 ], [ 440943.494699999690056, 4480674.620200000703335 ], [ 440957.274600000120699, 4480679.679999999701977 ], [ 440970.604600000195205, 4480684.269899998791516 ], [ 440986.124499999918044, 4480687.699699999764562 ], [ 441002.814399999508169, 4480688.889599998481572 ], [ 441027.844200000166893, 4480687.099300000816584 ], [ 441055.854000000283122, 4480680.548899999819696 ], [ 441084.463800000026822, 4480671.608599998988211 ], [ 441114.263600000180304, 4480665.0482 ], [ 441142.273400000296533, 4480662.067900000140071 ], [ 441169.683199999853969, 4480660.277599999681115 ], [ 441194.123100000433624, 4480662.667300000786781 ], [ 441216.762900000438094, 4480667.42710000090301 ], [ 441244.182799999660347, 4480673.986800001002848 ], [ 441270.402700000442564, 4480679.346599998883903 ], [ 441291.852500000037253, 4480679.946299999020994 ], [ 441313.312400000169873, 4480678.756100000813603 ], [ 441339.542200000025332, 4480672.195800000801682 ], [ 441361.592000000178814, 4480664.45549999922514 ], [ 441381.851800000295043, 4480657.295199998654425 ], [ 441403.311700000427663, 4480650.744999999180436 ], [ 441427.141499999968801, 4480647.764699999243021 ], [ 441450.391400000080466, 4480650.74449999909848 ], [ 441491.511199999658857, 4480659.683999999426305 ], [ 441529.060999999754131, 4480668.62360000051558 ], [ 441558.85080000013113, 4480673.983300001360476 ], [ 441576.730700000189245, 4480673.383099999278784 ], [ 441589.250599999912083, 4480664.453000000678003 ], [ 441599.980399999767542, 4480652.53279999922961 ], [ 441607.640399999916553, 4480644.2226 ], [ 441754.89919999986887, 4480612.3509 ], [ 441717.6886, 4480446.850700000301003 ], [ 441682.427899999544024, 4480289.970499999821186 ], [ 441650.647300000302494, 4480142.5603 ], [ 441629.416899999603629, 4480044.530200000852346 ], [ 441584.095999999903142, 4479835.2599 ], [ 441559.51549999974668, 4479713.139799998141825 ], [ 441441.746000000333879, 4479664.510900000110269 ], [ 441435.056099999696016, 4479663.231000000610948 ], [ 441364.91650000034133, 4479649.891699999570847 ], [ 441274.957000000402331, 4479632.67259999923408 ], [ 441235.697100000455976, 4479619.232999999076128 ], [ 441126.067599999776576, 4479570.634000000543892 ], [ 441045.838499999605119, 4479643.025099999271333 ], [ 441028.698699999600649, 4479657.065400000661612 ], [ 441023.698800000362098, 4479662.835500000976026 ], [ 441023.308799999766052, 4479663.285500000230968 ], [ 440997.199199999682605, 4479705.136 ], [ 440962.389700000174344, 4479762.326500000432134 ], [ 440885.340800000354648, 4479866.4178 ], [ 440852.491200000047684, 4479911.188299999572337 ], [ 440850.481200000271201, 4479913.928299999795854 ], [ 440816.461600000038743, 4479948.278800000436604 ], [ 440809.52170000039041, 4479955.289000001735985 ], [ 440778.902099999599159, 4479984.309399999678135 ], [ 440723.582899999804795, 4480079.480300000868738 ], [ 440694.383399999700487, 4480129.710899999365211 ], [ 440646.533900000154972, 4480164.431500000879169 ], [ 440479.035600000061095, 4480285.983799998648465 ], [ 440485.68709999974817, 4480580.144899999722838 ], [ 440508.807099999918137, 4480607.154699999839067 ], [ 440508.84709999995539, 4480607.204700001515448 ], [ 440524.87710000021616, 4480625.914600000716746 ], [ 440537.747100000269711, 4480641.084499998949468 ], [ 440545.157100000418723, 4480649.344499998725951 ], [ 440549.707100000290666, 4480654.394500001333654 ], [ 440557.167100000195205, 4480661.444399999454618 ], [ 440565.316999999806285, 4480669.124299999326468 ], [ 440573.127000000327826, 4480675.394299999810755 ], [ 440586.457000000460539, 4480686.1042 ], [ 440602.536999999545515, 4480694.844000000506639 ], [ 440606.496899999678135, 4480696.573999999091029 ], [ 440620.456899999640882, 4480702.653899998404086 ], [ 440639.746799999848008, 4480708.633699999190867 ], [ 440664.566700000257697, 4480712.303400000557303 ], [ 440688.00650000013411, 4480712.3032 ], [ 440702.496399999596179, 4480711.452999998815358 ], [ 440702.556400000117719, 4480711.44300000090152 ], [ 440711.426400000229478, 4480710.922900000587106 ], [ 440729.366200000047684, 4480707.252699999138713 ], [ 440745.446100000292063, 4480703.5625 ], [ 440749.676099999865983, 4480701.672400000505149 ], [ 440758.765999999828637, 4480697.602299998514354 ], [ 440772.555900000035763, 4480690.252100000157952 ], [ 440790.475700000301003, 4480680.141899998299778 ], [ 440801.965599999763072, 4480675.091700000688434 ], [ 440818.965400000102818, 4480668.651499999687076 ], [ 440833.215300000272691, 4480664.971400001086295 ], [ 440843.465300000272691, 4480663.461200000718236 ], [ 440848.835199999623001, 4480662.67119999974966 ], [ 440863.995099999941885, 4480662.221000000834465 ] ] ] } },
{ "type": "Feature", "properties": { "tau": -0.54461544752120972, "two_sided_pval": 0.00010475188901182264, "name": "Valdeacederas", "classification": "negative trend with prob > 99%" }, "geometry": { "type": "Polygon", "coordinates": [ [ [ 441001.428100000135601, 4479505.30519999936223 ], [ 440991.39809999987483, 4479491.2652000002563 ], [ 440961.4879999999539, 4479449.165300001390278 ], [ 440904.648000000102911, 4479369.565699999220669 ], [ 440902.117999999783933, 4479365.645700000226498 ], [ 440878.657999999821186, 4479332.315899999812245 ], [ 440854.177899999544024, 4479294.575999998487532 ], [ 440838.527900000102818, 4479260.905999999493361 ], [ 440813.327700000314508, 4479190.835999999195337 ], [ 440787.787399999797344, 4479119.31599999871105 ], [ 440723.058100000023842, 4479156.406899999827147 ], [ 440688.968399999663234, 4479179.2873 ], [ 440652.39879999961704, 4479206.14780000038445 ], [ 440599.309399999678135, 4479245.138499998487532 ], [ 440488.480499999597669, 4479327.029999999329448 ], [ 440463.200799999758601, 4479344.920399999246001 ], [ 440438.53110000025481, 4479362.3608 ], [ 440388.791600000113249, 4479397.891399999149144 ], [ 440327.552199999801815, 4479439.2922 ], [ 440301.802400000393391, 4479456.692600000649691 ], [ 440300.682500000111759, 4479457.342599998228252 ], [ 440290.772599999792874, 4479463.06279999949038 ], [ 440271.912700000219047, 4479471.642999998293817 ], [ 440261.892799999564886, 4479474.923100000247359 ], [ 440254.152900000102818, 4479477.453199999406934 ], [ 440198.973399999551475, 4479499.673900001682341 ], [ 440197.173299999907613, 4479489.8739 ], [ 440190.003299999982119, 4479476.213899998925626 ], [ 440184.593299999833107, 4479468.423900000751019 ], [ 440179.843299999833107, 4479461.653999999165535 ], [ 440174.42329999996582, 4479455.904 ], [ 440167.973299999721348, 4479453.1841000020504 ], [ 440158.843399999721441, 4479452.844200000166893 ], [ 440151.063400000333786, 4479453.184299999848008 ], [ 440141.913499999791384, 4479454.884400000795722 ], [ 440128.023599999898579, 4479459.28449999820441 ], [ 440116.173700000159442, 4479462.664700000546873 ], [ 440100.923799999989569, 4479463.684800000861287 ], [ 440087.383899999782443, 4479461.654999999329448 ], [ 440074.514000000373926, 4479457.925099999643862 ], [ 440062.323999999964144, 4479452.845200000330806 ], [ 440049.854100000113249, 4479446.235299999825656 ], [ 439991.093999999575317, 4479360.83559999987483 ], [ 439936.274000000150409, 4479281.135899999178946 ], [ 439923.314100000134204, 4479284.246099999174476 ], [ 439928.814100000075996, 4479296.846099999733269 ], [ 439930.494099999777973, 4479301.846099999733269 ], [ 439933.614099999889731, 4479311.216099999845028 ], [ 439934.484199999831617, 4479322.966099998913705 ], [ 439933.184299999848008, 4479333.846200000494719 ], [ 439931.544300000183284, 4479339.856200000271201 ], [ 439930.564299999736249, 4479343.426200000569224 ], [ 439881.825199999846518, 4479443.107200000435114 ], [ 439868.575600000098348, 4479504.467499999329448 ], [ 439862.275700000114739, 4479517.787700000219047 ], [ 439855.805800000205636, 4479531.517699999734759 ], [ 439824.196299999952316, 4479592.428399999625981 ], [ 439730.177600000053644, 4479723.91990000102669 ], [ 439722.557699999772012, 4479730.909999999217689 ], [ 439709.217799999809358, 4479739.170199998654425 ], [ 439690.79800000047544, 4479753.14049999974668 ], [ 439575.189699999988079, 4479948.162399998866022 ], [ 439532.740299999713898, 4480004.103199999779463 ], [ 439538.620299999602139, 4480014.463199999183416 ], [ 439542.21030000038445, 4480020.793099999427795 ], [ 439551.500300000479911, 4480039.893100000917912 ], [ 439553.420300000347197, 4480043.503099999390543 ], [ 439560.280299999692943, 4480056.413100000470877 ], [ 439567.50040000025183, 4480076.0131 ], [ 439573.170400000177324, 4480094.083100000396371 ], [ 439574.820500000321772, 4480098.72309999819845 ], [ 439578.850499999709427, 4480110.073100000619888 ], [ 439580.910500000230968, 4480120.413099999539554 ], [ 439580.980499999597669, 4480120.6831 ], [ 439582.46059999987483, 4480128.133099999278784 ], [ 439584.740600000135601, 4480139.613099999725819 ], [ 439588.140700000338256, 4480156.523199999704957 ], [ 439591.230700000189245, 4480169.953199999406934 ], [ 439599.490799999795854, 4480193.163200000301003 ], [ 439606.870799999684095, 4480207.283200000412762 ], [ 439611.360799999907613, 4480215.873199999332428 ], [ 439628.390800000168383, 4480241.163100000470877 ], [ 439635.650799999944866, 4480248.813000001013279 ], [ 439647.490799999795854, 4480261.292899999767542 ], [ 439671.740699999965727, 4480280.892699998803437 ], [ 439675.210699999763165, 4480282.822699999436736 ], [ 439694.970700000412762, 4480293.802500000223517 ], [ 439717.160600000061095, 4480302.572300000116229 ], [ 439752.760400000028312, 4480312.392000000923872 ], [ 439936.539300000295043, 4480332.21000000089407 ], [ 440031.588700000196695, 4480342.409 ], [ 440040.228699999861419, 4480343.338899999856949 ], [ 440219.307699999772012, 4480364.277000000700355 ], [ 440247.767500000074506, 4480367.606700000353158 ], [ 440266.067400000058115, 4480371.25650000013411 ], [ 440270.527400000079069, 4480372.746499999426305 ], [ 440289.587299999780953, 4480379.096300000324845 ], [ 440323.017199999594595, 4480396.346 ], [ 440343.907100000418723, 4480412.535800000652671 ], [ 440367.577100000344217, 4480438.055700000375509 ], [ 440370.567099999636412, 4480441.27559999935329 ], [ 440391.497100000269711, 4480466.535499999299645 ], [ 440392.027099999599159, 4480467.175499999895692 ], [ 440485.68709999974817, 4480580.144899999722838 ], [ 440479.035600000061095, 4480285.983799998648465 ], [ 440646.533900000154972, 4480164.431500000879169 ], [ 440694.383399999700487, 4480129.710899999365211 ], [ 440723.582899999804795, 4480079.480300000868738 ], [ 440778.902099999599159, 4479984.309399999678135 ], [ 440809.52170000039041, 4479955.289000001735985 ], [ 440816.461600000038743, 4479948.278800000436604 ], [ 440850.481200000271201, 4479913.928299999795854 ], [ 440852.491200000047684, 4479911.188299999572337 ], [ 440885.340800000354648, 4479866.4178 ], [ 440962.389700000174344, 4479762.326500000432134 ], [ 440997.199199999682605, 4479705.136 ], [ 441023.308799999766052, 4479663.285500000230968 ], [ 441023.698800000362098, 4479662.835500000976026 ], [ 441028.698699999600649, 4479657.065400000661612 ], [ 441045.838499999605119, 4479643.025099999271333 ], [ 441126.067599999776576, 4479570.634000000543892 ], [ 441041.148000000044703, 4479532.984799998812377 ], [ 441034.497999999672174, 4479529.7347999997437 ], [ 441021.4879999999539, 4479523.355000000447035 ], [ 441010.658099999651313, 4479514.535100000910461 ], [ 441001.428100000135601, 4479505.30519999936223 ] ] ] } },
{ "type": "Feature", "properties": { "tau": -0.52615392208099365, "two_sided_pval": 0.00017891667084768414, "name": "Almenara", "classification": "negative trend with prob > 99%" }, "geometry": { "type": "Polygon", "coordinates": [ [ [ 440301.802400000393391, 4479456.692600000649691 ], [ 440327.552199999801815, 4479439.2922 ], [ 440388.791600000113249, 4479397.891399999149144 ], [ 440438.53110000025481, 4479362.3608 ], [ 440463.200799999758601, 4479344.920399999246001 ], [ 440488.480499999597669, 4479327.029999999329448 ], [ 440599.309399999678135, 4479245.138499998487532 ], [ 440652.39879999961704, 4479206.14780000038445 ], [ 440688.968399999663234, 4479179.2873 ], [ 440723.058100000023842, 4479156.406899999827147 ], [ 440787.787399999797344, 4479119.31599999871105 ], [ 440716.207399999722838, 4479020.666400000452995 ], [ 440627.267500000074506, 4478920.846999999135733 ], [ 440589.96750000026077, 4478878.97719999961555 ], [ 440523.347400000318885, 4478773.757600001059473 ], [ 440460.407200000248849, 4478641.927699999883771 ], [ 440452.927099999971688, 4478618.227700001560152 ], [ 440417.696700000262354, 4478506.547700001858175 ], [ 440405.606499999761581, 4478445.247600000351667 ], [ 440398.626299999654293, 4478388.117499998770654 ], [ 440324.83739999961108, 4478507.548700000159442 ], [ 440231.858799999579787, 4478658.0603 ], [ 440225.068900000245776, 4478670.910300000570714 ], [ 440005.730499999597669, 4478687.102800000458956 ], [ 439956.760800000280142, 4478690.7434 ], [ 439908.281299999915063, 4478705.493899999186397 ], [ 439815.032100000418723, 4478745.645199998281896 ], [ 439751.582799999974668, 4478795.596000000834465 ], [ 439748.672799999825656, 4478796.326099999248981 ], [ 439741.042799999937415, 4478796.326199998147786 ], [ 439730.082899999804795, 4478792.986300001852214 ], [ 439721.502899999730289, 4478788.6963 ], [ 439711.973000000289176, 4478782.976399999111891 ], [ 439673.403199999593198, 4478779.606799999251962 ], [ 439758.56350000022212, 4478948.146499999798834 ], [ 439818.563699999824166, 4479066.296299999579787 ], [ 439886.193900000303984, 4479199.486099998466671 ], [ 439923.314100000134204, 4479284.246099999174476 ], [ 439936.274000000150409, 4479281.135899999178946 ], [ 439991.093999999575317, 4479360.83559999987483 ], [ 440049.854100000113249, 4479446.235299999825656 ], [ 440062.323999999964144, 4479452.845200000330806 ], [ 440074.514000000373926, 4479457.925099999643862 ], [ 440087.383899999782443, 4479461.654999999329448 ], [ 440100.923799999989569, 4479463.684800000861287 ], [ 440116.173700000159442, 4479462.664700000546873 ], [ 440128.023599999898579, 4479459.28449999820441 ], [ 440141.913499999791384, 4479454.884400000795722 ], [ 440151.063400000333786, 4479453.184299999848008 ], [ 440158.843399999721441, 4479452.844200000166893 ], [ 440167.973299999721348, 4479453.1841000020504 ], [ 440174.42329999996582, 4479455.904 ], [ 440179.843299999833107, 4479461.653999999165535 ], [ 440184.593299999833107, 4479468.423900000751019 ], [ 440190.003299999982119, 4479476.213899998925626 ], [ 440197.173299999907613, 4479489.8739 ], [ 440198.973399999551475, 4479499.673900001682341 ], [ 440254.152900000102818, 4479477.453199999406934 ], [ 440261.892799999564886, 4479474.923100000247359 ], [ 440271.912700000219047, 4479471.642999998293817 ], [ 440290.772599999792874, 4479463.06279999949038 ], [ 440300.682500000111759, 4479457.342599998228252 ], [ 440301.802400000393391, 4479456.692600000649691 ] ] ] } },
{ "type": "Feature", "properties": { "tau": -0.53230774402618408, "two_sided_pval": 0.00014995328092481941, "name": "Almagro", "classification": "negative trend with prob > 99%" }, "geometry": { "type": "Polygon", "coordinates": [ [ [ 439631.74170000012964, 4475921.338200000114739 ], [ 439618.501299999654293, 4475749.61809999961406 ], [ 439477.712299999780953, 4475769.239399998448789 ], [ 439383.963700000254903, 4475782.862800000235438 ], [ 439248.503899999894202, 4475802.941800001077354 ], [ 439184.584699999482837, 4475918.102699999697506 ], [ 439169.80489999987185, 4475945.062899998389184 ], [ 439143.835199999623001, 4475992.263199998997152 ], [ 439133.105399999767542, 4476011.803400000557303 ], [ 439103.845700000412762, 4476065.013799999840558 ], [ 439133.255599999800324, 4476075.253599998541176 ], [ 439162.365399999544024, 4476075.883300000801682 ], [ 439165.465400000161026, 4476075.953200000338256 ], [ 439067.496600000187755, 4476262.884700000286102 ], [ 439079.666799999773502, 4476347.584799998439848 ], [ 439092.967000000178814, 4476439.484900000505149 ], [ 439097.277099999599159, 4476469.304899998940527 ], [ 439136.977800000458956, 4476756.905200002714992 ], [ 439242.816999999748077, 4476749.21409999858588 ], [ 439342.376299999654293, 4476741.972999999299645 ], [ 439435.225599999597762, 4476735.231999999843538 ], [ 439542.214800000248943, 4476727.450799999758601 ], [ 439688.423700000159442, 4476716.829400000162423 ], [ 439678.643400000408292, 4476566.939099999144673 ], [ 439668.103000000119209, 4476429.298900000751019 ], [ 439659.882699999958277, 4476310.348799999803305 ], [ 439651.922399999573827, 4476188.378600000403821 ], [ 439641.632000000216067, 4476056.398399999365211 ], [ 439631.74170000012964, 4475921.338200000114739 ] ] ] } },
{ "type": "Feature", "properties": { "tau": -0.53846156597137451, "two_sided_pval": 0.00012544690980575979, "name": "Trafalgar", "classification": "negative trend with prob > 99%" }, "geometry": { "type": "Polygon", "coordinates": [ [ [ 440153.517699999734759, 4475758.522800001315773 ], [ 440131.627600000239909, 4475680.153 ], [ 439995.418600000441074, 4475697.8328 ], [ 439969.789099999761675, 4475701.12470000050962 ], [ 439875.689799999818206, 4475713.206599999219179 ], [ 439733.560399999842048, 4475733.256899999454618 ], [ 439618.501299999654293, 4475749.61809999961406 ], [ 439631.74170000012964, 4475921.338200000114739 ], [ 439641.632000000216067, 4476056.398399999365211 ], [ 439651.922399999573827, 4476188.378600000403821 ], [ 439659.882699999958277, 4476310.348799999803305 ], [ 439668.103000000119209, 4476429.298900000751019 ], [ 439678.643400000408292, 4476566.939099999144673 ], [ 439688.423700000159442, 4476716.829400000162423 ], [ 439788.542999999655876, 4476710.758300001733005 ], [ 439929.17200000025332, 4476702.866800001822412 ], [ 440034.711199999786913, 4476697.705800001509488 ], [ 440081.020899999886751, 4476695.4353 ], [ 440272.779500000120606, 4476686.053299999795854 ], [ 440270.499099999666214, 4476519.503000000491738 ], [ 440269.198900000192225, 4476472.89299999922514 ], [ 440266.958700000308454, 4476393.06279999949038 ], [ 440262.198400000110269, 4476266.7027000002563 ], [ 440255.758000000321772, 4476119.052400000393391 ], [ 440241.088000000512693, 4476067.692600000649691 ], [ 440188.15780000021914, 4475882.342700001783669 ], [ 440153.517699999734759, 4475758.522800001315773 ] ] ] } },
{ "type": "Feature", "properties": { "tau": -0.56307697296142578, "two_sided_pval": 6.0318256146274507e-05, "name": "Arapiles", "classification": "negative trend with prob > 99%" }, "geometry": { "type": "Polygon", "coordinates": [ [ [ 440979.571399999782443, 4475506.284499999135733 ], [ 440981.891300000308547, 4475455.444399998523295 ], [ 440866.051799999608193, 4475489.9863 ], [ 440673.0636, 4475544.89750000089407 ], [ 440458.435200000181794, 4475607.529599999077618 ], [ 440419.51549999974668, 4475617.170099999755621 ], [ 440314.616200000047684, 4475638.211100000888109 ], [ 440131.627600000239909, 4475680.153 ], [ 440153.517699999734759, 4475758.522800001315773 ], [ 440188.15780000021914, 4475882.342700001783669 ], [ 440241.088000000512693, 4476067.692600000649691 ], [ 440255.758000000321772, 4476119.052400000393391 ], [ 440262.198400000110269, 4476266.7027000002563 ], [ 440266.958700000308454, 4476393.06279999949038 ], [ 440269.198900000192225, 4476472.89299999922514 ], [ 440270.499099999666214, 4476519.503000000491738 ], [ 440272.779500000120606, 4476686.053299999795854 ], [ 440540.437599999830127, 4476668.210500001907349 ], [ 440609.487099999561906, 4476662.31980000063777 ], [ 440672.346099999791477, 4476465.138900000602007 ], [ 440705.735600000247359, 4476360.388300000689924 ], [ 440735.785099999979138, 4476267.167899998836219 ], [ 440785.514299999922514, 4476107.327200000174344 ], [ 440820.683799999766052, 4475996.616699999198318 ], [ 440828.993700000457466, 4475971.7566 ], [ 440850.073400000052061, 4475908.676300000399351 ], [ 440881.88289999961853, 4475813.465799999423325 ], [ 440922.512299999594688, 4475685.695299998857081 ], [ 440979.571399999782443, 4475506.284499999135733 ] ] ] } },
{ "type": "Feature", "properties": { "tau": -0.60000008344650269, "two_sided_pval": 1.9022903870791197e-05, "name": "Gaztambide", "classification": "negative trend with prob > 99%" }, "geometry": { "type": "Polygon", "coordinates": [ [ [ 441464.267799999564886, 4475338.889699998311698 ], [ 441429.97759999986738, 4475187.769899999722838 ], [ 441350.628200000151992, 4475213.190700000151992 ], [ 441143.332100000232458, 4475350.442999999038875 ], [ 441035.940799999923911, 4475421.923900001682341 ], [ 440981.891300000308547, 4475455.444399998523295 ], [ 440979.571399999782443, 4475506.284499999135733 ], [ 440922.512299999594688, 4475685.695299998857081 ], [ 440881.88289999961853, 4475813.465799999423325 ], [ 440850.073400000052061, 4475908.676300000399351 ], [ 440828.993700000457466, 4475971.7566 ], [ 440820.683799999766052, 4475996.616699999198318 ], [ 440785.514299999922514, 4476107.327200000174344 ], [ 440735.785099999979138, 4476267.167899998836219 ], [ 440705.735600000247359, 4476360.388300000689924 ], [ 440672.346099999791477, 4476465.138900000602007 ], [ 440609.487099999561906, 4476662.31980000063777 ], [ 440689.166500000283122, 4476656.278999999165535 ], [ 440756.126000000163913, 4476651.208299999125302 ], [ 440819.505499999970198, 4476646.537599999457598 ], [ 440946.034599999897182, 4476637.216199999675155 ], [ 441233.78249999973923, 4476617.013299999758601 ], [ 441418.753499999642372, 4476600.104699999094009 ], [ 441529.979899999685585, 4476390.020100000314415 ], [ 441580.809299999848008, 4476290.199499999172986 ], [ 441582.539300000295043, 4476286.809499999508262 ], [ 441609.92850000038743, 4476051.248899999074638 ], [ 441606.248499999754131, 4476034.678999998606741 ], [ 441554.93819999974221, 4475781.489299999549985 ], [ 441527.248100000433624, 4475644.839400000870228 ], [ 441495.577899999916553, 4475490.989499999210238 ], [ 441464.267799999564886, 4475338.889699998311698 ] ] ] } },
{ "type": "Feature", "properties": { "tau": -0.55692315101623535, "two_sided_pval": 7.2636838012840599e-05, "name": "Ríos Rosas", "classification": "negative trend with prob > 99%" }, "geometry": { "type": "Polygon", "coordinates": [ [ [ 441386.0318, 4476736.831900000572205 ], [ 441418.753499999642372, 4476600.104699999094009 ], [ 441233.78249999973923, 4476617.013299999758601 ], [ 440946.034599999897182, 4476637.216199999675155 ], [ 440819.505499999970198, 4476646.537599999457598 ], [ 440756.126000000163913, 4476651.208299999125302 ], [ 440689.166500000283122, 4476656.278999999165535 ], [ 440609.487099999561906, 4476662.31980000063777 ], [ 440540.437599999830127, 4476668.210500001907349 ], [ 440272.779500000120606, 4476686.053299999795854 ], [ 440288.120500000193715, 4477068.603700000792742 ], [ 440292.29079999960959, 4477195.924000000581145 ], [ 440300.392, 4477437.034800000488758 ], [ 440304.69620000012219, 4477594.495999999344349 ], [ 440559.51869999995688, 4477574.310199999250472 ], [ 440610.779500000178814, 4477570.564399999566376 ], [ 440695.668899999931455, 4477564.379399999044836 ], [ 440752.599499999545515, 4477560.091900000348687 ], [ 440881.987099999561906, 4477550.300000000745058 ], [ 441014.278500000014901, 4477541.719900001771748 ], [ 441062.026300000026822, 4477538.407299999147654 ], [ 441380.014499999582767, 4477514.036900001578033 ], [ 441330.992700000235345, 4476964.302799999713898 ], [ 441386.0318, 4476736.831900000572205 ] ] ] } },
{ "type": "Feature", "properties": { "tau": -0.55076926946640015, "two_sided_pval": 8.7309439550153911e-05, "name": "Vallehermoso", "classification": "negative trend with prob > 99%" }, "geometry": { "type": "Polygon", "coordinates": [ [ [ 440304.69620000012219, 4477594.495999999344349 ], [ 440300.392, 4477437.034800000488758 ], [ 440292.29079999960959, 4477195.924000000581145 ], [ 440288.120500000193715, 4477068.603700000792742 ], [ 440272.779500000120606, 4476686.053299999795854 ], [ 440081.020899999886751, 4476695.4353 ], [ 440034.711199999786913, 4476697.705800001509488 ], [ 439929.17200000025332, 4476702.866800001822412 ], [ 439788.542999999655876, 4476710.758300001733005 ], [ 439688.423700000159442, 4476716.829400000162423 ], [ 439542.214800000248943, 4476727.450799999758601 ], [ 439435.225599999597762, 4476735.231999999843538 ], [ 439342.376299999654293, 4476741.972999999299645 ], [ 439242.816999999748077, 4476749.21409999858588 ], [ 439136.977800000458956, 4476756.905200002714992 ], [ 439139.357800000347197, 4476778.855200001038611 ], [ 439140.177799999772105, 4476786.435200000181794 ], [ 439140.577899999916553, 4476801.645300000905991 ], [ 439138.978000000119209, 4476826.075300000607967 ], [ 439137.127999999618623, 4476835.0154 ], [ 439136.167999999597669, 4476839.685399999842048 ], [ 439116.978400000371039, 4476889.965700000524521 ], [ 439094.128700000233948, 4476949.806099999696016 ], [ 439010.410000000090804, 4477159.47749999910593 ], [ 438975.020499999693129, 4477228.038099999539554 ], [ 438958.330799999646842, 4477260.378399999812245 ], [ 438947.811499999836087, 4477392.31910000089556 ], [ 438948.301500000059605, 4477397.809099999256432 ], [ 438948.691499999724329, 4477402.389100001193583 ], [ 438951.321600000374019, 4477408.969099999405444 ], [ 438953.95160000026226, 4477414.229099999181926 ], [ 438960.311599999666214, 4477421.848999999463558 ], [ 438977.281499999575317, 4477442.17890000063926 ], [ 439028.251500000245869, 4477502.258600000292063 ], [ 439096.491399999707937, 4477582.658200000412762 ], [ 439112.671299999579787, 4477585.568099998869002 ], [ 439140.871100000164006, 4477588.707800000905991 ], [ 439160.460900000296533, 4477587.137599999085069 ], [ 439174.560800000093877, 4477583.217400000430644 ], [ 439187.100700000301003, 4477577.737299999222159 ], [ 439306.35950000025332, 4477517.09569999948144 ], [ 439322.419400000013411, 4477508.635500000789762 ], [ 439387.368800000287592, 4477480.694700000807643 ], [ 439596.747600000351667, 4477548.322699998505414 ], [ 439753.416799999773502, 4477598.921299998648465 ], [ 439858.626199999824166, 4477628.070299998857081 ], [ 439935.005599999742117, 4477622.67949999962002 ], [ 440064.586600000038743, 4477613.279100000858307 ], [ 440124.26630000025034, 4477608.719499999657273 ], [ 440304.69620000012219, 4477594.495999999344349 ] ] ] } },
{ "type": "Feature", "properties": { "tau": -0.52000004053115845, "two_sided_pval": 0.00021308124996721745, "name": "Pilar", "classification": "negative trend with prob > 99%" }, "geometry": { "type": "Polygon", "coordinates": [ [ [ 445503.157999999821186, 4498783.074900000356138 ], [ 445674.188000000081956, 4498776.281899998895824 ], [ 445710.282599999569356, 4498783.625700000673532 ], [ 445765.965599999763072, 4498795.822799999266863 ], [ 445806.942699999548495, 4498804.349000000394881 ], [ 445845.083999999798834, 4498813.06489999871701 ], [ 445867.071000000461936, 4498817.7489 ], [ 445872.520399999804795, 4498819.052699999883771 ], [ 445881.084999999962747, 4498818.647899999283254 ], [ 445886.230000000447035, 4498818.386899999342859 ], [ 445981.206000000238419, 4498813.713899999856949 ], [ 446004.294999999925494, 4498795.866900000721216 ], [ 446017.885999999940395, 4498784.97789999935776 ], [ 446066.974999999627471, 4498746.4199 ], [ 446076.536000000312924, 4498739.003900000825524 ], [ 446081.24129999987781, 4498735.245200001634657 ], [ 446082.865600000135601, 4498734.021099999547005 ], [ 446085.869, 4498729.4369 ], [ 446087.814000000245869, 4498726.492900000885129 ], [ 446112.126000000163913, 4498688.810499998740852 ], [ 446132.247999999672174, 4498658.374899999238551 ], [ 446143.53899999987334, 4498641.399900000542402 ], [ 446148.531999999657273, 4498633.9958999985829 ], [ 446157.300999999977648, 4498632.777899999171495 ], [ 446159.400000000372529, 4498632.463899999856949 ], [ 446160.187300000339746, 4498632.348099999129772 ], [ 446160.271999999880791, 4498631.898900000378489 ], [ 446167.188000000081956, 4498593.959899998269975 ], [ 446171.502000000327826, 4498570.326899998821318 ], [ 446178.56599999970058, 4498537.7259 ], [ 446186.29800000047544, 4498502.642900000326335 ], [ 446190.510999999940395, 4498484.520899998955429 ], [ 446198.706000000238419, 4498448.526100000366569 ], [ 446201.759999999776483, 4498442.155900001525879 ], [ 446219.609000000171363, 4498414.388899999670684 ], [ 446225.6815, 4498404.808700000867248 ], [ 446236.61600000038743, 4498389.547900000587106 ], [ 446256.3372, 4498364.541799999773502 ], [ 446277.736899999901652, 4498337.941500000655651 ], [ 446291.162999999709427, 4498321.558900000527501 ], [ 446299.059999999648426, 4498311.7259 ], [ 446310.385999999940395, 4498297.184899997897446 ], [ 446327.228000000119209, 4498274.840899999253452 ], [ 446333.743999999947846, 4498266.288899999111891 ], [ 446335.917000000365078, 4498262.988900000229478 ], [ 446336.649000000266824, 4498261.274900001473725 ], [ 446338.20299999974668, 4498257.830900000408292 ], [ 446346.940999999642372, 4498238.194900000467896 ], [ 446393.961000000184868, 4498133.412899999879301 ], [ 446444.707999999634922, 4498019.133899999782443 ], [ 446461.020999999716878, 4497982.234899999573827 ], [ 446473.49100000038743, 4497954.266900000162423 ], [ 446486.25999999983469, 4497939.039900000207126 ], [ 446519.877999999560416, 4497898.270899999886751 ], [ 446551.752999999560416, 4497860.084899999201298 ], [ 446559.223500000312924, 4497850.6102 ], [ 446581.570000000298023, 4497823.490899999625981 ], [ 446626.689000000245869, 4497768.796900000423193 ], [ 446660.178000000305474, 4497733.315899998880923 ], [ 446706.974000000394881, 4497685.321900001727045 ], [ 446728.057000000029802, 4497624.912900000810623 ], [ 446743.675099999643862, 4497581.504499999806285 ], [ 446745.860000000335276, 4497545.328899999149144 ], [ 446747.418999999761581, 4497521.2719 ], [ 446729.389999999664724, 4497479.622899999842048 ], [ 446713.002999999618623, 4497441.723900000564754 ], [ 446699.440000000409782, 4497410.829900000244379 ], [ 446712.544999999983702, 4497368.308900000527501 ], [ 446749.139999999664724, 4497245.569900000467896 ], [ 446766.483, 4497185.534899999387562 ], [ 446812.290000000037253, 4497026.635900000110269 ], [ 446801.831000000296626, 4496989.503900000825524 ], [ 446784.750000000058208, 4496928.733899999409914 ], [ 446756.064000000245869, 4496829.243899999186397 ], [ 446764.815000000409782, 4496812.721899998374283 ], [ 446792.514000000432134, 4496761.3059 ], [ 446816.281000000424683, 4496717.3339 ], [ 446825.885999999940395, 4496699.709899999201298 ], [ 446827.360000000335276, 4496643.279899999499321 ], [ 446829.683500000275671, 4496583.196900000795722 ], [ 446829.530600000172853, 4496559.9901 ], [ 446829.669999999925494, 4496558.496899999678135 ], [ 446829.849000000394881, 4496556.63990000076592 ], [ 446834.902999999932945, 4496546.279899999499321 ], [ 446849.46100000012666, 4496516.7949 ], [ 446856.173999999649823, 4496503.134900000877678 ], [ 446860.010999999882188, 4496500.407900000922382 ], [ 446894.540000000037253, 4496475.238899999298155 ], [ 446929.699000000022352, 4496449.335899998433888 ], [ 446969.173999999649823, 4496420.261900001205504 ], [ 446980.480000000447035, 4496418.279899999499321 ], [ 447037.88300000037998, 4496407.783900000154972 ], [ 447055.031999999657273, 4496404.728900000452995 ], [ 447065.086600000038743, 4496402.932100000791252 ], [ 447074.697999999858439, 4496401.012900000438094 ], [ 447102.110000000335276, 4496396.027900000102818 ], [ 447120.242499999701977, 4496392.743499998934567 ], [ 447150.287899999937508, 4496387.37599999923259 ], [ 447204.778199999593198, 4496377.358300000429153 ], [ 447216.389700000232551, 4496375.292800000868738 ], [ 447224.616899999789894, 4496373.519600000232458 ], [ 447225.967099999950733, 4496372.840700000524521 ], [ 447244.561700000427663, 4496361.868299999274313 ], [ 447252.009800000174437, 4496357.289899999275804 ], [ 447256.931300000287592, 4496354.271100000478327 ], [ 447286.349600000306964, 4496336.331999999471009 ], [ 447335.371399999596179, 4496306.990999999456108 ], [ 447385.032399999909103, 4496227.606699999421835 ], [ 447404.497100000269711, 4496197.068299999460578 ], [ 447407.423100000247359, 4496190.855300000868738 ], [ 447429.24959999974817, 4496134.1699 ], [ 447435.758399999700487, 4496119.087799998931587 ], [ 447438.591400000266731, 4496111.472699999809265 ], [ 447446.609199999831617, 4496090.294600000604987 ], [ 447500.836199999786913, 4495958.336799999698997 ], [ 447506.142900000326335, 4495945.882500001229346 ], [ 447511.833800000138581, 4495934.389399998821318 ], [ 447526.081600000150502, 4495913.578700000420213 ], [ 447534.636800000444055, 4495901.8914 ], [ 447540.8443, 4495892.378500000573695 ], [ 447550.504599999636412, 4495878.512599998153746 ], [ 447563.022199999541044, 4495860.85249999910593 ], [ 447576.631400000362191, 4495854.822200000286102 ], [ 447615.726300000213087, 4495836.721200000494719 ], [ 447668.435800000152085, 4495812.463900000788271 ], [ 447697.316700000315905, 4495798.811499999836087 ], [ 447720.00040000025183, 4495788.781600001268089 ], [ 447721.763500000350177, 4495761.5323 ], [ 447724.811700000485871, 4495733.4123 ], [ 447735.31900000013411, 4495667.444000001065433 ], [ 447733.704900000244379, 4495663.580500000156462 ], [ 447722.847900000400841, 4495633.785000000149012 ], [ 447706.617999999783933, 4495587.16300000064075 ], [ 447686.02520000009099, 4495533.073200000450015 ], [ 447776.775000000372529, 4495382.347999999299645 ], [ 447819.111999999789987, 4495311.463999998755753 ], [ 447787.9068, 4495207.909399998374283 ], [ 447791.405899999721441, 4495110.709000000730157 ], [ 447811.005300000309944, 4495051.4085 ], [ 447846.30449999962002, 4494966.5077 ], [ 447850.660000000149012, 4494955.046999999321997 ], [ 447875.54899999970803, 4494875.552999999374151 ], [ 447841.902599999681115, 4494767.406899999827147 ], [ 447851.67200000025332, 4494706.364999999292195 ], [ 447940.53000000026077, 4494616.086400001309812 ], [ 448027.701100000180304, 4494601.20369999948889 ], [ 448138.800400000065565, 4494525.201900000683963 ], [ 448250.499900000169873, 4494475.600099997594953 ], [ 448339.199199999740813, 4494396.898600000888109 ], [ 448494.198900000250433, 4494361.296299999579787 ], [ 448539.0329, 4494299.986999999731779 ], [ 448544.653300000354648, 4494292.301300001330674 ], [ 448551.49199999962002, 4494282.671499999240041 ], [ 448556.779900000430644, 4494275.16679999884218 ], [ 448564.399699999950826, 4494265.365299999713898 ], [ 448581.137099999934435, 4494247.976800000295043 ], [ 448583.884100000374019, 4494245.237400000914931 ], [ 448592.921799999661744, 4494236.0304000005126 ], [ 448627.834699999541044, 4494199.933500000275671 ], [ 448633.384800000116229, 4494194.123999998904765 ], [ 448642.286299999861512, 4494185.306500000879169 ], [ 448646.259300000034273, 4494180.759500000625849 ], [ 448653.740500000247266, 4494178.819700000807643 ], [ 448696.252700000128243, 4494166.144099998287857 ], [ 448777.423499999567866, 4494141.946599999442697 ], [ 448780.54079999960959, 4494141.008499999530613 ], [ 448791.446899999864399, 4494137.856199999339879 ], [ 448792.693900000303984, 4494135.776199999265373 ], [ 448794.980800000019372, 4494131.35179999936372 ], [ 448799.114799999631941, 4494123.427999999374151 ], [ 448803.380699999630451, 4494115.622899999842048 ], [ 448807.636800000502262, 4494108.0241 ], [ 448810.345099999569356, 4494103.160800000652671 ], [ 448831.683000000193715, 4494063.274000000208616 ], [ 448822.762000000104308, 4493994.963600001297891 ], [ 448822.36699999962002, 4493989.355999999679625 ], [ 448822.644500000402331, 4493980.5514000011608 ], [ 448822.844700000248849, 4493976.948899999260902 ], [ 448823.164800000376999, 4493971.5449 ], [ 448823.317599999718368, 4493967.089999999850988 ], [ 448823.488300000317395, 4493960.8131 ], [ 448825.434000000415836, 4493926.660999999381602 ], [ 448825.766200000420213, 4493921.697100000455976 ], [ 448826.064500000327826, 4493914.645999998785555 ], [ 448826.981800000183284, 4493903.1979 ], [ 448827.012699999846518, 4493898.015900000929832 ], [ 448827.16469999961555, 4493897.375899999402463 ], [ 448829.696999999694526, 4493893.763699999079108 ], [ 448841.743800000287592, 4493877.580800000578165 ], [ 448843.616499999538064, 4493875.131399999372661 ], [ 448855.71239999961108, 4493859.143300000578165 ], [ 448866.367499999701977, 4493844.813799999654293 ], [ 448870.099700000137091, 4493839.686499999836087 ], [ 448875.976099999621511, 4493831.2719 ], [ 448879.285500000230968, 4493827.292999998666346 ], [ 448883.572999999858439, 4493822.138299999758601 ], [ 448885.955900000408292, 4493819.273699999786913 ], [ 448887.476999999955297, 4493817.648700000718236 ], [ 448892.932900000363588, 4493812.01560000050813 ], [ 448897.771900000050664, 4493807.139499999582767 ], [ 448904.837799999862909, 4493798.8904 ], [ 448909.005800000333693, 4493794.8213 ], [ 448913.925200000463519, 4493789.479499998502433 ], [ 448924.430499999842141, 4493778.612900000996888 ], [ 448931.634600000455976, 4493771.395899999886751 ], [ 448941.751500000245869, 4493758.643700001761317 ], [ 448944.691399999952409, 4493756.033700000494719 ], [ 448950.792399999685585, 4493751.9846 ], [ 448968.0932, 4493742.98719999846071 ], [ 448994.683600000047591, 4493728.394999999552965 ], [ 449061.49280000012368, 4493690.785599999129772 ], [ 449067.843700000026729, 4493687.2484 ], [ 449072.777800000272691, 4493684.296499999240041 ], [ 449076.354000000283122, 4493663.459899999201298 ], [ 449078.441499999724329, 4493651.778300000354648 ], [ 449076.05590000009397, 4493627.767999998293817 ], [ 449075.028400000184774, 4493618.442900000140071 ], [ 449073.426099999807775, 4493602.594100001268089 ], [ 449071.387000000162516, 4493582.543999999761581 ], [ 449069.733300000429153, 4493567.451799998991191 ], [ 449068.731499999761581, 4493558.348799998871982 ], [ 449066.176400000229478, 4493529.979100001044571 ], [ 449061.769799999892712, 4493513.67879999987781 ], [ 449053.064899999648333, 4493482.898199999704957 ], [ 449049.564799999818206, 4493470.003200000151992 ], [ 449046.037200000137091, 4493457.886799999512732 ], [ 449039.451500000432134, 4493434.759199998341501 ], [ 449012.389899999834597, 4493381.884999999776483 ], [ 448994.931599999777973, 4493349.656600001268089 ], [ 448974.213999999687076, 4493310.097999998368323 ], [ 448942.279299999587238, 4493281.556800001300871 ], [ 448940.456000000238419, 4493279.923099999316037 ], [ 448938.432000000029802, 4493277.942199999466538 ], [ 448904.346800000348594, 4493259.997600000351667 ], [ 448899.533800000324845, 4493257.818699999712408 ], [ 448881.692699999548495, 4493248.397900000214577 ], [ 448868.784599999897182, 4493241.826099999248981 ], [ 448867.148599999956787, 4493240.425100000575185 ], [ 448858.112200000323355, 4493230.84220000077039 ], [ 448854.025500000454485, 4493226.783200000412762 ], [ 448850.575500000326429, 4493223.102100001648068 ], [ 448831.233300000429153, 4493203.064500000327826 ], [ 448824.036200000031386, 4493195.355599999427795 ], [ 448818.905500000284519, 4493190.163299999199808 ], [ 448812.149100000038743, 4493182.934699999168515 ], [ 448809.212199999950826, 4493180.123100000433624 ], [ 448802.127999999560416, 4493172.929799999110401 ], [ 448801.242999999783933, 4493171.418800001963973 ], [ 448795.824799999594688, 4493157.03690000064671 ], [ 448792.023699999786913, 4493147.273899999447167 ], [ 448783.000500000140164, 4493124.186899998225272 ], [ 448770.412499999627471, 4493092.484400001354516 ], [ 448766.313099999912083, 4493082.411100000143051 ], [ 448742.6716, 4493021.733200000599027 ], [ 448726.196700000204146, 4492980.379200000315905 ], [ 448716.126899999566376, 4492954.773399999365211 ], [ 448710.629300000146031, 4492940.804300000891089 ], [ 448703.30599999986589, 4492922.133399999700487 ], [ 448700.1875, 4492913.80350000038743 ], [ 448699.062500000058208, 4492910.936499999836087 ], [ 448696.478500000201166, 4492905.942500002682209 ], [ 448684.467299999669194, 4492886.498599999584258 ], [ 448681.842199999839067, 4492882.104599999263883 ], [ 448680.229199999943376, 4492879.421700001694262 ], [ 448677.705199999734759, 4492877.37470000050962 ], [ 448510.426799999549985, 4492747.477399998344481 ], [ 448507.537800000049174, 4492746.036500000394881 ], [ 448504.182699999772012, 4492745.5724 ], [ 448500.901800000108778, 4492746.10149999987334 ], [ 448479.10010000038892, 4492749.488199999555945 ], [ 448467.493300000205636, 4492728.2642 ], [ 448456.507000000216067, 4492708.845000000670552 ], [ 448429.714700000360608, 4492692.594000000506639 ], [ 448409.983300000429153, 4492676.090700000524521 ], [ 448404.071600000374019, 4492675.870999998413026 ], [ 448401.02350000012666, 4492667.997499999590218 ], [ 448395.971099999733269, 4492664.566800000146031 ], [ 448389.028400000184774, 4492660.25099999923259 ], [ 448305.987399999983609, 4492593.768300000578165 ], [ 448213.561499999836087, 4492525.707800000905991 ], [ 448114.95920000039041, 4492487.811799998395145 ], [ 448090.999699999578297, 4492478.366599998436868 ], [ 448006.680900000035763, 4492445.193299998529255 ], [ 447955.997499999590218, 4492425.035799999721348 ], [ 447835.059999999590218, 4492371.967000000178814 ], [ 447677.907300000078976, 4492208.6881 ], [ 447638.404799999727402, 4492166.767899999395013 ], [ 447594.669900000095367, 4492122.630799999460578 ], [ 447552.34570000047097, 4492078.896700001321733 ], [ 447480.999400000087917, 4492006.141000001691282 ], [ 447406.428299999737646, 4491929.757500000298023 ], [ 447396.955699999816716, 4491917.463599999435246 ], [ 447380.197700000368059, 4491896.470700000412762 ], [ 447334.994699999748264, 4491841.071999999694526 ], [ 447298.622299999929965, 4491807.328300000168383 ], [ 447269.503299999982119, 4491780.732799999415874 ], [ 447228.400299999862909, 4491742.258600001223385 ], [ 447217.04700000025332, 4491731.746600000187755 ], [ 447199.911999999545515, 4491715.347800000570714 ], [ 447189.399799999839161, 4491705.57149999961257 ], [ 447163.921500000171363, 4491680.915799998678267 ], [ 447099.996000000275671, 4491615.437999998219311 ], [ 447098.285600000061095, 4491613.68610000051558 ], [ 447094.808000000251923, 4491613.375 ], [ 446990.072800000198185, 4491604.006300000473857 ], [ 446846.572900000028312, 4491613.508399999700487 ], [ 446783.772999999986496, 4491631.409299999475479 ], [ 446754.562800000479911, 4491651.740299999713898 ], [ 446695.373700000345707, 4491692.210800000466406 ], [ 446658.594100000336766, 4491709.699499999172986 ], [ 446628.27419999986887, 4491724.6118 ], [ 446581.774600000120699, 4491755.912599998526275 ], [ 446554.407399999909103, 4491745.93099999986589 ], [ 446521.590400000102818, 4491735.253099999390543 ], [ 446468.955400000326335, 4491716.5088 ], [ 446452.372899999842048, 4491716.268900000490248 ], [ 446430.574699999764562, 4491715.654899998567998 ], [ 446392.714900000020862, 4491713.221300000324845 ], [ 446376.455599999986589, 4491712.571199999190867 ], [ 446359.674700000323355, 4491712.315399999730289 ], [ 446337.216699999757111, 4491712.643999999389052 ], [ 446323.269799999892712, 4491713.222300001420081 ], [ 446282.317499999888241, 4491713.980799998156726 ], [ 446242.326100000180304, 4491719.7632 ], [ 446222.175099999643862, 4491723.117300000973046 ], [ 446137.875400000310037, 4491733.91850000154227 ], [ 446099.796099999977741, 4491742.407400001771748 ], [ 446067.816300000064075, 4491748.057399999350309 ], [ 445960.97620000038296, 4491767.420999999158084 ], [ 445853.776600000506733, 4491788.322499999776483 ], [ 445777.577200000174344, 4491827.023700000718236 ], [ 445738.601099999621511, 4491847.241100000217557 ], [ 445699.277700000442564, 4491867.624899999238551 ], [ 445649.191899999976158, 4491904.768100000917912 ], [ 445638.278300000354648, 4491913.325900000520051 ], [ 445607.678600000217557, 4491935.9264000011608 ], [ 445512.07909999974072, 4491962.727800000458956 ], [ 445433.451999999640975, 4491984.946899999864399 ], [ 445426.813000000081956, 4491986.72690000012517 ], [ 445416.429999999701977, 4491987.354900000616908 ], [ 445367.014999999664724, 4491989.859899999573827 ], [ 445325.571000000461936, 4491992.320099999196827 ], [ 445282.724499999545515, 4491994.447799999266863 ], [ 445237.285500000230968, 4491996.990900000557303 ], [ 445192.980200000107288, 4491999.232300000265241 ], [ 445166.717000000178814, 4492003.073900000192225 ], [ 445139.752100000157952, 4492007.176599998958409 ], [ 445098.234799999801908, 4492013.428999999538064 ], [ 445030.553999999538064, 4492023.62290000077337 ], [ 445020.283999999985099, 4492025.073900000192225 ], [ 444997.57699999952456, 4492035.097899998538196 ], [ 444961.571999999694526, 4492050.936899999156594 ], [ 444959.319500000216067, 4492051.994400000199676 ], [ 444941.794999999925494, 4492074.008899999782443 ], [ 444919.616200000047684, 4492100.527700000442564 ], [ 444908.805499999783933, 4492112.8449 ], [ 444906.571999999694526, 4492117.6469 ], [ 444903.049999999813735, 4492125.6639 ], [ 444891.559000000357628, 4492153.2215 ], [ 444883.47580000013113, 4492172.224399999715388 ], [ 444871.907300000078976, 4492199.493799998424947 ], [ 444863.286999999603722, 4492219.752399999648333 ], [ 444849.890999999828637, 4492251.1009 ], [ 444836.909300000406802, 4492281.019399999640882 ], [ 444831.454599999822676, 4492294.302799999713898 ], [ 444824.794800000265241, 4492308.640999999828637 ], [ 444817.184100000187755, 4492328.838599999435246 ], [ 444807.198499999940395, 4492352.041500002145767 ], [ 444800.006699999794364, 4492368.75209999922663 ], [ 444790.160199999809265, 4492389.969300000928342 ], [ 444780.630900000280235, 4492411.35359999909997 ], [ 444774.570299999788404, 4492424.31389999948442 ], [ 444768.471599999815226, 4492437.7697 ], [ 444758.396999999880791, 4492460.003899999894202 ], [ 444753.249900000169873, 4492479.379699999466538 ], [ 444745.869800000451505, 4492506.630400000140071 ], [ 444740.973399999551475, 4492525.152400000952184 ], [ 444731.32249999983469, 4492560.918999999761581 ], [ 444721.458700000308454, 4492596.259800000116229 ], [ 444718.586900000460446, 4492606.841099998913705 ], [ 444713.936700000427663, 4492624.149299998767674 ], [ 444711.665900000371039, 4492631.955500000156462 ], [ 444704.853500000201166, 4492657.21919999923557 ], [ 444700.724100000225008, 4492672.637000000104308 ], [ 444684.632699999958277, 4492732.256400000303984 ], [ 444681.161199999973178, 4492744.935300000943244 ], [ 444677.093500000482891, 4492760.636399999260902 ], [ 444662.613300000317395, 4492812.603499998338521 ], [ 444656.833700000308454, 4492833.957200000993907 ], [ 444651.082299999892712, 4492853.920800000429153 ], [ 444643.837000000290573, 4492879.143899999558926 ], [ 444640.475999999733176, 4492891.342899999581277 ], [ 444635.73450000025332, 4492914.057800000533462 ], [ 444631.847500000149012, 4492932.286299998871982 ], [ 444629.099700000137091, 4492943.817900000140071 ], [ 444626.35190000012517, 4492954.417099999263883 ], [ 444621.902099999599159, 4492972.762499999254942 ], [ 444619.526499999687076, 4492983.1294 ], [ 444617.535199999809265, 4492991.658299998380244 ], [ 444615.63910000026226, 4493000.752999999560416 ], [ 444611.708599999547005, 4493016.994400001130998 ], [ 444606.525299999862909, 4493029.650699998252094 ], [ 444599.035799999721348, 4493048.158800000324845 ], [ 444594.646999999880791, 4493058.807499999180436 ], [ 444585.990199999825563, 4493082.606599999591708 ], [ 444576.912999999709427, 4493107.481499999761581 ], [ 444571.608099999837577, 4493122.748299999162555 ], [ 444567.659000000043306, 4493134.655200000852346 ], [ 444562.236200000159442, 4493150.039899999275804 ], [ 444554.573599999770522, 4493172.792699999175966 ], [ 444547.337199999950826, 4493194.460099999792874 ], [ 444532.441300000064075, 4493219.318099999800324 ], [ 444520.501000000163913, 4493239.100500001572073 ], [ 444504.224100000225008, 4493265.833299999125302 ], [ 444488.838299999944866, 4493293.516699998639524 ], [ 444478.798999999649823, 4493311.338599999435246 ], [ 444469.746699999959674, 4493327.126299999654293 ], [ 444462.2023, 4493340.433299998752773 ], [ 444391.598299999721348, 4493390.0801 ], [ 444361.934200000017881, 4493410.505599998869002 ], [ 444351.195199999958277, 4493418.349199998192489 ], [ 444341.795199999585748, 4493425.849300000816584 ], [ 444324.192699999548495, 4493440.090300001204014 ], [ 444295.690000000409782, 4493462.844100001268089 ], [ 444273.182699999772012, 4493481.076500000432134 ], [ 444252.296099999919534, 4493498.1508 ], [ 444237.898299999535084, 4493509.776699999347329 ], [ 444204.628800000122283, 4493544.570499999448657 ], [ 444178.627999999560416, 4493572.276599999517202 ], [ 444143.63399999961257, 4493616.018899999558926 ], [ 444124.645999999716878, 4493639.794899999164045 ], [ 444079.801699999719858, 4493655.8868000023067 ], [ 444063.298000000417233, 4493661.553999999538064 ], [ 444035.345400000049267, 4493671.358799998648465 ], [ 444002.066399999894202, 4493683.168099998496473 ], [ 443971.881599999964237, 4493692.577599999494851 ], [ 443953.631799999624491, 4493698.07179999910295 ], [ 443836.145299999974668, 4493714.86849999986589 ], [ 443823.359000000171363, 4493715.247899998910725 ], [ 443801.205000000132713, 4493715.502900001592934 ], [ 443773.432000000029802, 4493716.3339 ], [ 443747.07909999974072, 4493715.626900001429021 ], [ 443726.678299999795854, 4493715.281400001607835 ], [ 443718.182000000029802, 4493715.380300000309944 ], [ 443706.799200000241399, 4493714.259000000543892 ], [ 443699.510099999606609, 4493713.651699999347329 ], [ 443690.964399999938905, 4493712.565099999308586 ], [ 443677.824900000356138, 4493710.935100000351667 ], [ 443657.769799999892712, 4493708.465600000694394 ], [ 443636.973799999803305, 4493706.094799999147654 ], [ 443592.714300000108778, 4493700.414700000546873 ], [ 443575.684999999590218, 4493698.3629 ], [ 443567.900999999605119, 4493697.22789999935776 ], [ 443560.111600000411272, 4493695.698699999600649 ], [ 443543.595999999903142, 4493693.879899998195469 ], [ 443524.958399999828544, 4493682.503699999302626 ], [ 443483.36809999961406, 4493658.159199999645352 ], [ 443399.474999999685679, 4493607.853899999521673 ], [ 443384.650000000372529, 4493599.004899999126792 ], [ 442953.580000000074506, 4493337.227900000289083 ], [ 442952.840599999763072, 4493336.756 ], [ 442949.899000000208616, 4493334.878900000825524 ], [ 442919.601099999621511, 4493315.909599999897182 ], [ 442856.339100000390317, 4493275.904499999247491 ], [ 442794.716000000014901, 4493236.965900000184774 ], [ 442766.243200000375509, 4493217.88329999987036 ], [ 442721.31969999987632, 4493187.94789999909699 ], [ 442687.786700000055134, 4493166.276599999517202 ], [ 442655.920599999837577, 4493146.382399999536574 ], [ 442614.189000000304077, 4493119.4679000005126 ], [ 442595.990000000223517, 4493107.556900001130998 ], [ 442575.033999999985099, 4493094.672900000587106 ], [ 442554.307000000029802, 4493082.129899999126792 ], [ 442514.318199999630451, 4493057.618599999696016 ], [ 442470.640599999576807, 4493031.299499998800457 ], [ 442433.456199999898672, 4493008.616599999368191 ], [ 442378.566999999864493, 4492975.50129999872297 ], [ 442339.2182, 4492951.216699999757111 ], [ 442268.04700000025332, 4492907.320900000631809 ], [ 442265.923000000417233, 4492905.666899999603629 ], [ 442255.737999999895692, 4492897.603900001384318 ], [ 442227.193099999800324, 4492875.005300001241267 ], [ 442202.016400000080466, 4492855.328899999149144 ], [ 442183.036299999803305, 4492840.328600000590086 ], [ 442164.370000000111759, 4492825.311200000345707 ], [ 442146.371899999678135, 4492810.778099999763072 ], [ 442120.60329999960959, 4492790.009299998171628 ], [ 442099.925999999977648, 4492773.359899999573827 ], [ 442090.09499999973923, 4492765.519900000654161 ], [ 442037.303000000305474, 4492733.368899999186397 ], [ 441955.96100000012666, 4492684.50789999961853 ], [ 441837.985999999567866, 4492648.249900001101196 ], [ 441820.765100000426173, 4492649.126599998213351 ], [ 441806.97099999996135, 4492649.433900001458824 ], [ 441788.487499999813735, 4492649.85050000064075 ], [ 441750.0921, 4492651.139999999664724 ], [ 441735.299999999871943, 4492652.018900000490248 ], [ 441723.865000000223517, 4492652.599899998866022 ], [ 441723.435600000433624, 4492652.6118 ], [ 441723.2379999999539, 4492652.471899999305606 ], [ 441706.919999999925494, 4492638.216900000348687 ], [ 441663.813000000081956, 4492601.344900000840425 ], [ 441626.133000000438187, 4492560.789900000207126 ], [ 441554.169900000095367, 4492481.607300000265241 ], [ 441545.00800000037998, 4492472.3509 ], [ 441504.728000000177417, 4492449.0159 ], [ 441457.335000000020955, 4492422.165899999439716 ], [ 441447.394000000320375, 4492416.809900000691414 ], [ 441398.938000000081956, 4492399.553899998776615 ], [ 441315.626000000163913, 4492369.541899998672307 ], [ 441306.605000000447035, 4492367.649900000542402 ], [ 441282.634999999776483, 4492362.510900000110269 ], [ 441229.032999999821186, 4492350.748899999074638 ], [ 441185.490000000223517, 4492342.973899998702109 ], [ 441118.13300000037998, 4492331.354900000616908 ], [ 441107.693099999800324, 4492329.29869999922812 ], [ 441061.881299999484327, 4492312.513699998147786 ], [ 441015.923000000417233, 4492295.655399999581277 ], [ 440972.896599999628961, 4492280.0431999983266 ], [ 440919.769899999722838, 4492260.686799999326468 ], [ 440858.736399999819696, 4492238.525600000284612 ], [ 440803.820600000268314, 4492218.569500000216067 ], [ 440721.432199999690056, 4492218.829900000244379 ], [ 440668.134399999864399, 4492219.727999999187887 ], [ 440622.222000000067055, 4492220.223899998702109 ], [ 440620.932799999602139, 4492220.231899998150766 ], [ 440620.927000000141561, 4492219.288899998180568 ], [ 440620.784199999645352, 4492208.432900000363588 ], [ 440620.416299999749754, 4492208.432099999859929 ], [ 440445.096400000154972, 4492212.71309999935329 ], [ 439887.648500000184868, 4492211.129199999384582 ], [ 439868.358599999919534, 4492211.079399998299778 ], [ 439867.248499999754131, 4492203.5793999992311 ], [ 439863.258399999700487, 4492182.469399998895824 ], [ 439860.308299999684095, 4492166.989299999549985 ], [ 439858.358199999667704, 4492156.679300000891089 ], [ 439854.918100000359118, 4492139.749299999326468 ], [ 439848.777800000272691, 4492109.049300001002848 ], [ 439844.847599999979138, 4492082.089199999347329 ], [ 439834.027099999599159, 4492015.6891 ], [ 439828.98689999995986, 4491987.329000000841916 ], [ 439826.306699999608099, 4491967.119000000879169 ], [ 439823.07660000026226, 4491950.838900000788271 ], [ 439815.496299999766052, 4491905.768799999728799 ], [ 439810.596099999733269, 4491879.518799999728799 ], [ 439799.915599999949336, 4491812.828700000420213 ], [ 439794.575299999676645, 4491780.838600000366569 ], [ 439782.934899999760091, 4491722.158500000834465 ], [ 439769.87430000025779, 4491651.8083999985829 ], [ 439757.513799999840558, 4491583.168299998156726 ], [ 439729.02350000012666, 4491531.638399998657405 ], [ 439719.483300000429153, 4491498.378399998880923 ], [ 439715.403099999763072, 4491480.828299998305738 ], [ 439707.822999999858439, 4491458.228299998678267 ], [ 439689.572800000139978, 4491422.418400000780821 ], [ 439686.68269999983022, 4491415.8684 ], [ 439671.992600000521634, 4491389.228500000201166 ], [ 439637.612300000153482, 4491335.098600000143051 ], [ 439624.012099999934435, 4491312.308700000867248 ], [ 439588.821800000034273, 4491256.158900000154972 ], [ 439559.231499999761581, 4491204.338999998755753 ], [ 439521.01109999982873, 4491138.90919999871403 ], [ 439487.490799999795854, 4491080.739400001242757 ], [ 439466.520499999634922, 4491043.809399999678135 ], [ 439397.129700000456069, 4490911.209700000472367 ], [ 439388.4496, 4490894.379799999296665 ], [ 439385.479600000195205, 4490890.379799999296665 ], [ 439387.139600000344217, 4490888.389699999243021 ], [ 439381.679399999789894, 4490859.199700000695884 ], [ 439371.649000000208616, 4490807.669600000604987 ], [ 439364.278699999675155, 4490770.329600000753999 ], [ 439357.768400000408292, 4490734.499500001780689 ], [ 439357.638399999588728, 4490732.229499999433756 ], [ 439358.318300000391901, 4490721.4594 ], [ 439358.858300000429153, 4490715.0793999992311 ], [ 439361.428100000135601, 4490692.069299999624491 ], [ 439362.617999999783933, 4490683.4792 ], [ 439363.727900000289083, 4490670.359200000762939 ], [ 439365.407700000330806, 4490653.849099999293685 ], [ 439366.497600000351667, 4490641.418999999761581 ], [ 439372.667100000195205, 4490581.728800000622869 ], [ 439380.836500000208616, 4490506.688399999402463 ], [ 439381.546400000341237, 4490503.158399998210371 ], [ 439386.276200000196695, 4490482.848200001753867 ], [ 439389.136099999770522, 4490471.408200000412762 ], [ 439392.095999999903142, 4490458.598099999129772 ], [ 439394.195899999700487, 4490450.747999999672174 ], [ 439400.555700000375509, 4490424.817900000140071 ], [ 439402.765599999576807, 4490413.967799999751151 ], [ 439408.175400000123773, 4490392.587599999271333 ], [ 439409.405399999581277, 4490389.077600000426173 ], [ 439415.535099999979138, 4490364.047499998472631 ], [ 439425.314799999818206, 4490324.087200000882149 ], [ 439431.664499999955297, 4490297.127000000327826 ], [ 439433.154500000178814, 4490292.467000001110137 ], [ 439434.974399999715388, 4490286.326899998821318 ], [ 439440.27419999986887, 4490259.726800001226366 ], [ 439445.064000000304077, 4490244.846699999645352 ], [ 439449.333899999968708, 4490225.276599999517202 ], [ 439456.443599999882281, 4490197.386400000192225 ], [ 439461.063400000333786, 4490177.446199999190867 ], [ 439470.073099999746773, 4490142.096000000834465 ], [ 439497.281999999657273, 4490026.30530000012368 ], [ 439481.011800000502262, 4489991.175299999304116 ], [ 439464.761599999852479, 4489957.8854 ], [ 439451.641400000080466, 4489930.125399998389184 ], [ 439448.461400000320282, 4489922.63539999909699 ], [ 439467.821100000292063, 4489901.625099999830127 ], [ 439500.480700000189245, 4489865.7346 ], [ 439542.770100000314415, 4489817.873999999836087 ], [ 439557.719899999909103, 4489800.593699999153614 ], [ 439581.968999999575317, 4489703.343100000172853 ], [ 439583.518899999558926, 4489696.993000000715256 ], [ 439588.978699999861419, 4489674.88289999961853 ], [ 439607.117999999842141, 4489598.99239999987185 ], [ 439624.39740000013262, 4489528.471899999305606 ], [ 439640.296900000423193, 4489461.991499998606741 ], [ 439667.815999999642372, 4489346.290700000710785 ], [ 439716.554399999789894, 4489144.369300001300871 ], [ 439743.753600000345614, 4489031.728499999269843 ], [ 439767.132799999788404, 4488934.827799998223782 ], [ 439774.932599999941885, 4488903.487600001506507 ], [ 439780.752399999648333, 4488876.437400000169873 ], [ 439791.611999999673571, 4488834.957100000232458 ], [ 439812.931400000175927, 4488746.496500000357628 ], [ 439816.261300000362098, 4488733.146400001831353 ], [ 439821.151100000366569, 4488715.856200001202524 ], [ 439824.020999999716878, 4488706.146199999377131 ], [ 439831.090900000184774, 4488685.206000000238419 ], [ 439841.860600000247359, 4488652.395699999295175 ], [ 439856.060300000011921, 4488616.795399999246001 ], [ 439858.3602, 4488611.235400000587106 ], [ 439867.450100000016391, 4488587.945200000889599 ], [ 439880.799800000153482, 4488554.674900000914931 ], [ 439890.409599999897182, 4488529.684699999168515 ], [ 439896.169400000013411, 4488515.034499999135733 ], [ 439907.45920000039041, 4488486.944299998693168 ], [ 439917.699000000022352, 4488460.683999999426305 ], [ 439921.228900000452995, 4488451.604000000283122 ], [ 439930.778699999733362, 4488428.06379999872297 ], [ 439935.948599999770522, 4488415.023600000888109 ], [ 439937.088600000366569, 4488411.863600000739098 ], [ 439946.978400000371039, 4488387.313399999402463 ], [ 439953.058199999853969, 4488371.873299999162555 ], [ 439956.928100000135601, 4488362.363199999555945 ], [ 439967.487900000065565, 4488335.252899999730289 ], [ 439994.807300000451505, 4488266.322299999184906 ], [ 439999.427199999860022, 4488255.032199999317527 ], [ 440001.847199999727309, 4488248.162200001068413 ], [ 440007.307099999859929, 4488235.382099998183548 ], [ 440016.126899999566376, 4488212.951899999752641 ], [ 440019.876799999736249, 4488203.57179999910295 ], [ 440025.546699999831617, 4488189.931699999608099 ], [ 440034.376500000304077, 4488168.011499999091029 ], [ 440043.106300000101328, 4488146.1913 ], [ 440047.336199999786913, 4488135.701199999079108 ], [ 440050.916100000031292, 4488127.56110000051558 ], [ 440053.166100000031292, 4488121.930999998934567 ], [ 440054.006099999882281, 4488120.280999998562038 ], [ 440061.395899999886751, 4488106.110899998806417 ], [ 440072.215800000354648, 4488086.970699998550117 ], [ 440100.285299999639392, 4488037.11009999923408 ], [ 440103.375199999718461, 4488032.590099999681115 ], [ 440112.955099999904633, 4488019.5099 ], [ 440116.775100000202656, 4488014.039899999275804 ], [ 440121.714999999850988, 4488007.209799999371171 ], [ 440125.054999999701977, 4488002.8997 ], [ 440128.854899999685585, 4487998.409700001589954 ], [ 440138.744800000451505, 4487986.499500000849366 ], [ 440142.024699999950826, 4487982.6294 ], [ 440147.064700000046287, 4487976.979399999603629 ], [ 440156.324599999934435, 4487966.099199999123812 ], [ 440168.314399999566376, 4487952.778999998234212 ], [ 440177.564299999678042, 4487943.608899999409914 ], [ 440189.444199999794364, 4487932.00870000012219 ], [ 440205.44400000013411, 4487916.578400000929832 ], [ 440240.743599999696016, 4487882.757899998687208 ], [ 440257.683400000445545, 4487866.587600000202656 ], [ 440248.033400000073016, 4487850.277699999511242 ], [ 440233.583300000056624, 4487826.807700000703335 ], [ 440223.283200000412762, 4487809.557799999602139 ], [ 440209.823099999688566, 4487788.077800001017749 ], [ 440188.502999999560416, 4487752.857899998314679 ], [ 440169.922899999655783, 4487722.948000000789762 ], [ 440136.232599999755621, 4487667.8881 ], [ 440127.032599999569356, 4487652.878200001083314 ], [ 440118.902499999850988, 4487639.828199999406934 ], [ 440112.652499999850988, 4487629.768300000578165 ], [ 440093.852400000207126, 4487599.428300000727177 ], [ 440082.362300000095274, 4487580.268399999476969 ], [ 440073.772300000302494, 4487567.818399999290705 ], [ 440058.562199999578297, 4487549.298499998636544 ], [ 439976.741899999789894, 4487451.398999999277294 ], [ 439943.641800000332296, 4487411.64919999986887 ], [ 439917.821700000204146, 4487380.589400000870228 ], [ 439890.161600000283215, 4487347.539599998854101 ], [ 439872.281600000394974, 4487326.549699999392033 ], [ 439858.281499999575317, 4487309.439799998886883 ], [ 439839.671500000229571, 4487286.789900000207126 ], [ 439796.881299999542534, 4487235.590099999681115 ], [ 439760.951200000010431, 4487192.410399999469519 ], [ 439752.951200000010431, 4487183.100399999879301 ], [ 439737.651100000366569, 4487164.950500000268221 ], [ 439730.961099999956787, 4487156.810599999502301 ], [ 439722.51109999982873, 4487146.230599999427795 ], [ 439720.641099999658763, 4487144.360600000247359 ], [ 439718.971099999733269, 4487143.2906 ], [ 439709.481100000441074, 4487139.090699999593198 ], [ 439701.591099999845028, 4487135.680800000205636 ], [ 439695.221099999675062, 4487132.940899998880923 ], [ 439692.761099999770522, 4487131.86089999973774 ], [ 439687.921099999919534, 4487129.620899999514222 ], [ 439677.771200000308454, 4487124.921 ], [ 439663.401200000196695, 4487118.36119999922812 ], [ 439649.131199999712408, 4487111.841299998573959 ], [ 439635.591199999675155, 4487105.641399999149144 ], [ 439622.201200000010431, 4487099.541500000283122 ], [ 439607.39130000025034, 4487092.741699998266995 ], [ 439596.261300000420306, 4487087.631799999624491 ], [ 439588.14130000025034, 4487083.991900000721216 ], [ 439569.011300000362098, 4487075.322000001557171 ], [ 439553.181400000117719, 4487068.452200000174344 ], [ 439538.021400000026915, 4487061.462299999780953 ], [ 439523.651399999798741, 4487055.0625 ], [ 439509.011500000080559, 4487048.432600000873208 ], [ 439495.661500000394881, 4487042.692700000479817 ], [ 439490.081500000320375, 4487040.322800000198185 ], [ 439473.311499999836087, 4487032.792899999767542 ], [ 439459.32149999961257, 4487026.613099999725819 ], [ 439443.811599999666214, 4487019.633199999108911 ], [ 439429.95160000026226, 4487013.4134 ], [ 439417.321600000315811, 4487007.783500000834465 ], [ 439345.091799999587238, 4486976.444199999794364 ], [ 439240.752000000327826, 4486930.52519999910146 ], [ 439127.38219999987632, 4486880.746200000867248 ], [ 439059.872299999929965, 4486850.776900000870228 ], [ 438970.762600000016391, 4486826.527799999341369 ], [ 438934.692699999606702, 4486816.278100000694394 ], [ 438834.282800000160933, 4486762.459099999628961 ], [ 438797.742899999953806, 4486743.019400000572205 ], [ 438736.973000000230968, 4486710.029900000430644 ], [ 438685.423000000417233, 4486682.51039999909699 ], [ 438630.523099999816623, 4486652.480899999849498 ], [ 438590.453200000338256, 4486630.9012999990955 ], [ 438545.603199999779463, 4486605.981699999421835 ], [ 438473.483300000429153, 4486566.9222999997437 ], [ 438411.293399999849498, 4486532.652900000102818 ], [ 438360.763500000350177, 4486504.983300000429153 ], [ 438352.363400000147521, 4486485.873400000855327 ], [ 438347.473399999551475, 4486474.833399999886751 ], [ 438340.313299999572337, 4486458.413399999029934 ], [ 438331.283200000412762, 4486437.883399999700487 ], [ 438329.213200000114739, 4486433.293399999849498 ], [ 438312.983, 4486396.383400000631809 ], [ 438300.412899999821093, 4486367.863500000908971 ], [ 438291.682799999602139, 4486347.863500000908971 ], [ 438283.032700000389013, 4486328.0335 ], [ 438274.802699999883771, 4486309.313500000163913 ], [ 438257.682500000111759, 4486270.30350000038743 ], [ 438249.452399999834597, 4486251.343499999493361 ], [ 438213.102099999843631, 4486167.9836 ], [ 438195.911899999715388, 4486127.703600000590086 ], [ 438193.421900000481401, 4486122.773600001819432 ], [ 438168.041699999943376, 4486079.083700000308454 ], [ 438162.25169999996433, 4486078.763800001703203 ], [ 438155.991799999959767, 4486078.283900000154972 ], [ 438132.981900000013411, 4486076.034099998883903 ], [ 438110.052000000141561, 4486073.684399999678135 ], [ 438061.552199999801815, 4486068.914899999275804 ], [ 438046.392300000414252, 4486067.565099999308586 ], [ 438031.782300000078976, 4486065.885199999436736 ], [ 438013.702399999834597, 4486064.005400000140071 ], [ 438004.342400000430644, 4486063.205499998293817 ], [ 438000.282499999797437, 4486062.01560000050813 ], [ 437987.702499999664724, 4486058.505699998699129 ], [ 437975.802500000223517, 4486055.355799998156726 ], [ 437962.752600000239909, 4486051.915999998338521 ], [ 437958.252600000239909, 4486050.815999999642372 ], [ 437947.752600000239909, 4486048.076099998317659 ], [ 437939.342699999921024, 4486045.97620000038296 ], [ 437937.512600000016391, 4486042.656199999153614 ], [ 437936.942599999718368, 4486041.606200000271201 ], [ 437936.232599999755621, 4486040.216199999675155 ], [ 437934.652599999681115, 4486037.256199999712408 ], [ 437932.212600000202656, 4486032.706199999898672 ], [ 437930.712600000202656, 4486029.926200000569224 ], [ 437929.282599999569356, 4486027.356200000271201 ], [ 437928.112599999643862, 4486025.26619999948889 ], [ 437923.072599999664817, 4486016.286299999803305 ], [ 437917.262500000186265, 4486005.506299999542534 ], [ 437914.222500000149012, 4486000.046299999579787 ], [ 437906.932400000281632, 4485987.286299999803305 ], [ 437890.752299999818206, 4485958.056399999186397 ], [ 437880.292299999855459, 4485938.64640000090003 ], [ 437877.372299999929965, 4485933.3564 ], [ 437872.822200000286102, 4485925.556399998255074 ], [ 437865.63219999987632, 4485912.506500001065433 ], [ 437860.962199999950826, 4485904.126499999314547 ], [ 437856.652099999599159, 4485896.626499998383224 ], [ 437852.432099999859929, 4485889.236500001512468 ], [ 437833.181999999971595, 4485854.286599998362362 ], [ 437828.842000000178814, 4485846.726600001566112 ], [ 437827.552000000199769, 4485844.51659999974072 ], [ 437824.961900000460446, 4485839.946599999442697 ], [ 437820.251899999566376, 4485831.536599999293685 ], [ 437815.261900000274181, 4485822.966700000688434 ], [ 437810.391900000162423, 4485814.58669999986887 ], [ 437804.7818, 4485804.6667 ], [ 437796.171799999661744, 4485789.216700000688434 ], [ 437794.911799999885261, 4485786.966700001619756 ], [ 437792.251699999906123, 4485782.136800000444055 ], [ 437781.601700000464916, 4485762.68680000025779 ], [ 437777.70160000026226, 4485755.69679999910295 ], [ 437771.111600000411272, 4485743.356799999251962 ], [ 437763.14159999974072, 4485728.456900001503527 ], [ 437745.5614, 4485696.456900001503527 ], [ 437741.321399999782443, 4485688.826899999752641 ], [ 437733.541400000452995, 4485674.926999998278916 ], [ 437724.181300000287592, 4485658.226999999023974 ], [ 437716.081299999728799, 4485643.887000000104308 ], [ 437708.261199999542441, 4485629.997099998407066 ], [ 437702.531200000084937, 4485619.777099999599159 ], [ 437696.611100000387523, 4485609.147099998779595 ], [ 437692.0011, 4485600.6771 ], [ 437681.681099999696016, 4485582.067199999466538 ], [ 437676.970999999903142, 4485573.797200000844896 ], [ 437666.510999999940395, 4485556.007200000807643 ], [ 437659.990899999625981, 4485544.567299998365343 ], [ 437649.290900000371039, 4485525.227299999445677 ], [ 437641.250799999572337, 4485511.267300001345575 ], [ 437633.140800000168383, 4485496.927399999462068 ], [ 437627.520700000226498, 4485486.86739999987185 ], [ 437615.620699999853969, 4485466.347400000318885 ], [ 437609.240600000135601, 4485455.157500000670552 ], [ 437587.6705, 4485416.7675 ], [ 437567.310399999842048, 4485381.127599998377264 ], [ 437546.850300000049174, 4485345.097699999809265 ], [ 437532.080199999734759, 4485319.047800000756979 ], [ 437523.990100000053644, 4485304.627800000831485 ], [ 437494.070000000298023, 4485251.667899998836219 ], [ 437476.009899999946356, 4485220.318 ], [ 437457.479799999913666, 4485187.728000000119209 ], [ 437419.149500000290573, 4485120.198199999518692 ], [ 437408.529500000178814, 4485101.098199999891222 ], [ 437408.699500000104308, 4485101.008199999108911 ], [ 437405.449400000274181, 4485094.7983 ], [ 437401.62939999991795, 4485087.138299998827279 ], [ 437397.489400000311434, 4485078.3783 ], [ 437387.539300000295043, 4485057.178300000727177 ], [ 437381.2193, 4485043.918299998156726 ], [ 437369.349200000055134, 4485018.6283 ], [ 437361.459099999628961, 4485001.448399999178946 ], [ 437358.409099999815226, 4484994.498400000855327 ], [ 437335.518899999558926, 4484946.158399998210371 ], [ 437252.258200000040233, 4484767.568600000813603 ], [ 437244.358099999837577, 4484750.658600000664592 ], [ 437242.098100000061095, 4484745.868599998764694 ], [ 437239.13810000004014, 4484739.568600000813603 ], [ 437235.888100000098348, 4484732.67860000114888 ], [ 437233.848100000061095, 4484728.348599999211729 ], [ 437232.338000000454485, 4484725.068600000813603 ], [ 437228.50800000037998, 4484716.8986 ], [ 437226.247999999672174, 4484712.088600001297891 ], [ 437225.478000000061002, 4484710.448599999770522 ], [ 437224.858, 4484709.168600000441074 ], [ 437222.898000000044703, 4484705.048599999397993 ], [ 437220.928000000305474, 4484700.928600000217557 ], [ 437218.847900000400841, 4484696.478599998168647 ], [ 437216.447900000028312, 4484691.318599999882281 ], [ 437215.587899999693036, 4484689.47859999909997 ], [ 437214.00789999961853, 4484686.1886 ], [ 437211.537899999879301, 4484680.988600000739098 ], [ 437209.017900000326335, 4484675.678599999286234 ], [ 437206.967799999751151, 4484671.338599999435246 ], [ 437204.677799999713898, 4484666.458699999377131 ], [ 437199.777800000272691, 4484655.79869999922812 ], [ 437198.327800000086427, 4484652.60869999974966 ], [ 437196.497700000181794, 4484648.60869999974966 ], [ 437192.737700000405312, 4484640.558700000867248 ], [ 437192.007699999958277, 4484638.998700000345707 ], [ 437190.947700000368059, 4484636.728700000792742 ], [ 437189.357699999585748, 4484633.278699998743832 ], [ 437187.507699999958277, 4484629.228699999861419 ], [ 437186.117700000293553, 4484626.228699999861419 ], [ 437179.967600000090897, 4484612.958699999377131 ], [ 437178.067599999718368, 4484608.888699998147786 ], [ 437176.097599999979138, 4484604.638699998147786 ], [ 437174.267599999904633, 4484600.668699999339879 ], [ 437167.707499999611173, 4484586.538699998520315 ], [ 437165.587500000430737, 4484581.938699999824166 ], [ 437163.397500000020955, 4484577.35869999974966 ], [ 437161.477400000207126, 4484573.298700000159442 ], [ 437159.177400000393391, 4484568.438700000755489 ], [ 437157.527400000020862, 4484564.878699998371303 ], [ 437156.547399999573827, 4484562.778699999675155 ], [ 437155.417399999685585, 4484560.35869999974966 ], [ 437153.087399999669287, 4484555.288699998520315 ], [ 437151.607400000095367, 4484552.198700000531971 ], [ 437149.967400000488851, 4484548.748700000345707 ], [ 437148.157300000078976, 4484544.918700000271201 ], [ 437146.447300000174437, 4484541.278699998743832 ], [ 437144.187300000397954, 4484536.498700000345707 ], [ 437142.257299999706447, 4484532.368700000457466 ], [ 437140.717299999669194, 4484529.088700000196695 ], [ 437139.057300000451505, 4484525.568700001575053 ], [ 437137.157200000248849, 4484521.498700000345707 ], [ 437133.277200000360608, 4484513.628800000995398 ], [ 437188.596800000406802, 4484491.068099999800324 ], [ 437196.306800000427756, 4484487.907999999821186 ], [ 437208.606700000353158, 4484482.817799999378622 ], [ 437225.74650000029942, 4484475.747599999420345 ], [ 437309.855899999849498, 4484441.266599998809397 ], [ 437327.385800000280142, 4484434.216299999505281 ], [ 437346.445600000210106, 4484426.406099999323487 ], [ 437370.765399999916553, 4484416.365800000727177 ], [ 437382.575400000438094, 4484411.485599999316037 ], [ 437391.755300000309944, 4484407.555499999783933 ], [ 437405.155199999921024, 4484402.755300000309944 ], [ 437415.965099999622907, 4484398.045199998654425 ], [ 437425.865000000223517, 4484393.835000001825392 ], [ 437439.004900000058115, 4484388.364900000393391 ], [ 437447.864799999690149, 4484384.524700001813471 ], [ 437454.864799999631941, 4484381.8147 ], [ 437464.784699999669101, 4484377.944500000216067 ], [ 437475.684600000269711, 4484373.674400000832975 ], [ 437486.854500000365078, 4484368.884199999272823 ], [ 437491.794499999843538, 4484366.864199999719858 ], [ 437506.424399999901652, 4484361.073999998159707 ], [ 437521.434299999848008, 4484355.123799999244511 ], [ 437532.764200000092387, 4484350.603599998168647 ], [ 437545.714100000448525, 4484345.383500000461936 ], [ 437550.19400000013411, 4484343.74339999910444 ], [ 437558.713999999745283, 4484340.653299999423325 ], [ 437570.723899999691639, 4484335.773099998943508 ], [ 437576.923800000047777, 4484333.362999998964369 ], [ 437589.753700000233948, 4484328.392899999395013 ], [ 437601.293600000441074, 4484323.9227 ], [ 437610.82359999982873, 4484320.162599999457598 ], [ 437631.843399999663234, 4484311.88230000063777 ], [ 437652.333200000284705, 4484303.832100000232458 ], [ 437667.543100000359118, 4484297.841900000348687 ], [ 437684.082999999634922, 4484291.771600000560284 ], [ 437698.442900000198279, 4484286.481500000692904 ], [ 437706.452800000086427, 4484283.481399999000132 ], [ 437718.162700000219047, 4484279.041199999861419 ], [ 437729.60259999986738, 4484274.680999998934567 ], [ 437741.492700000293553, 4484298.790999999269843 ], [ 437744.002700000070035, 4484303.821000000461936 ], [ 437746.27280000038445, 4484308.321000000461936 ], [ 437748.582799999974668, 4484312.950999999418855 ], [ 437750.872800000011921, 4484317.530999999493361 ], [ 437752.822800000198185, 4484321.420999999158084 ], [ 437756.472799999639392, 4484328.710999999195337 ], [ 437759.172899999655783, 4484334.110999999567866 ], [ 437762.742899999953806, 4484341.231000000610948 ], [ 437764.762900000438094, 4484345.250900000333786 ], [ 437767.912899999879301, 4484351.560900001786649 ], [ 437770.792899999767542, 4484357.320899999700487 ], [ 437774.233, 4484364.130899999290705 ], [ 437777.742999999783933, 4484371.120899999514222 ], [ 437804.172799999767449, 4484359.490599999204278 ], [ 437810.312699999660254, 4484356.790500000119209 ], [ 437819.332600000314415, 4484352.690400000661612 ], [ 437822.732599999755621, 4484351.140299999155104 ], [ 437837.59250000026077, 4484344.380100000649691 ], [ 437846.25239999970654, 4484340.46000000089407 ], [ 437856.942300000227988, 4484335.589900000952184 ], [ 437860.402300000190735, 4484334.009800000116229 ], [ 437873.442200000397861, 4484332.139599998481572 ], [ 437897.111999999731779, 4484319.53929999936372 ], [ 437903.061900000087917, 4484305.659199999645352 ], [ 437905.741899999789894, 4484300.479100001044571 ], [ 437897.091799999587238, 4484286.519200000911951 ], [ 437887.911399999633431, 4484219.178999999538064 ], [ 437912.671299999579787, 4484211.108699998818338 ], [ 437917.830900000408292, 4484164.078400000929832 ], [ 437918.070899999700487, 4484161.688399999402463 ], [ 437918.560899999924004, 4484156.608399999327958 ], [ 437919.110799999907613, 4484151.028399999253452 ], [ 437919.220800000242889, 4484149.948299999348819 ], [ 437933.170400000177324, 4484100.247999998740852 ], [ 437933.380400000198279, 4484098.778000000864267 ], [ 437934.060399999900255, 4484094.037899999879301 ], [ 437934.840400000102818, 4484088.677899999544024 ], [ 437935.390300000144634, 4484084.877900000661612 ], [ 437935.580299999564886, 4484083.537899999879301 ], [ 437936.290300000458956, 4484078.61780000012368 ], [ 437936.93030000012368, 4484074.137800000607967 ], [ 437937.540199999697506, 4484069.92780000064522 ], [ 437938.080199999734759, 4484066.267799998633564 ], [ 437938.620199999772012, 4484062.477700000628829 ], [ 437939.160199999809265, 4484058.797700000926852 ], [ 437939.810100000409875, 4484054.2577 ], [ 437940.570100000186358, 4484048.937699999660254 ], [ 437940.730100000277162, 4484047.957699997350574 ], [ 437941.480000000505242, 4484042.697600000537932 ], [ 437942.349999999627471, 4484036.657600000500679 ], [ 437943.190000000409782, 4484030.8476 ], [ 437943.539900000265334, 4484027.567499999888241 ], [ 437943.979899999685585, 4484023.47749999910593 ], [ 437944.319899999478366, 4484020.287499999627471 ], [ 437944.649899999669287, 4484017.177500000223517 ], [ 437944.979799999855459, 4484014.137499998323619 ], [ 437945.409799999557436, 4484010.067399999126792 ], [ 437945.719800000020768, 4484007.14740000013262 ], [ 437946.07980000047246, 4484003.837400000542402 ], [ 437946.359799999801908, 4484000.747399999760091 ], [ 437946.729700000025332, 4483996.737400000914931 ], [ 437947.159699999727309, 4483992.097300000488758 ], [ 437947.629700000397861, 4483986.997300000861287 ], [ 437948.139600000286009, 4483981.427299999631941 ], [ 437951.81940000038594, 4483941.457100000232458 ], [ 437918.549200000241399, 4483893.837300000712276 ], [ 437887.699199999682605, 4483865.387499998323619 ], [ 437837.189199999906123, 4483818.337900000624359 ], [ 437809.629200000315905, 4483792.58809999935329 ], [ 437763.279199999757111, 4483749.188400000333786 ], [ 437733.368700000457466, 4483647.9583 ], [ 437685.438000000081956, 4483484.808199998922646 ], [ 437644.33739999961108, 4483344.658099999651313 ], [ 437619.147099999769125, 4483259.528000000864267 ], [ 437617.957100000232458, 4483255.507999999448657 ], [ 437614.577100000344217, 4483244.037999999709427 ], [ 437605.286999999545515, 4483212.158000000752509 ], [ 437595.47690000012517, 4483185.078000000678003 ], [ 437593.596900000236928, 4483180.307999999262393 ], [ 437588.016900000162423, 4483166.317999999038875 ], [ 437583.766900000162423, 4483155.438 ], [ 437576.206799999868963, 4483135.958000001497567 ], [ 437567.296799999661744, 4483112.737999999895692 ], [ 437558.926699999719858, 4483091.308000000193715 ], [ 437552.226700000464916, 4483074.427999998442829 ], [ 437536.166600000113249, 4483034.177999999374151 ], [ 437532.166600000113249, 4483023.597999999299645 ], [ 437526.916600000113249, 4483009.738000000827014 ], [ 437516.116499999538064, 4482982.28800000064075 ], [ 437511.356499999761581, 4482969.937999999150634 ], [ 437506.646399999968708, 4482957.757999998517334 ], [ 437502.066399999952409, 4482945.877999999560416 ], [ 437496.316399999894202, 4482931.068 ], [ 437489.976300000213087, 4482914.708000001497567 ], [ 437484.256299999542534, 4482899.907999998889863 ], [ 437479.806300000287592, 4482888.407999998889863 ], [ 437475.36629999987781, 4482876.868000000715256 ], [ 437470.866200000047684, 4482865.187999998219311 ], [ 437466.826200000010431, 4482854.677999998442829 ], [ 437466.79619999974966, 4482854.587999999523163 ], [ 437460.406200000084937, 4482837.977999999187887 ], [ 437458.356200000271201, 4482832.787999999709427 ], [ 437457.79619999974966, 4482831.367999999783933 ], [ 437457.166199999861419, 4482829.767999998293817 ], [ 437456.566200000233948, 4482828.267999998293817 ], [ 437455.226099999621511, 4482824.837999999523163 ], [ 437442.586099999956787, 4482792.657999998889863 ], [ 437441.516099999658763, 4482789.907999998889863 ], [ 437429.525999999605119, 4482758.197999999858439 ], [ 437424.315999999642372, 4482745.278000000864267 ], [ 437408.915900000371039, 4482705.377999999560416 ], [ 437396.155799999833107, 4482672.418099999427795 ], [ 437369.825699999928474, 4482604.948100000619888 ], [ 437340.51549999974668, 4482529.89809999987483 ], [ 437289.475499999709427, 4482469.0784 ], [ 437254.635599999688566, 4482427.22859999909997 ], [ 437195.185600000433624, 4482356.088899998925626 ], [ 437194.885599999746773, 4482356.218900000676513 ], [ 437189.715599999704864, 4482349.869 ], [ 437189.065600000321865, 4482350.248999998904765 ], [ 437186.755599999800324, 4482347.418999999761581 ], [ 437176.83559999987483, 4482334.989099999889731 ], [ 437161.58559999987483, 4482316.14909999910742 ], [ 437147.015599999576807, 4482298.319200000725687 ], [ 437123.115600000077393, 4482269.58940000180155 ], [ 437082.005699999630451, 4482244.129699998535216 ], [ 437068.745400000305381, 4482174.099500000476837 ], [ 436969.495099999941885, 4481982.279799998737872 ], [ 436928.535199999867473, 4481931.339999999850988 ], [ 436910.705199999734759, 4481909.730100000277162 ], [ 436815.9847999997437, 4481699.950200000777841 ], [ 436852.824300000444055, 4481619.049499999731779 ], [ 436855.254200000315905, 4481613.91950000077486 ], [ 436863.794099999591708, 4481599.449300001375377 ], [ 436902.373800000175834, 4481572.0088 ], [ 436915.48369999974966, 4481562.668600001372397 ], [ 436968.723199999891222, 4481524.767799999564886 ], [ 437041.89259999996284, 4481474.446799998171628 ], [ 437117.252000000327826, 4481428.075799998827279 ], [ 437144.631699999736156, 4481410.805499999783933 ], [ 437132.261800000444055, 4481401.095499998889863 ], [ 437127.761800000444055, 4481397.485599999316037 ], [ 437118.201799999922514, 4481389.765599999576807 ], [ 437108.731800000183284, 4481382.105699999257922 ], [ 437091.871899999619927, 4481368.525800000876188 ], [ 437066.091900000348687, 4481347.665999998338521 ], [ 437056.851900000066962, 4481340.116100000217557 ], [ 437045.92200000025332, 4481331.176200000569224 ], [ 437037.951999999582767, 4481324.666200000792742 ], [ 437030.411999999545515, 4481318.546299998648465 ], [ 436992.152099999599159, 4481289.036599999293685 ], [ 436980.772099999710917, 4481280.056700001470745 ], [ 436974.332100000232458, 4481274.556700001470745 ], [ 436957.032200000248849, 4481259.766799999400973 ], [ 436948.092199999839067, 4481252.006899999454618 ], [ 436926.492200000211596, 4481234.237099999561906 ], [ 436918.292200000025332, 4481227.527100001461804 ], [ 436907.722299999557436, 4481218.857200001366436 ], [ 436898.1722999997437, 4481211.067299998365343 ], [ 436895.372299999929965, 4481208.7972999997437 ], [ 436883.612300000153482, 4481199.687400001101196 ], [ 436882.062300000397954, 4481198.487400000914931 ], [ 436881.662299999967217, 4481198.167399999685585 ], [ 436880.842299999727402, 4481197.487400000914931 ], [ 436878.912299999967217, 4481195.89740000013262 ], [ 436875.482300000265241, 4481193.067399998195469 ], [ 436872.962299999780953, 4481190.967499999329448 ], [ 436843.902400000079069, 4481166.927699999883771 ], [ 436840.412399999797344, 4481164.5077 ], [ 436828.872399999760091, 4481155.107800000347197 ], [ 436811.442499999888241, 4481141.397900000214577 ], [ 436801.962500000372529, 4481133.677999999374151 ], [ 436789.492499999701977, 4481123.3881 ], [ 436780.752500000409782, 4481116.198100001551211 ], [ 436775.422600000165403, 4481111.788200000301003 ], [ 436764.012600000074599, 4481102.918299998156726 ], [ 436753.272599999851082, 4481094.348400000482798 ], [ 436740.522599999792874, 4481084.188400000333786 ], [ 436738.002600000239909, 4481082.11849999986589 ], [ 436733.6727, 4481078.748500000685453 ], [ 436729.412700000219047, 4481075.258499999530613 ], [ 436727.092699999921024, 4481073.538499999791384 ], [ 436722.872700000181794, 4481070.258600001223385 ], [ 436716.012699999846518, 4481064.768599999137223 ], [ 436709.642699999734759, 4481059.308700000867248 ], [ 436701.982699999585748, 4481052.778699999675155 ], [ 436689.662899999879301, 4481066.048900000751019 ], [ 436688.962899999634828, 4481067.288899998180568 ], [ 436680.872899999842048, 4481074.769099999219179 ], [ 436672.263000000268221, 4481082.049200000241399 ], [ 436663.093100000172853, 4481089.079300000332296 ], [ 436659.473100000061095, 4481091.84940000064671 ], [ 436656.53320000047097, 4481093.739400000311434 ], [ 436650.203200000338256, 4481097.879500000737607 ], [ 436627.883399999758694, 4481109.32979999948293 ], [ 436620.94340000016382, 4481112.259899999015033 ], [ 436616.473500000312924, 4481114.179899998940527 ], [ 436601.293600000499282, 4481119.130100000649691 ], [ 436590.193699999712408, 4481122.370199999772012 ], [ 436577.573699999600649, 4481124.370400000363588 ], [ 436550.1239, 4481127.420699999667704 ], [ 436505.904199999757111, 4481129.701199998147786 ], [ 436447.194500000216067, 4481130.461799998767674 ], [ 436300.81529999995837, 4481130.463399999774992 ], [ 436300.975300000049174, 4481134.903400000184774 ], [ 436127.086199999786913, 4481112.035200000740588 ], [ 436127.54619999974966, 4481108.735200000926852 ], [ 436128.54619999974966, 4481101.645200000144541 ], [ 436082.4364, 4481096.755699999630451 ], [ 436058.336600000038743, 4481093.655899998731911 ], [ 436051.496600000187755, 4481092.776000000536442 ], [ 436047.356700000353158, 4481106.976100000552833 ], [ 436048.426699999719858, 4481120.5461 ], [ 436048.536700000055134, 4481121.9561 ], [ 436048.93680000025779, 4481143.836200000718236 ], [ 436055.046799999661744, 4481159.016200000420213 ], [ 436061.546900000423193, 4481181.086200000718236 ], [ 436062.566899999976158, 4481186.706299998797476 ], [ 436066.286999999545515, 4481207.10630000103265 ], [ 436069.637000000104308, 4481225.546299998648465 ], [ 436070.027099999599159, 4481238.756300000473857 ], [ 436068.887099999934435, 4481239.356399999000132 ], [ 436064.407100000418723, 4481241.716499998234212 ], [ 436061.387099999934435, 4481242.3065 ], [ 436059.877100000157952, 4481242.5965 ], [ 436057.707200000062585, 4481243.086500000208616 ], [ 436055.547199999913573, 4481243.586600000970066 ], [ 436052.957200000062585, 4481244.686599999666214 ], [ 436051.397199999541044, 4481245.356599999591708 ], [ 436050.987200000381563, 4481245.916600000113249 ], [ 436049.72719999961555, 4481247.626599999144673 ], [ 436047.96719999978086, 4481248.616699998266995 ], [ 436045.887199999764562, 4481249.786699999123812 ], [ 436040.847299999557436, 4481251.876799999736249 ], [ 436037.307300000393298, 4481253.356800000183284 ], [ 436023.11739999987185, 4481258.337000000290573 ], [ 436015.617499999701977, 4481263.317099998705089 ], [ 436010.677500000223517, 4481266.147099998779595 ], [ 436002.267599999904633, 4481270.957299998961389 ], [ 435999.447599999664817, 4481272.01729999948293 ], [ 435996.427600000111852, 4481273.147299999371171 ], [ 435992.03760000038892, 4481273.817399999126792 ], [ 435979.697700000368059, 4481272.557499999180436 ], [ 435976.367700000293553, 4481272.6875 ], [ 435971.507799999788404, 4481274.54759999923408 ], [ 435966.477800000458956, 4481276.727699999697506 ], [ 435964.807799999602139, 4481277.067699999548495 ], [ 435962.427799999713898, 4481277.537699998356402 ], [ 435961.507799999788404, 4481277.547700001858175 ], [ 435959.877799999900162, 4481277.577699999324977 ], [ 435956.347900000342634, 4481277.64780000038445 ], [ 435955.517900000326335, 4481277.677799999713898 ], [ 435954.367899999953806, 4481277.507799998857081 ], [ 435949.747899999842048, 4481276.867900000885129 ], [ 435941.637900000496302, 4481275.407900000922382 ], [ 435940.517900000326335, 4481275.207900000736117 ], [ 435935.728000000119209, 4481273.948000000789762 ], [ 435933.978000000119209, 4481272.858 ], [ 435931.888000000268221, 4481271.54799999948591 ], [ 435929.298000000417233, 4481268.028 ], [ 435928.957999999634922, 4481264.847999999299645 ], [ 435929.017900000326335, 4481256.257999999448657 ], [ 435929.027900000102818, 4481254.75800000037998 ], [ 435924.247899999900255, 4481250.31800000090152 ], [ 435917.718000000342727, 4481248.0581 ], [ 435916.737999999895692, 4481247.718100000172853 ], [ 435912.537999999709427, 4481247.958100002259016 ], [ 435910.037999999767635, 4481248.118200000375509 ], [ 435904.798000000417233, 4481250.178200001828372 ], [ 435902.098100000061095, 4481251.5883 ], [ 435901.008100000268314, 4481252.168299999088049 ], [ 435889.838200000056531, 4481264.768500000238419 ], [ 435878.22829999960959, 4481277.868599999696016 ], [ 435873.848299999721348, 4481279.328700000420213 ], [ 435865.79839999973774, 4481279.328799999319017 ], [ 435858.018400000466499, 4481278.048900001682341 ], [ 435856.458399999886751, 4481277.798900000751019 ], [ 435850.488500000035856, 4481278.20890000090003 ], [ 435847.758500000461936, 4481278.389000000432134 ], [ 435841.64850000012666, 4481278.528999998234212 ], [ 435833.998599999584258, 4481280.449100000783801 ], [ 435832.228600000031292, 4481282.319199998863041 ], [ 435831.908599999733269, 4481282.659199999645352 ], [ 435829.848600000143051, 4481283.439200001768768 ], [ 435826.698599999770522, 4481284.629200000315905 ], [ 435825.238599999807775, 4481284.929199998266995 ], [ 435821.268600000068545, 4481285.739300000481308 ], [ 435807.75870000012219, 4481284.1294 ], [ 435807.308699999935925, 4481284.069399999454618 ], [ 435801.228699999861419, 4481282.269500000402331 ], [ 435788.138799999840558, 4481278.389599999412894 ], [ 435798.078599999658763, 4481233.20930000115186 ], [ 435796.188500000163913, 4481213.809299998916686 ], [ 435793.818500000052154, 4481203.319199999794364 ], [ 435792.87849999970058, 4481199.139199999161065 ], [ 435785.4485, 4481183.959199999459088 ], [ 435776.788399999961257, 4481166.259299998171628 ], [ 435773.628399999812245, 4481157.069299999624491 ], [ 435771.10840000025928, 4481149.689299999736249 ], [ 435770.808400000445545, 4481147.949299999512732 ], [ 435767.558400000445545, 4481129.349199999123812 ], [ 435734.167000000365078, 4480717.057900000363588 ], [ 435731.467000000178814, 4480706.747800000943244 ], [ 435729.866899999789894, 4480700.617799999192357 ], [ 435725.166899999603629, 4480689.887800000607967 ], [ 435723.706899999640882, 4480686.547799999825656 ], [ 435721.186900000087917, 4480682.74790000077337 ], [ 435715.776899999938905, 4480674.607899999246001 ], [ 435713.066900000034366, 4480672.027899998240173 ], [ 435708.156899999827147, 4480667.387899999506772 ], [ 435699.146999999880791, 4480661.58799999859184 ], [ 435698.276999999769032, 4480661.028 ], [ 435688.106999999843538, 4480656.618100000545382 ], [ 435674.627100000157952, 4480654.568199998699129 ], [ 435663.177199999801815, 4480654.458399998955429 ], [ 435647.227300000376999, 4480656.918499999679625 ], [ 435645.957299999950919, 4480657.118600000627339 ], [ 435653.107200000435114, 4480652.758500000461936 ], [ 435696.016900000162423, 4480626.607899998314679 ], [ 435708.056699999608099, 4480617.2177 ], [ 435714.816700000315905, 4480608.227600002661347 ], [ 435721.556599999719765, 4480593.067500001750886 ], [ 435723.796500000171363, 4480573.017399999313056 ], [ 435720.856200000329409, 4480486.04700000025332 ], [ 435712.116200000047684, 4480485.027100000530481 ], [ 435709.266200000420213, 4480484.697100000455976 ], [ 435693.316300000122283, 4480485.957300000824034 ], [ 435684.756400000303984, 4480490.817399999126792 ], [ 435679.776399999856949, 4480492.847499999217689 ], [ 435677.566499999724329, 4480493.737499999813735 ], [ 435672.426500000117812, 4480493.6776 ], [ 435669.486499999649823, 4480493.637599999085069 ], [ 435659.666600000113249, 4480491.017699999734759 ], [ 435656.616600000299513, 4480489.827699999324977 ], [ 435652.166600000113249, 4480488.107799999415874 ], [ 435645.686599999724422, 4480484.837800000794232 ], [ 435640.976599999703467, 4480482.44789999909699 ], [ 435632.326700000092387, 4480477.198000000789762 ], [ 435623.666699999943376, 4480476.2281 ], [ 435620.206700000038836, 4480474.408100000582635 ], [ 435618.116700000071432, 4480473.318099998869002 ], [ 435617.566700000315905, 4480472.738099999725819 ], [ 435609.366799999959767, 4480464.368200001306832 ], [ 435604.096800000406802, 4480461.22819999884814 ], [ 435598.576799999922514, 4480457.938200000673532 ], [ 435589.176799999549985, 4480455.8383 ], [ 435586.416899999603629, 4480455.218399999663234 ], [ 435583.706899999640882, 4480455.04839999973774 ], [ 435578.72690000012517, 4480454.728400000371039 ], [ 435567.347000000125263, 4480457.258600000292063 ], [ 435557.587000000290573, 4480457.958700000308454 ], [ 435555.097000000067055, 4480458.138699998147786 ], [ 435554.18709999974817, 4480458.338700000196695 ], [ 435542.447100000455976, 4480460.75889999885112 ], [ 435534.767199999652803, 4480460.958999999798834 ], [ 435507.037299999967217, 4480459.399299999698997 ], [ 435485.21750000026077, 4480459.13950000051409 ], [ 435443.127700000070035, 4480458.629899999126792 ], [ 435408.327899999916553, 4480458.120300001464784 ], [ 435383.108099999837577, 4480457.760600000619888 ], [ 435371.058100000023842, 4480457.940700000151992 ], [ 435362.458200000226498, 4480459.830799999646842 ], [ 435355.978199999779463, 4480461.240900000557303 ], [ 435340.518299999646842, 4480465.921100000850856 ], [ 435318.628499999642372, 4480472.53139999974519 ], [ 435309.848600000143051, 4480473.271500000730157 ], [ 435303.448599999770522, 4480473.801499999128282 ], [ 435290.528699999675155, 4480473.581700000911951 ], [ 435286.228699999861419, 4480473.511700000613928 ], [ 435280.978699999919627, 4480475.261799999512732 ], [ 435270.958800000196788, 4480484.101900001056492 ], [ 435275.639200000092387, 4480581.062300000339746 ], [ 435268.599200000055134, 4480582.4024 ], [ 435079.630499999970198, 4480642.364700000733137 ], [ 435075.600599999597762, 4480643.6447 ], [ 435032.020899999886751, 4480657.485300001688302 ], [ 435030.350899999961257, 4480659.175300000235438 ], [ 435029.560899999924004, 4480659.535299998708069 ], [ 435028.480899999849498, 4480660.0153 ], [ 434995.341099999845028, 4480664.135700000450015 ], [ 434931.341500000155065, 4480672.486400000751019 ], [ 434891.261800000444055, 4480677.716900000348687 ], [ 434889.991799999959767, 4480677.896899999119341 ], [ 434871.411899999715388, 4480680.517099999822676 ], [ 434852.191999999806285, 4480683.227299999445677 ], [ 434836.692099999636412, 4480684.5175 ], [ 434821.452200000174344, 4480686.627699999138713 ], [ 434810.202300000062678, 4480688.18779999949038 ], [ 434785.312400000169873, 4480689.86809999961406 ], [ 434776.682500000111759, 4480691.4682 ], [ 434765.102500000095461, 4480693.608300000429153 ], [ 434701.932900000363588, 4480701.239 ], [ 434657.393199999874923, 4480707.10950000025332 ], [ 434639.863300000317395, 4480709.419700000435114 ], [ 434605.503499999642372, 4480710.930100000463426 ], [ 434598.453599999658763, 4480711.160199998877943 ], [ 434584.843700000084937, 4480711.600399999879301 ], [ 434558.203800000308547, 4480712.270600000396371 ], [ 434539.363900000229478, 4480712.730900000780821 ], [ 434530.614000000059605, 4480712.770900000818074 ], [ 434520.423999999649823, 4480712.81110000051558 ], [ 434497.144199999922421, 4480713.531300001777709 ], [ 434248.055700000375509, 4480720.684099999256432 ], [ 434159.066200000233948, 4480723.245000000111759 ], [ 434154.456199999898672, 4480723.315099998377264 ], [ 434147.706199999898672, 4480723.425200000405312 ], [ 434136.846300000324845, 4480723.565300001762807 ], [ 434107.926500000117812, 4480723.945600000210106 ], [ 434073.33669999986887, 4480724.80599999986589 ], [ 434061.916799999773502, 4480725.096100000664592 ], [ 434040.95689999969909, 4480725.5663 ], [ 434033.486899999901652, 4480725.696399999782443 ], [ 434017.986999999731779, 4480725.966600000858307 ], [ 433989.367200000211596, 4480726.566899999044836 ], [ 433980.487200000323355, 4480726.756999999284744 ], [ 433970.927299999631941, 4480726.917099999263883 ], [ 433957.137400000356138, 4480727.137200000695884 ], [ 433890.527800000272691, 4480728.918000000528991 ], [ 433860.077899999916553, 4480729.958299999125302 ], [ 433800.448300000280142, 4480731.928999999538064 ], [ 433717.28870000038296, 4480696.9397 ], [ 433654.878899999894202, 4480665.490299999713898 ], [ 433638.81900000013411, 4480657.440400000661612 ], [ 433607.919099999591708, 4480641.960699999704957 ], [ 433541.569500000216067, 4480620.94129999820143 ], [ 433416.410099999979138, 4480581.3026 ], [ 433368.720300000160933, 4480566.602999999187887 ], [ 433308.220599999651313, 4480545.183600000105798 ], [ 433266.35080000013113, 4480530.734000000171363 ], [ 433248.400899999774992, 4480523.974199999123812 ], [ 433247.300900000147521, 4480523.554199998266995 ], [ 433240.800999999977648, 4480521.294199999421835 ], [ 433230.841000000014901, 4480517.834299999289215 ], [ 433192.591199999733362, 4480503.654699999839067 ], [ 433181.031200000084937, 4480499.364800001494586 ], [ 433159.701299999898765, 4480491.224999999627471 ], [ 433132.501500000245869, 4480480.405200000852346 ], [ 433091.651700000278652, 4480463.435599999502301 ], [ 433040.061900000146125, 4480441.976099998690188 ], [ 432951.812300000339746, 4480398.8969 ], [ 432947.142300000414252, 4480395.97690000012517 ], [ 432946.382299999706447, 4480395.496899999678135 ], [ 432940.042399999685585, 4480390.717000000178814 ], [ 432904.222500000149012, 4480363.707300000824034 ], [ 432885.722599999979138, 4480350.277399999089539 ], [ 432870.16260000038892, 4480338.977499998174608 ], [ 432850.612700000405312, 4480327.58769999910146 ], [ 432846.812699999660254, 4480325.367699998430908 ], [ 432845.512699999846518, 4480324.537699999287724 ], [ 432838.962799999862909, 4480320.357799998484552 ], [ 432835.882799999846611, 4480318.817800000309944 ], [ 432832.2928, 4480317.017900000326335 ], [ 432827.362800000235438, 4480315.037900000810623 ], [ 432823.762799999676645, 4480313.587899999693036 ], [ 432818.972900000400841, 4480311.81800000090152 ], [ 432748.873200000263751, 4480282.928600000217557 ], [ 432744.103199999779463, 4480280.658700000494719 ], [ 432742.823200000508223, 4480280.128599999472499 ], [ 432660.743599999696016, 4480245.939500000327826 ], [ 432652.373700000345707, 4480242.839499999769032 ], [ 432640.91370000038296, 4480238.579600001685321 ], [ 432606.113900000229478, 4480228.020000000484288 ], [ 432593.774000000208616, 4480224.380100001581013 ], [ 432583.014000000432134, 4480221.220200000330806 ], [ 432569.76410000026226, 4480217.21030000038445 ], [ 432563.17410000046948, 4480215.0304000005126 ], [ 432561.684100000187755, 4480214.54039999935776 ], [ 432552.994199999608099, 4480212.490499999374151 ], [ 432552.30420000012964, 4480212.33049999922514 ], [ 432512.774299999757204, 4480203.010900001041591 ], [ 432499.034300000406802, 4480199.280999999493361 ], [ 432452.084300000278745, 4480188.401399999856949 ], [ 432381.514299999980722, 4480172.072000000625849 ], [ 432322.714399999938905, 4480168.232599999755621 ], [ 432276.014399999752641, 4480165.183000000193715 ], [ 432252.964399999938905, 4480163.623199999332428 ], [ 432246.674399999901652, 4480163.133300000801682 ], [ 432235.654500000178814, 4480162.4534 ], [ 432233.814500000327826, 4480162.213400001637638 ], [ 432231.974499999545515, 4480161.863399998284876 ], [ 432181.254499999806285, 4480149.81389999948442 ], [ 432169.944500000216067, 4480145.073999999091029 ], [ 432166.364500000141561, 4480143.573999999091029 ], [ 432093.684600000269711, 4480171.574799999594688 ], [ 432027.594800000078976, 4480197.035599999129772 ], [ 432004.704800000414252, 4480205.715799999423325 ], [ 431982.234899999573827, 4480214.196100000292063 ], [ 431959.454900000244379, 4480222.896299999207258 ], [ 431939.33490000013262, 4480230.696500000543892 ], [ 431922.184999999590218, 4480237.306700001470745 ], [ 431860.405100000090897, 4480261.117399998940527 ], [ 431754.365299999713898, 4480301.998599999584258 ], [ 431713.025399999693036, 4480317.879099999554455 ], [ 431669.7955, 4480334.49959999974817 ], [ 431315.236200000159442, 4480470.533599999733269 ], [ 431275.246299999766052, 4480485.844000000506639 ], [ 431172.586500000208616, 4480525.175200001336634 ], [ 431139.51659999974072, 4480537.385500001721084 ], [ 431134.976599999703467, 4480539.09559999871999 ], [ 431126.456600000208709, 4480542.305700001306832 ], [ 431121.606599999591708, 4480544.295700001530349 ], [ 431118.536600000225008, 4480545.545799999497831 ], [ 431112.616600000299513, 4480547.775800000876188 ], [ 431103.676599999889731, 4480551.125900000333786 ], [ 431090.236700000241399, 4480556.1261 ], [ 431075.846699999645352, 4480561.596199999563396 ], [ 431062.126699999906123, 4480566.816400000825524 ], [ 431039.066800000146031, 4480575.606699999421835 ], [ 431029.146800000220537, 4480579.476800000295043 ], [ 431020.726800000295043, 4480582.7769 ], [ 430986.866899999789894, 4480595.857200000435114 ], [ 430960.746899999678135, 4480605.947499999776483 ], [ 430951.137000000104308, 4480609.617699998430908 ], [ 430936.847000000067055, 4480615.067799999378622 ], [ 430860.65710000047693, 4480644.478700000792742 ], [ 430840.3372, 4480652.148900001309812 ], [ 430831.597199999785516, 4480655.448999998159707 ], [ 430817.287200000137091, 4480660.839199999347329 ], [ 430791.097299999557436, 4480671.219399999827147 ], [ 430761.187300000339746, 4480682.759800000116229 ], [ 430718.637400000356138, 4480699.1903 ], [ 430703.877500000409782, 4480704.51039999909699 ], [ 430694.287499999627471, 4480707.950499999336898 ], [ 430689.977500000037253, 4480709.630599999800324 ], [ 430674.267500000074506, 4480715.730799999088049 ], [ 430635.347599999979138, 4480730.901200001128018 ], [ 430600.737700000405312, 4480744.231599999591708 ], [ 430586.5477, 4480749.691799999214709 ], [ 430562.397699999623001, 4480758.941999999806285 ], [ 430555.507799999788404, 4480761.582100000232458 ], [ 430548.657800000160933, 4480764.212200000882149 ], [ 430516.537800000049174, 4480776.502499999478459 ], [ 430483.437900000310037, 4480788.962899999693036 ], [ 430473.747899999842048, 4480792.663000001572073 ], [ 430473.557900000421796, 4480792.733 ], [ 430443.997999999672174, 4480803.923399998806417 ], [ 430418.627999999560416, 4480813.753599999472499 ], [ 430386.508100000268314, 4480826.20399999897927 ], [ 430345.128200000093784, 4480842.084499999880791 ], [ 430328.698200000450015, 4480848.434599999338388 ], [ 430280.578300000226591, 4480867.055200000293553 ], [ 430264.168300000019372, 4480873.345399999059737 ], [ 430242.158400000073016, 4480881.7956000007689 ], [ 430211.118400000035763, 4480893.825999999418855 ], [ 430206.128399999812245, 4480895.765999999828637 ], [ 430195.68850000022212, 4480899.716099998913705 ], [ 430168.61849999986589, 4480909.966499999165535 ], [ 430106.078599999658763, 4480934.037200000137091 ], [ 430095.75870000012219, 4480937.997300000861287 ], [ 430053.838700000196695, 4480954.0877 ], [ 430012.268799999728799, 4480969.948200001381338 ], [ 429974.418899999931455, 4480984.458599999547005 ], [ 429942.489000000059605, 4480996.688999999314547 ], [ 429935.00899999961257, 4480999.559100000187755 ], [ 429925.918999999819789, 4481003.049200001172721 ], [ 429891.189100000075996, 4481016.369599999859929 ], [ 429857.019100000150502, 4481029.449999999254942 ], [ 429837.819199999794364, 4481036.710200000554323 ], [ 429831.069199999852572, 4481039.2303 ], [ 429799.14919999986887, 4481051.140599999576807 ], [ 429776.259300000034273, 4481059.980899999849498 ], [ 429775.419300000183284, 4481060.300899998284876 ], [ 429771.689299999736249, 4481061.780899998731911 ], [ 429756.579300000332296, 4481067.771099998615682 ], [ 429754.399299999698997, 4481068.591099998913705 ], [ 429743.229399999603629, 4481072.801199999637902 ], [ 429710.939399999624584, 4481085.051599998958409 ], [ 429708.739400000311434, 4481085.89159999974072 ], [ 429683.129499999806285, 4481095.551900000311434 ], [ 429665.409500000067055, 4481102.442099998705089 ], [ 429650.189500000327826, 4481108.402300000190735 ], [ 429625.979600000195205, 4481117.472600000910461 ], [ 429598.659599999897182, 4481128.2029 ], [ 429589.009700000286102, 4481131.972999999299645 ], [ 429572.859699999913573, 4481138.163199999369681 ], [ 429541.239799999631941, 4481150.273499999195337 ], [ 429501.209800000302494, 4481165.604000000283122 ], [ 429491.909900000318885, 4481169.164099998772144 ], [ 429458.559899999760091, 4481182.404399999417365 ], [ 429421.71999999973923, 4481195.864899999462068 ], [ 429417.610000000335276, 4481197.484899998642504 ], [ 429416.820000000298023, 4481197.774900001473725 ], [ 429414.120000000111759, 4481198.754899999126792 ], [ 429386.930100000463426, 4481208.335200000554323 ], [ 429362.650100000202656, 4481217.825500000268221 ], [ 429343.130099999718368, 4481225.455700000748038 ], [ 429298.950199999846518, 4481242.696199999190867 ], [ 429291.370199999772012, 4481245.626299999654293 ], [ 429252.960300000442658, 4481260.446799998171628 ], [ 429234.180399999953806, 4481267.637000000104308 ], [ 429208.700400000438094, 4481277.387299999594688 ], [ 429162.300499999895692, 4481295.097799999639392 ], [ 429085.526200000196695, 4481324.392700000666082 ], [ 429085.570600000210106, 4481324.668500000610948 ], [ 429094.020100000314415, 4481380.455400000326335 ], [ 429100.700000000186265, 4481431.770000000484288 ], [ 429102.200000000186265, 4481436.21999999973923 ], [ 429100.889999999664724, 4481440.679999998770654 ], [ 429097.701700000092387, 4481445.68779999949038 ], [ 429085.398400000296533, 4481465.896999998949468 ], [ 429085.3739, 4481466.7642 ], [ 429096.171000000089407, 4481480.86910000257194 ], [ 429102.819600000046194, 4481489.964799999259412 ], [ 429112.900299999862909, 4481503.339500000700355 ], [ 429113.461600000038743, 4481504.891699999570847 ], [ 429113.800499999895692, 4481513.23579999897629 ], [ 429114.84499999973923, 4481517.269799999892712 ], [ 429116.061300000175834, 4481522.229800000786781 ], [ 429121.710900000354741, 4481560.648299999535084 ], [ 429126.814899999648333, 4481569.290200000628829 ], [ 429142.107900000177324, 4481598.897200000472367 ], [ 429154.172899999655783, 4481607.152200000360608 ], [ 429173.071800000034273, 4481619.886900000274181 ], [ 429187.120099999941885, 4481629.357699999585748 ], [ 429203.457200000062585, 4481640.722699999809265 ], [ 429220.745400000363588, 4481652.740399999544024 ], [ 429221.471300000324845, 4481653.668499999679625 ], [ 429227.771300000138581, 4481669.268500001169741 ], [ 429248.95920000039041, 4481716.4539 ], [ 429265.52489999961108, 4481753.796900000423193 ], [ 429278.73369999974966, 4481782.421800000593066 ], [ 429280.232300000265241, 4481785.349899998866022 ], [ 429294.984699999913573, 4481817.505899999290705 ], [ 429297.471699999645352, 4481825.468499999493361 ], [ 429315.171799999661744, 4481881.468499999493361 ], [ 429320.668899999931455, 4481899.598600001074374 ], [ 429325.922199999913573, 4481917.034900001250207 ], [ 429330.188699999824166, 4481930.74449999909848 ], [ 429333.402900000102818, 4481941.263799999840558 ], [ 429335.545699999667704, 4481947.692199998535216 ], [ 429349.372000000439584, 4481977.368599998764694 ], [ 429365.21030000038445, 4482010.344399999827147 ], [ 429375.174899999983609, 4482031.578299999237061 ], [ 429373.244500000029802, 4482052.537399998866022 ], [ 429378.500900000333786, 4482115.041500001214445 ], [ 429382.611299999989569, 4482159.388900000602007 ], [ 429386.565899999812245, 4482206.692199999466538 ], [ 429388.794800000265241, 4482231.572599999606609 ], [ 429388.846599999815226, 4482238.259199999272823 ], [ 429370.573099999746773, 4482441.570199999026954 ], [ 429368.856800000183284, 4482460.511600001715124 ], [ 429362.43709999974817, 4482487.548800001852214 ], [ 429356.969399999827147, 4482508.56220000050962 ], [ 429352.144999999552965, 4482528.503499999642372 ], [ 429344.640300000086427, 4482558.200999998487532 ], [ 429340.16509999986738, 4482576.278400000184774 ], [ 429335.858300000487361, 4482591.352299998514354 ], [ 429330.343899999803398, 4482611.091699999757111 ], [ 429320.532300000078976, 4482645.432999999262393 ], [ 429306.90500000026077, 4482694.105999999679625 ], [ 429306.358, 4482700.1985999988392 ], [ 429301.116399999707937, 4482773.2820999994874 ], [ 429292.574300000444055, 4482882.572699998505414 ], [ 429289.05009999970207, 4482930.453400001861155 ], [ 429280.340099999681115, 4482946.6305 ], [ 429265.223500000312924, 4482970.751899999566376 ], [ 429244.245000000169966, 4482995.595700000412762 ], [ 429222.068500000052154, 4483021.675699999555945 ], [ 429183.022199999541044, 4483067.357899998314679 ], [ 429162.1097999997437, 4483100.454700000584126 ], [ 429123.58559999987483, 4483159.30390000063926 ], [ 429085.337899999693036, 4483218.748099998570979 ], [ 429057.241200000047684, 4483263.370799999684095 ], [ 429032.575500000268221, 4483303.176999998278916 ], [ 429015.175599999725819, 4483330.677200000733137 ], [ 428938.548299999907613, 4483435.537700000219047 ], [ 428885.417200000025332, 4483508.410199999809265 ], [ 428873.176500000059605, 4483524.879400000907481 ], [ 428888.331199999898672, 4483610.042299999855459 ], [ 428896.426500000059605, 4483656.06209999974817 ], [ 428941.278900000266731, 4483905.379899998195469 ], [ 428955.393600000126753, 4483931.767399999313056 ], [ 428974.110500000417233, 4483968.089400000870228 ], [ 428998.281299999973271, 4484013.885300000198185 ], [ 429007.923899999819696, 4484032.520899999886751 ], [ 429019.652499999909196, 4484062.822000000625849 ], [ 429027.593299999833107, 4484084.215399999171495 ], [ 429035.680100000463426, 4484110.4797 ], [ 429051.479100000113249, 4484166.887799999676645 ], [ 429074.380900000222027, 4484245.279799999669194 ], [ 428948.781299999915063, 4484289.881100001744926 ], [ 428908.781499999633525, 4484303.981599998660386 ], [ 428898.919900000095367, 4484307.567700000479817 ], [ 428811.244400000199676, 4484338.603399998508394 ], [ 428642.79980000021169, 4484397.821500000543892 ], [ 428399.383200000040233, 4484482.787099999375641 ], [ 428056.101999999955297, 4484603.5164 ], [ 428009.540199999697506, 4484581.11460000090301 ], [ 428007.784300000406802, 4484581.791200000792742 ], [ 427796.802600000053644, 4484668.180099999532104 ], [ 427770.827499999664724, 4484690.221699999645352 ], [ 427767.785000000149012, 4484706.693799999542534 ], [ 427738.485299999825656, 4484767.8943000016734 ], [ 427711.260099999606609, 4484812.540999998338521 ], [ 427690.400799999944866, 4484846.730899999849498 ], [ 427675.838200000114739, 4484875.424200000241399 ], [ 427658.679800000099931, 4484914.800299999304116 ], [ 427648.69579999987036, 4484936.713000000454485 ], [ 427707.488300000317395, 4485217.895999999716878 ], [ 427803.918200000131037, 4485320.858300000429153 ], [ 427834.511199999600649, 4485460.4836 ], [ 427846.590400000102818, 4485480.095599999651313 ], [ 427862.870799999684095, 4485504.874099999666214 ], [ 427863.982900000235531, 4485508.5324 ], [ 427885.551199999637902, 4485561.58669999986887 ], [ 427847.977699999697506, 4485631.918400000780821 ], [ 427714.481399999931455, 4485770.419499999843538 ], [ 427686.353799999691546, 4485840.203299999237061 ], [ 427666.001699999906123, 4485887.045299999415874 ], [ 427641.413399999961257, 4485943.066099998541176 ], [ 427637.572399999946356, 4485952.321299999020994 ], [ 427628.425800000317395, 4485974.336400000378489 ], [ 427627.932199999690056, 4485975.6321 ], [ 427627.623700000345707, 4485976.927699998952448 ], [ 427627.541400000452995, 4485978.4907 ], [ 427628.840200000442564, 4485999.811000001616776 ], [ 427629.794400000013411, 4486110.799599999561906 ], [ 427635.468000000342727, 4486129.4972 ], [ 427644.0152000002563, 4486160.987500000745058 ], [ 427653.947200000286102, 4486197.03700000140816 ], [ 427677.742499999701977, 4486278.930800000205636 ], [ 427681.518400000408292, 4486285.530799999833107 ], [ 427683.918499999679625, 4486299.123199999332428 ], [ 427688.822700000368059, 4486315.157700000330806 ], [ 427624.880699999630451, 4486403.299100000411272 ], [ 427608.7796, 4486424.85249999910593 ], [ 427599.251500000245869, 4486438.253400000743568 ], [ 427575.302400000393391, 4486450.935099999420345 ], [ 427485.242700000293553, 4486596.020300001837313 ], [ 427436.423700000159442, 4486635.201600001193583 ], [ 427415.198099999688566, 4486652.103399998508394 ], [ 427391.679399999789894, 4486671.091800001449883 ], [ 427373.656299999915063, 4486684.962000000290573 ], [ 427350.998399999924004, 4486702.804099999368191 ], [ 427349.300900000147521, 4486717.35429999884218 ], [ 427347.303199999965727, 4486734.236000000499189 ], [ 427344.510599999688566, 4486751.9901 ], [ 427341.924599999561906, 4486760.245699999853969 ], [ 427336.229700000025332, 4486776.231700000353158 ], [ 427330.034500000067055, 4486792.519399999640882 ], [ 427322.236200000159442, 4486811.215900000184774 ], [ 427316.732599999755621, 4486825.025399999693036 ], [ 427309.112200000323355, 4486845.580800000578165 ], [ 427308.267099999822676, 4486851.409400000236928 ], [ 427306.2034, 4486865.64229999948293 ], [ 427304.2027000002563, 4486884.150299999862909 ], [ 427302.602099999785423, 4486898.35710000153631 ], [ 427300.584099999628961, 4486914.24550000205636 ], [ 427314.932599999941885, 4486941.08420000039041 ], [ 427320.119199999608099, 4486952.050900000147521 ], [ 427309.700899999588728, 4486959.704600000753999 ], [ 427291.090099999681115, 4486974.413499999791384 ], [ 427280.943500000052154, 4486982.4506 ], [ 427272.210500000102911, 4486993.592800000682473 ], [ 427257.012400000356138, 4487012.090900000184774 ], [ 427242.365799999795854, 4487030.361300000920892 ], [ 427234.110299999825656, 4487040.659299999475479 ], [ 427228.309500000439584, 4487047.895199999213219 ], [ 427208.632799999846611, 4487072.846400000154972 ], [ 427201.568099999800324, 4487081.748100000433624 ], [ 427195.374800000397954, 4487095.25929999910295 ], [ 427182.647900000214577, 4487122.396600000560284 ], [ 427166.101700000464916, 4487158.107300000265241 ], [ 427128.661100000143051, 4487232.1722 ], [ 427112.340900000184774, 4487263.385099999606609 ], [ 427086.25250000046799, 4487280.920599999837577 ], [ 427071.70409999974072, 4487291.006899998523295 ], [ 427049.462299999780953, 4487310.748200000263751 ], [ 427044.115399999544024, 4487318.692900000140071 ], [ 427027.699699999764562, 4487339.613399999216199 ], [ 427020.784799999557436, 4487348.580100000835955 ], [ 427014.599499999545515, 4487355.873400000855327 ], [ 426999.504499999806285, 4487375.707900000736117 ], [ 426982.844399999827147, 4487397.179599999450147 ], [ 426968.348100000061095, 4487410.342199999839067 ], [ 426956.254399999976158, 4487420.497400001622736 ], [ 426933.880599999800324, 4487440.028999998234212 ], [ 426911.104000000283122, 4487460.310699999332428 ], [ 426909.910799999779556, 4487465.925400000996888 ], [ 426905.116200000105891, 4487487.302400000393391 ], [ 426900.778099999763072, 4487506.982999999076128 ], [ 426885.316100000403821, 4487576.106100000441074 ], [ 426874.116200000047684, 4487630.174699999392033 ], [ 426868.516800000332296, 4487657.206700001843274 ], [ 426858.417500000388827, 4487702.505000000819564 ], [ 426843.210400000214577, 4487773.141300001181662 ], [ 426841.571399999782443, 4487780.902499999850988 ], [ 426840.9364, 4487790.427499999292195 ], [ 426841.006199999712408, 4487803.301599998958409 ], [ 426842.207299999950919, 4487844.427500000223517 ], [ 426844.207399999722838, 4487911.11600000038743 ], [ 426843.408200000412762, 4487956.491399999707937 ], [ 426842.669700000435114, 4487968.702599999494851 ], [ 426833.644999999552965, 4487980.483399999327958 ], [ 426827.666899999603629, 4487988.5411 ], [ 426824.13399999961257, 4487993.074699999764562 ], [ 426818.664599999785423, 4488000.25870000012219 ], [ 426814.449199999682605, 4488006.11739999987185 ], [ 426809.921500000171363, 4488012.150800000876188 ], [ 426806.884700000286102, 4488024.267100000753999 ], [ 426805.367700000293553, 4488030.385699999518692 ], [ 426802.991200000047684, 4488040.296900000423193 ], [ 426800.513500000350177, 4488051.1689 ], [ 426797.732400000095367, 4488062.951099999248981 ], [ 426794.122600000351667, 4488078.697100000455976 ], [ 426790.196899999922607, 4488093.805199998430908 ], [ 426786.387299999594688, 4488109.426200000569224 ], [ 426782.035600000061095, 4488127.008300000801682 ], [ 426779.15500000026077, 4488138.6469 ], [ 426774.08810000034282, 4488159.118599999696016 ], [ 426769.289800000376999, 4488178.505200000479817 ], [ 426763.625500000081956, 4488201.390799998305738 ], [ 426760.817099999636412, 4488212.026699999347329 ], [ 426754.097099999897182, 4488237.477199998684227 ], [ 426749.072399999946356, 4488257.870699998922646 ], [ 426738.410600000061095, 4488276.415200000628829 ], [ 426708.218199999944773, 4488319.5304000005126 ], [ 426705.120900000445545, 4488350.2458999985829 ], [ 426704.223199999891222, 4488362.604499999433756 ], [ 426703.913599999621511, 4488366.866100000217557 ], [ 426701.7818, 4488383.6107 ], [ 426699.115500000305474, 4488404.55390000063926 ], [ 426697.283200000412762, 4488419.435200000181794 ], [ 426695.268099999986589, 4488432.445000001229346 ], [ 426690.379900000116322, 4488440.679700000211596 ], [ 426684.644100000150502, 4488450.603100000880659 ], [ 426675.671299999579787, 4488466.126700000837445 ], [ 426657.980100000335369, 4488497.2654 ], [ 426648.440700000151992, 4488513.324900000356138 ], [ 426636.38219999987632, 4488533.662799998186529 ], [ 426631.167200000025332, 4488542.534800001420081 ], [ 426611.281000000424683, 4488576.365900000557303 ], [ 426600.902200000360608, 4488594.371600000187755 ], [ 426594.548600000329316, 4488605.393999999389052 ], [ 426593.18240000033984, 4488607.7642 ], [ 426586.080699999816716, 4488619.600600000470877 ], [ 426583.110999999567866, 4488624.550399999134243 ], [ 426579.533699999563396, 4488630.512599998153746 ], [ 426578.813600000052247, 4488631.717900001443923 ], [ 426565.783999999985099, 4488653.762399999424815 ], [ 426557.591300000494812, 4488666.851099998690188 ], [ 426554.610500000417233, 4488671.521099999547005 ], [ 426542.633899999782443, 4488685.69370000064373 ], [ 426528.733199999667704, 4488701.7949 ], [ 426516.233099999837577, 4488716.7533 ], [ 426506.573900000250433, 4488727.903899999335408 ], [ 426491.542399999685585, 4488744.485300001688302 ], [ 426471.13910000026226, 4488767.4896 ], [ 426453.941300000064075, 4488787.287499999627471 ], [ 426440.940299999900162, 4488801.588899999856949 ], [ 426421.127899999730289, 4488824.703900001011789 ], [ 426404.566499999724329, 4488847.310900000855327 ], [ 426393.080500000156462, 4488863.07010000012815 ], [ 426380.053600000159349, 4488880.943299998529255 ], [ 426388.746600000245962, 4488904.292500000447035 ], [ 426401.026800000108778, 4488939.695199999026954 ], [ 426412.421900000423193, 4488968.5778 ], [ 426405.999900000169873, 4488983.9572 ], [ 426395.157800000160933, 4489009.523199999704957 ], [ 426375.378200000151992, 4489054.736099999397993 ], [ 426357.455699999816716, 4489100.030600001104176 ], [ 426342.657300000078976, 4489134.32799999974668 ], [ 426332.855600000359118, 4489158.232799999415874 ], [ 426323.060999999754131, 4489182.220200000330806 ], [ 426313.166799999773502, 4489203.00859999936074 ], [ 426302.765300000086427, 4489225.112400000914931 ], [ 426297.912200000137091, 4489235.745200000703335 ], [ 426292.06290000025183, 4489248.6184 ], [ 426285.537899999879301, 4489263.381300000473857 ], [ 426280.837100000178907, 4489274.278799998573959 ], [ 426272.380099999718368, 4489293.88429999910295 ], [ 426265.836199999786913, 4489301.3794 ], [ 426252.552899999544024, 4489315.883899999782443 ], [ 426239.419999999925494, 4489330.323600000701845 ], [ 426238.357800000347197, 4489331.406600000336766 ], [ 426223.955400000384543, 4489346.481899998150766 ], [ 426201.951899999752641, 4489369.886199999600649 ], [ 426180.047100000025239, 4489394.392200000584126 ], [ 426155.385499999916647, 4489422.262399998493493 ], [ 426149.557400000281632, 4489437.737500000745058 ], [ 426134.261199999658857, 4489473.129799999296665 ], [ 426116.760800000280142, 4489515.132200000807643 ], [ 426102.437199999578297, 4489549.088999999687076 ], [ 426098.328499999828637, 4489576.148600000888109 ], [ 426090.929200000187848, 4489622.046499998308718 ], [ 426085.228500000201166, 4489657.353500000201166 ], [ 426080.520100000314415, 4489691.756799998693168 ], [ 426085.031499999633525, 4489715.115200000815094 ], [ 426090.42949999962002, 4489747.301899999380112 ], [ 426090.829400000162423, 4489750.201599999330938 ], [ 426091.013500000350177, 4489751.30599999986589 ], [ 426090.743399999977555, 4489752.386499998159707 ], [ 426087.746000000275671, 4489761.379000000655651 ], [ 426082.684399999678135, 4489779.208499998785555 ], [ 426081.043999999761581, 4489784.986799999140203 ], [ 426077.946600000374019, 4489795.378200000151992 ], [ 426073.555100000463426, 4489808.952299999073148 ], [ 426073.224299999885261, 4489811.026599999517202 ], [ 426073.109299999661744, 4489812.75630000140518 ], [ 426072.505099999718368, 4489818.082299999892712 ], [ 426072.103400000371039, 4489821.623899999074638 ], [ 426070.827499999664724, 4489832.871600000187755 ], [ 426070.433100000023842, 4489836.519899999722838 ], [ 426064.251199999824166, 4489855.165700000710785 ], [ 426059.911500000394881, 4489867.599599999375641 ], [ 426053.059399999678135, 4489887.232000001706183 ], [ 426049.150000000430737, 4489898.56220000050962 ], [ 426042.046500000171363, 4489919.281400000676513 ], [ 426037.240000000223517, 4489937.306000000797212 ], [ 426033.537999999709427, 4489953.215600000694394 ], [ 426029.878200000151992, 4489969.461899998597801 ], [ 426026.931099999696016, 4489982.1108 ], [ 426021.225700000359211, 4490005.32740000076592 ], [ 426019.65639999974519, 4490011.794800000265241 ], [ 426008.259200000262354, 4490024.6464 ], [ 426005.663599999621511, 4490029.88399999961257 ], [ 426002.838299999944866, 4490031.892000001855195 ], [ 425981.615799999795854, 4490041.274000001139939 ], [ 425969.098100000061095, 4490047.293600000441074 ], [ 425911.286500000394881, 4490073.857899998314679 ], [ 425904.253800000064075, 4490094.566199999302626 ], [ 425896.352300000376999, 4490117.571100000292063 ], [ 425886.221900000295136, 4490149.543499999679625 ], [ 425876.695000000298023, 4490151.846699999645352 ], [ 425823.594100000394974, 4490167.247600000351667 ], [ 425798.899199999927077, 4490173.746500000357628 ], [ 425781.486299999989569, 4490178.409200000576675 ], [ 425741.542000000365078, 4490190.489900001324713 ], [ 425728.927600000053644, 4490195.6722999997437 ], [ 425706.327899999916553, 4490205.930700000375509 ], [ 425686.780600000172853, 4490214.650100000202656 ], [ 425621.007799999788404, 4490230.746399999596179 ], [ 425589.568099999800324, 4490238.64049999974668 ], [ 425552.816300000064075, 4490239.332399999722838 ], [ 425523.012099999934435, 4490240.232899999246001 ], [ 425484.009800000116229, 4490241.633300000801682 ], [ 425449.009100000374019, 4490243.033699999563396 ], [ 425387.328999999852385, 4490245.933899999596179 ], [ 425322.567499999888241, 4490248.237800000235438 ], [ 425309.446399999782443, 4490255.660500000230968 ], [ 425298.701999999640975, 4490261.2895 ], [ 425285.056400000117719, 4490268.395700000226498 ], [ 425272.196100000292063, 4490275.0929000005126 ], [ 425250.696399999782443, 4490286.593099999241531 ], [ 425226.899799999780953, 4490298.967599999159575 ], [ 425197.698300000338349, 4490314.092800000682473 ], [ 425179.004200000315905, 4490323.954199999570847 ], [ 425157.69649999961257, 4490335.194299999624491 ], [ 425144.246600000187755, 4490342.320900000631809 ], [ 425135.608799999579787, 4490349.753599999472499 ], [ 425128.217199999897275, 4490355.812000001780689 ], [ 425116.605700000189245, 4490365.401000000536442 ], [ 425108.302500000223517, 4490372.162699999287724 ], [ 425093.425800000317395, 4490384.4070999994874 ], [ 425079.120600000023842, 4490405.198799999430776 ], [ 425081.332399999722838, 4490438.573999999091029 ], [ 425084.638600000180304, 4490484.668499999679625 ], [ 425089.331399999617133, 4490493.037200001068413 ], [ 425106.125, 4490522.696399999782443 ], [ 425115.087100000120699, 4490537.824199999682605 ], [ 425126.199199999682605, 4490557.487699999473989 ], [ 425136.127199999988079, 4490574.496799999848008 ], [ 425140.998599999584258, 4490582.886299998499453 ], [ 425149.905199999921024, 4490598.491000001318753 ], [ 425153.098299999721348, 4490604.085399999283254 ], [ 425155.644799999892712, 4490608.507099998183548 ], [ 425163.990799999854062, 4490622.99930000025779 ], [ 425173.348500000312924, 4490639.397600000724196 ], [ 425175.135400000028312, 4490653.692500000819564 ], [ 425177.365699999965727, 4490675.931800000369549 ], [ 425178.353500000201166, 4490686.933199999853969 ], [ 425179.591400000266731, 4490699.076999998651445 ], [ 425181.116600000299513, 4490715.979800000786781 ], [ 425173.239099999889731, 4490725.728399999439716 ], [ 425160.038800000213087, 4490743.129099999554455 ], [ 425150.248499999754131, 4490755.317299999296665 ], [ 425146.916299999691546, 4490759.194900001399219 ], [ 425139.25899999961257, 4490768.1053 ], [ 425128.5636, 4490779.800499998964369 ], [ 425110.066599999554455, 4490800.197699998505414 ], [ 425092.870299999543931, 4490818.394099999219179 ], [ 425077.271999999938998, 4490834.89259999897331 ], [ 425061.771599999628961, 4490850.9934 ], [ 425047.966400000208523, 4490865.699200000613928 ], [ 425020.870099999941885, 4490893.605100001208484 ], [ 425009.28139999974519, 4490904.484200001694262 ], [ 425004.085300000442658, 4490909.980199999175966 ], [ 424998.692200000397861, 4490914.8202 ], [ 424992.411199999973178, 4490920.457100000232458 ], [ 424990.205299999564886, 4490922.221899999305606 ], [ 424985.927899999602232, 4490925.643899999558926 ], [ 424961.704400000162423, 4490946.363300000317395 ], [ 424951.617300000041723, 4490954.552999998442829 ], [ 424936.613199999555945, 4490967.056700001470745 ], [ 424931.257100000046194, 4490971.604400000534952 ], [ 424921.711600000038743, 4490986.0735999988392 ], [ 424907.773400000296533, 4491009.438200000673532 ], [ 424898.114000000059605, 4491042.489499998278916 ], [ 424890.535899999551475, 4491065.739900000393391 ], [ 424884.262099999934435, 4491086.080500000156462 ], [ 424869.762000000104308, 4491129.88219999987632 ], [ 424867.3443, 4491137.094300000928342 ], [ 424857.962700000032783, 4491165.081000000238419 ], [ 424849.653900000266731, 4491189.707599998451769 ], [ 424841.194500000216067, 4491213.401100000366569 ], [ 424839.638500000350177, 4491236.703299999237061 ], [ 424838.05350000038743, 4491253.841 ], [ 424830.880099999718368, 4491293.806800000369549 ], [ 424824.216400000266731, 4491307.628399999812245 ], [ 424813.277300000190735, 4491329.944599999114871 ], [ 424805.347299999557436, 4491351.64949999935925 ], [ 424793.696600000374019, 4491383.538200000301003 ], [ 424778.6667, 4491424.676000000908971 ], [ 424770.497299999929965, 4491448.990499999374151 ], [ 424762.700699999928474, 4491472.195199999026954 ], [ 424753.542000000365078, 4491499.771899999119341 ], [ 424760.577200000174344, 4491525.0504 ], [ 424780.865799999854062, 4491596.502899999730289 ], [ 424790.052600000053644, 4491619.574400000274181 ], [ 424798.576999999582767, 4491641.895899999886751 ], [ 424801.975999999791384, 4491650.84190000128001 ], [ 424818.002799999900162, 4491665.568700001575053 ], [ 424831.876400000415742, 4491678.301200000569224 ], [ 424847.976099999621511, 4491693.07670000102371 ], [ 424862.601599999703467, 4491706.499299999326468 ], [ 424880.0777000002563, 4491722.343000000342727 ], [ 424902.969499999657273, 4491743.079299999400973 ], [ 424915.572900000028312, 4491754.495899999514222 ], [ 424935.742999999783933, 4491772.7668999992311 ], [ 424952.524000000266824, 4491788.22719999961555 ], [ 424970.402700000442564, 4491804.87629999872297 ], [ 424992.4227, 4491825.381899998523295 ], [ 425004.433000000193715, 4491836.876900000497699 ], [ 425019.93400000029942, 4491851.359899998642504 ], [ 425029.118599999696016, 4491859.928699999116361 ], [ 425034.528, 4491873.3169 ], [ 425037.262000000162516, 4491879.761900000274181 ], [ 425044.341099999845028, 4491896.139499998651445 ], [ 425051.519999999552965, 4491914.205899999476969 ], [ 425066.134499999694526, 4491951.343800000846386 ], [ 425070.841500000096858, 4491963.439299999736249 ], [ 425077.7917, 4491986.244999999180436 ], [ 425090.599000000394881, 4492029.078899998217821 ], [ 425105.205000000074506, 4492077.671900000423193 ], [ 425116.940000000409782, 4492116.139899999834597 ], [ 425127.689000000304077, 4492152.380899999290705 ], [ 425134.542799999937415, 4492173.7389000011608 ], [ 425144.157999999821186, 4492206.966900000348687 ], [ 425150.928000000305474, 4492229.439900000579655 ], [ 425153.504999999888241, 4492238.112900000996888 ], [ 425159.28000000026077, 4492257.330900000408292 ], [ 425171.679999999701977, 4492298.63289999961853 ], [ 425187.916000000201166, 4492352.451899999752641 ], [ 425196.134999999776483, 4492379.672900000587106 ], [ 425205.570700000040233, 4492409.624399998225272 ], [ 425205.059399999678135, 4492442.489900000393391 ], [ 425204.791600000113249, 4492456.896199998445809 ], [ 425204.380499999970198, 4492479.005599999800324 ], [ 425203.916299999691546, 4492503.967700000852346 ], [ 425203.585500000044703, 4492521.759099999442697 ], [ 425203.295699999667704, 4492537.346400000154972 ], [ 425203.145200000144541, 4492545.438699999824166 ], [ 425187.045400000177324, 4492575.638900000602007 ], [ 425173.593000000284519, 4492622.242199999280274 ], [ 425172.390999999828637, 4492632.491900001652539 ], [ 425171.359000000171363, 4492642.041899999603629 ], [ 425170.285000000149012, 4492650.926899999380112 ], [ 425170.122800000011921, 4492652.6436 ], [ 425177.269000000262167, 4492667.34389999974519 ], [ 425178.75800000037998, 4492670.500900000333786 ], [ 425186.622000000497792, 4492687.63289999961853 ], [ 425193.11699999962002, 4492701.923900000751019 ], [ 425201.224000000394881, 4492719.931900000199676 ], [ 425211.941999999806285, 4492742.692900000140071 ], [ 425221.810999999754131, 4492763.392899999395013 ], [ 425231.347000000067055, 4492783.678899998776615 ], [ 425234.625000000058208, 4492790.753899999894202 ], [ 425230.211000000184868, 4492804.869899999350309 ], [ 425225.800999999977648, 4492818.500900001265109 ], [ 425219.92200000025332, 4492835.376899999566376 ], [ 425210.139000000432134, 4492866.042899999767542 ], [ 425203.617999999783933, 4492885.342899999581277 ], [ 425204.230000000505242, 4492894.6179 ], [ 425205.667000000365078, 4492915.052899998612702 ], [ 425207.764000000432134, 4492945.087899998761714 ], [ 425209.507000000216067, 4492976.17890000063926 ], [ 425210.787999999709427, 4492998.456900000572205 ], [ 425212.206000000238419, 4493023.14289999846369 ], [ 425213.458999999857042, 4493044.525900000706315 ], [ 425215.313000000081956, 4493076.503900000825524 ], [ 425215.792000000365078, 4493085.903899998404086 ], [ 425216.239000000117812, 4493095.832900000736117 ], [ 425233.359000000171363, 4493094.839899999089539 ], [ 425259.963999999687076, 4493112.460899999365211 ], [ 425290.777800000330899, 4493132.558700000867248 ], [ 425321.599299999885261, 4493152.471100000664592 ], [ 425352.024100000038743, 4493172.156999998725951 ], [ 425371.84499999973923, 4493184.899299999698997 ], [ 425393.918600000441074, 4493199.072699999436736 ], [ 425409.108900000341237, 4493209.022299998439848 ], [ 425426.891400000080466, 4493220.6733 ], [ 425449.514899999892805, 4493235.343999999575317 ], [ 425475.416199999861419, 4493251.857999999076128 ], [ 425501.039800000376999, 4493268.538399999029934 ], [ 425523.366399999707937, 4493285.42119999974966 ], [ 425529.333800000138581, 4493289.896799999289215 ], [ 425545.478600000031292, 4493302.2796 ], [ 425556.507399999594782, 4493310.474099998362362 ], [ 425576.644100000150502, 4493325.731799998320639 ], [ 425593.147199999541044, 4493338.333900001831353 ], [ 425599.666600000113249, 4493343.132200000807643 ], [ 425610.855399999709334, 4493351.415899999439716 ], [ 425621.259100000374019, 4493359.306900001130998 ], [ 425648.799399999901652, 4493380.074999999254942 ], [ 425673.983799999579787, 4493399.260600001551211 ], [ 425689.559299999848008, 4493407.210799999535084 ], [ 425708.453700000420213, 4493416.900099999271333 ], [ 425732.715900000184774, 4493429.4238 ], [ 425767.362099999561906, 4493446.894100000150502 ], [ 425798.792899999767542, 4493461.635800000280142 ], [ 425812.763000000268221, 4493477.56379999872297 ], [ 425834.617600000463426, 4493502.170099999755621 ], [ 425861.82660000026226, 4493532.490599999204278 ], [ 425857.558000000193715, 4493560.647099999710917 ], [ 425855.25069999974221, 4493575.23340000025928 ], [ 425856.274500000290573, 4493594.483300001360476 ], [ 425857.233599999919534, 4493611.482799999415874 ], [ 425880.384700000286102, 4493632.980200000107288 ], [ 425897.21889999974519, 4493642.339899999089539 ], [ 425907.736100000329316, 4493647.962300001643598 ], [ 425932.673100000305567, 4493661.158399999141693 ], [ 425957.114099999889731, 4493673.660000000149012 ], [ 425970.409400000236928, 4493680.80379999987781 ], [ 425991.509999999776483, 4493695.984299999661744 ], [ 426005.069899999536574, 4493706.501499998383224 ], [ 426018.001400000415742, 4493716.1919 ], [ 426036.224600000306964, 4493729.2226 ], [ 426050.982800000347197, 4493739.590500000864267 ], [ 426077.848699999973178, 4493742.106200000271201 ], [ 426100.261800000444055, 4493743.787200001068413 ], [ 426128.729600000136998, 4493745.831099999137223 ], [ 426140.64879999961704, 4493747.747099999338388 ], [ 426152.457399999722838, 4493749.478700000792742 ], [ 426173.679800000099931, 4493753.163199999369681 ], [ 426225.64159999974072, 4493761.805600000545382 ], [ 426237.547799999825656, 4493764.742500000633299 ], [ 426256.280399999581277, 4493770.060599998570979 ], [ 426281.164499999955297, 4493776.886900000274181 ], [ 426300.293899999931455, 4493782.681299998424947 ], [ 426317.002399999648333, 4493787.205700000748038 ], [ 426376.017799999564886, 4493803.715699999593198 ], [ 426403.839999999850988, 4493811.753400000743568 ], [ 426423.558799999766052, 4493817.369799999520183 ], [ 426447.070299999788404, 4493823.69639999885112 ], [ 426473.047500000335276, 4493829.707399999722838 ], [ 426495.86600000038743, 4493834.495200000703335 ], [ 426520.093799999915063, 4493837.02379999961704 ], [ 426544.89879999961704, 4493839.724099999293685 ], [ 426565.951299999840558, 4493842.245300000533462 ], [ 426584.472199999727309, 4493844.593399999663234 ], [ 426604.052199999801815, 4493846.404500000178814 ], [ 426610.450699999986682, 4493843.326099999248981 ], [ 426645.128999999724329, 4493823.889799999073148 ], [ 426674.479700000025332, 4493816.508400000631809 ], [ 426698.629300000146031, 4493810.058299998752773 ], [ 426722.948900000192225, 4493803.562699999660254 ], [ 426731.650799999944866, 4493791.723799998871982 ], [ 426736.949300000444055, 4493784.725699999369681 ], [ 426747.749800000281539, 4493770.324699999764562 ], [ 426758.551699999719858, 4493755.921900001354516 ], [ 426764.779699999839067, 4493747.383300000801682 ], [ 426772.299899999983609, 4493731.941600000485778 ], [ 426788.400200000032783, 4493698.240199998952448 ], [ 426801.699900000356138, 4493670.540100000798702 ], [ 426811.556800000369549, 4493649.9298 ], [ 426839.081000000296626, 4493625.297099999152124 ], [ 426866.080400000326335, 4493601.397099999710917 ], [ 426892.780199999921024, 4493577.596799999475479 ], [ 426920.580500000156462, 4493552.995999999344349 ], [ 426926.308699999935925, 4493547.860300000756979 ], [ 426956.11809999961406, 4493537.192399999126792 ], [ 426990.718999999575317, 4493524.491599998436868 ], [ 427024.31969999987632, 4493512.290999999269843 ], [ 427063.120900000445545, 4493497.890000000596046 ], [ 427114.279400000348687, 4493478.9677 ], [ 427133.431099999696016, 4493465.731700000353158 ], [ 427157.728699999861419, 4493448.932999999262393 ], [ 427178.029500000178814, 4493435.232199999503791 ], [ 427215.133899999840651, 4493409.328500000759959 ], [ 427230.161600000225008, 4493398.679500000551343 ], [ 427244.775700000114739, 4493394.80210000090301 ], [ 427284.232699999585748, 4493383.958000000566244 ], [ 427323.875199999660254, 4493373.601299999281764 ], [ 427350.563900000415742, 4493366.336699998937547 ], [ 427370.93680000025779, 4493367.077500001527369 ], [ 427390.053000000305474, 4493368.109400000423193 ], [ 427416.802500000223517, 4493371.5225 ], [ 427466.160600000061095, 4493377.951899998821318 ], [ 427546.064899999648333, 4493388.085499999113381 ], [ 427562.845200000330806, 4493390.215999999083579 ], [ 427612.459800000360701, 4493398.238600000739098 ], [ 427649.543899999931455, 4493373.848500001244247 ], [ 427660.256599999964237, 4493376.185699999332428 ], [ 427665.25069999974221, 4493379.221300001256168 ], [ 427684.513600000180304, 4493395.689300000667572 ], [ 427711.826899999752641, 4493420.701199999079108 ], [ 427717.906299999915063, 4493425.185900000855327 ], [ 427725.18030000012368, 4493433.356599999591708 ], [ 427757.361899999901652, 4493465.938799999654293 ], [ 427778.65639999974519, 4493474.576899998821318 ], [ 427820.050400000065565, 4493491.573999999091029 ], [ 427823.90639999974519, 4493493.254799999296665 ], [ 427837.877999999618623, 4493502.435999999754131 ], [ 427851.679800000041723, 4493510.836899999529123 ], [ 427868.573200000450015, 4493521.732499998994172 ], [ 427890.471099999733269, 4493536.030899998731911 ], [ 427930.169599999673665, 4493562.229399999603629 ], [ 427953.378700000292156, 4493577.635300000198185 ], [ 427971.709599999710917, 4493588.616900001652539 ], [ 427991.670199999585748, 4493602.129299999214709 ], [ 428027.845800000242889, 4493624.811699999496341 ], [ 428033.634999999776483, 4493628.847799999639392 ], [ 428052.504499999806285, 4493640.9507 ], [ 428126.242300000041723, 4493675.167600001208484 ], [ 428178.248499999754131, 4493697.412499998696148 ], [ 428221.144799999892712, 4493696.525699998252094 ], [ 428233.912299999967217, 4493698.714299998246133 ], [ 428275.648000000044703, 4493706.400000000372529 ], [ 428292.347500000149012, 4493709.990800001658499 ], [ 428350.42989999987185, 4493721.386199998669326 ], [ 428387.497999999672174, 4493728.7489 ], [ 428441.040900000371039, 4493739.477 ], [ 428476.046000000089407, 4493764.784900001250207 ], [ 428527.993300000205636, 4493802.341700000688434 ], [ 428559.487800000235438, 4493816.711799999698997 ], [ 428611.686300000175834, 4493840.710599998943508 ], [ 428632.485999999567866, 4493850.383500001393259 ], [ 428660.090599999821279, 4493856.345100001432002 ], [ 428687.635200000368059, 4493862.293699999339879 ], [ 428714.696100000233855, 4493867.98589999973774 ], [ 428778.060800000093877, 4493881.719200000166893 ], [ 428802.287899999879301, 4493875.184699999168515 ], [ 428874.333999999798834, 4493851.969100000336766 ], [ 428945.067200000397861, 4493817.051899998448789 ], [ 429049.367499999701977, 4493765.250499998219311 ], [ 429114.744400000199676, 4493732.642199999652803 ], [ 429189.887600000016391, 4493752.755699998699129 ], [ 429200.4079, 4493755.535900000482798 ], [ 429246.819199999736156, 4493780.590099998749793 ], [ 429276.128200000093784, 4493796.37739999871701 ], [ 429305.718100000172853, 4493813.146999998949468 ], [ 429309.716799999587238, 4493814.9501 ], [ 429366.289300000295043, 4493864.369100000709295 ], [ 429396.001699999906123, 4493889.728399999439716 ], [ 429443.876299999712501, 4493930.979500000365078 ], [ 429481.497399999760091, 4493964.434100001119077 ], [ 429486.287800000107381, 4493967.563699999824166 ], [ 429491.506699999852572, 4493970.045899999327958 ], [ 429494.757399999536574, 4493971.320600000210106 ], [ 429535.965800000354648, 4493984.067699999548495 ], [ 429551.864000000059605, 4493989.051599998958409 ], [ 429577.034599999897182, 4493996.621400000527501 ], [ 429603.938099999912083, 4494004.888399999588728 ], [ 429642.781800000055227, 4494010.074399999342859 ], [ 429691.482699999585748, 4494016.382400001399219 ], [ 429753.524299999698997, 4494023.98589999973774 ], [ 429762.343500000482891, 4494027.333000002428889 ], [ 429805.751799999736249, 4494041.718000000342727 ], [ 429856.717600000090897, 4494058.937400001101196 ], [ 429884.09389999974519, 4494068.462099999189377 ], [ 429932.483799999579787, 4494084.9687 ], [ 429976.775899999774992, 4494094.891599998809397 ], [ 429991.340699999593198, 4494095.372800000943244 ], [ 430011.501799999736249, 4494096.5921 ], [ 430074.245500000193715, 4494099.253599999472499 ], [ 430196.910199999809265, 4494082.68889999948442 ], [ 430277.011099999770522, 4494072.08799999859184 ], [ 430382.81209999974817, 4494057.906600000336766 ], [ 430432.207299999892712, 4494073.941700000315905 ], [ 430473.492899999953806, 4494087.08909999858588 ], [ 430523.133799999952316, 4494103.062699999660254 ], [ 430591.667000000365078, 4494124.390000001527369 ], [ 430710.146599999628961, 4494124.088800000958145 ], [ 430837.143799999728799, 4494122.587600001133978 ], [ 430943.043600000499282, 4494120.986700001172721 ], [ 431087.14670000039041, 4494164.767300001345575 ], [ 431131.119599999859929, 4494244.36739999987185 ], [ 431241.49199999962002, 4494322.42579999845475 ], [ 431250.271200000308454, 4494328.4824 ], [ 431350.678199999965727, 4494378.593399999663234 ], [ 431640.321600000374019, 4494552.664000001735985 ], [ 431709.447999999858439, 4494594.160499999299645 ], [ 431779.561999999918044, 4494636.946000001393259 ], [ 431792.911000000371132, 4494645.107999999076128 ], [ 431804.86699999962002, 4494652.235999998636544 ], [ 431779.817999999970198, 4494704.430000000633299 ], [ 431728.199000000022352, 4494810.745999998413026 ], [ 431663.048200000077486, 4494946.281799999065697 ], [ 431577.927000000199769, 4495119.560999999754131 ], [ 431567.349899999797344, 4495142.782999998889863 ], [ 431546.111999999789987, 4495184.220000001601875 ], [ 431536.950400000438094, 4495203.683299999684095 ], [ 431525.052000000141561, 4495227.429999998770654 ], [ 431522.750599999912083, 4495237.683499998413026 ], [ 431512.6508999998332, 4495268.083600000478327 ], [ 431500.265999999828637, 4495300.947999999858439 ], [ 431499.950000000186265, 4495302.082000000402331 ], [ 431498.573099999688566, 4495308.668999998830259 ], [ 431498.544999999925494, 4495313.412000000476837 ], [ 431498.550999999977648, 4495315.407999999821186 ], [ 431498.612999999895692, 4495317.653999998234212 ], [ 431498.82799999974668, 4495322.855000000447035 ], [ 431494.736999999731779, 4495319.620999999344349 ], [ 431490.770999999775086, 4495315.453000000678003 ], [ 431485.838999999687076, 4495329.04700000025332 ], [ 431493.129999999888241, 4495338.947000000625849 ], [ 431489.121000000275671, 4495347.514999999664724 ], [ 431470.851800000295043, 4495390.184199999086559 ], [ 431469.35190000012517, 4495393.984199999831617 ], [ 431465.860000000335276, 4495400.590000000782311 ], [ 431464.052000000141561, 4495404.884299998171628 ], [ 431462.052000000141561, 4495408.384299998171628 ], [ 431460.081000000238419, 4495411.314000000245869 ], [ 431455.565999999642372, 4495417.441999999806285 ], [ 431453.683000000193715, 4495420.398 ], [ 431451.858, 4495422.579 ], [ 431449.15199999982724, 4495425.543999999761581 ], [ 431446.99199999962002, 4495427.414000000804663 ], [ 431444.987999999895692, 4495429.074999999254942 ], [ 431441.690000000409782, 4495431.790999998338521 ], [ 431432.520999999716878, 4495438.271999999880791 ], [ 431427.900999999605119, 4495441.724999998696148 ], [ 431424.890999999828637, 4495443.814999999478459 ], [ 431417.189000000304077, 4495449.277000000700355 ], [ 431412.452100000344217, 4495452.126800001598895 ], [ 431407.213299999944866, 4495455.143100001849234 ], [ 431402.173000000417233, 4495457.960899998433888 ], [ 431397.569299999624491, 4495459.985000000335276 ], [ 431392.648000000044703, 4495462.128099999390543 ], [ 431384.224799999967217, 4495465.245899999514222 ], [ 431376.849000000394881, 4495467.148 ], [ 431363.945899999700487, 4495469.959200001321733 ], [ 431358.419999999925494, 4495471.760000000707805 ], [ 431350.361999999731779, 4495477.927999999374151 ], [ 431325.002000000327826, 4495497.843000000342727 ], [ 431279.941999999806285, 4495533.32799999974668 ], [ 431262.334999999962747, 4495546.980000000447035 ], [ 431239.111999999731779, 4495578.260999999009073 ], [ 431236.656999999657273, 4495592.33 ], [ 431242.076999999582767, 4495594.59499999973923 ], [ 431254.771999999880791, 4495600.05599999986589 ], [ 431267.190999999642372, 4495607.32899999897927 ], [ 431272.651999999769032, 4495612.312 ], [ 431277.321000000461936, 4495614.587000000290573 ], [ 431282.760999999940395, 4495617.221 ], [ 431298.838999999687076, 4495625.174000001512468 ], [ 431306.572999999858439, 4495628.281999999657273 ], [ 431311.942999999970198, 4495630.051999999210238 ], [ 431315.598000000230968, 4495631.419000000692904 ], [ 431325.201999999582767, 4495639.555000000633299 ], [ 431338.43400000029942, 4495637.207999999634922 ], [ 431345.240000000223517, 4495636.32899999897927 ], [ 431353.536999999545515, 4495638.842000000178814 ], [ 431360.527999999932945, 4495649.649999999441206 ], [ 431366.315999999642372, 4495658.77800000179559 ], [ 431375.644999999552965, 4495671.813999999314547 ], [ 431386.946000000461936, 4495687.966999999247491 ], [ 431396.542000000365078, 4495701.881999999284744 ], [ 431407.678999999538064, 4495712.467000000178814 ], [ 431409.031999999657273, 4495712.923000000417233 ], [ 431415.810999999754131, 4495714.747999999672174 ], [ 431434.455799999646842, 4495717.2763 ], [ 431445.684999999590218, 4495718.799000000581145 ], [ 431452.656000000424683, 4495719.84499999973923 ], [ 431452.92200000025332, 4495720.073999998159707 ], [ 431456.302000000141561, 4495722.714999999850988 ], [ 431461.959999999962747, 4495722.883999998681247 ], [ 431464.803999999538064, 4495722.307 ], [ 431470.178999999538064, 4495720.80599999986589 ], [ 431481.262000000104308, 4495717.801999998278916 ], [ 431482.074000000022352, 4495724.468999999575317 ], [ 431482.536999999545515, 4495727.058000001125038 ], [ 431490.117999999783933, 4495741.006999998353422 ], [ 431494.13399999961257, 4495748.699999998323619 ], [ 431499.69400000013411, 4495758.946999999694526 ], [ 431504.031000000424683, 4495761.775999999605119 ], [ 431510.502000000327826, 4495765.285000000149012 ], [ 431526.36600000038743, 4495765.793999999761581 ], [ 431528.855999999737833, 4495745.636000000871718 ], [ 431532.125, 4495724.217999999411404 ], [ 431538.95409999974072, 4495713.584200001321733 ], [ 431546.453999999968801, 4495703.184100000187755 ], [ 431552.613900000229478, 4495701.901799999177456 ], [ 431559.942400000116322, 4495700.389699999243021 ], [ 431582.753899999894202, 4495695.6338 ], [ 431590.753899999894202, 4495693.983700000680983 ], [ 431610.753800000064075, 4495689.4835 ], [ 431626.753700000233948, 4495686.383400000631809 ], [ 431637.253700000233948, 4495687.0833 ], [ 431647.753700000233948, 4495687.78319999948144 ], [ 431665.153699999675155, 4495688.482999999076128 ], [ 431698.353600000031292, 4495689.182800000533462 ], [ 431708.453599999658763, 4495693.982699998654425 ], [ 431734.069799999706447, 4495706.273199999704957 ], [ 431735.438000000081956, 4495707.175000000745058 ], [ 431755.658999999985099, 4495713.346999999135733 ], [ 431772.281000000424683, 4495717.024000002071261 ], [ 431798.337000000290573, 4495722.865000000223517 ], [ 431808.03899999987334, 4495698.280999998562038 ], [ 431808.463000000454485, 4495696.919000000692904 ], [ 431808.558400000445545, 4495695.8083999985829 ], [ 431808.377000000327826, 4495694.584000001661479 ], [ 431801.04700000025332, 4495679.839999998919666 ], [ 431798.511199999600649, 4495675.17100000102073 ], [ 431779.004099999554455, 4495637.6706000007689 ], [ 431776.334599999710917, 4495626.550900000147521 ], [ 431791.366200000047684, 4495598.555600000545382 ], [ 431792.21239999961108, 4495558.687000000849366 ], [ 431803.112300000153482, 4495545.778200000524521 ], [ 431819.481399999931455, 4495537.7051 ], [ 431824.498200000263751, 4495534.848200000822544 ], [ 431835.308299999684095, 4495525.465599999763072 ], [ 431848.776600000448525, 4495514.131300000473857 ], [ 431899.882000000216067, 4495470.845599999651313 ], [ 431906.374200000427663, 4495465.529699998907745 ], [ 431909.808199999853969, 4495463.862099999561906 ], [ 431983.300200000463519, 4495432.465099998749793 ], [ 432037.396900000050664, 4495408.156899998895824 ], [ 432062.186200000345707, 4495397.004999999888241 ], [ 432134.700500000268221, 4495364.553300000727177 ], [ 432175.497000000439584, 4495368.307900002226233 ], [ 432274.449900000356138, 4495317.777199999429286 ], [ 432291.860000000335276, 4495200.4249 ], [ 432291.360999999567866, 4495199.176899998448789 ], [ 432264.665900000371039, 4495140.091499999165535 ], [ 432231.341900000406895, 4495066.231299999170005 ], [ 432222.047899999655783, 4495045.3772 ], [ 432195.650299999862909, 4494985.014499999582767 ], [ 432184.847400000318885, 4494960.57740000076592 ], [ 432162.947100000455976, 4494914.177500000223517 ], [ 432139.246700000017881, 4494860.47759999986738 ], [ 432124.546500000171363, 4494828.577600001357496 ], [ 432110.246299999824259, 4494792.777699999511242 ], [ 432099.946100000292063, 4494767.077699999324977 ], [ 432093.046000000089407, 4494748.877800001762807 ], [ 432066.645600000396371, 4494684.877900000661612 ], [ 432064.94550000037998, 4494679.677899999544024 ], [ 432061.0455, 4494670.777899999171495 ], [ 432050.145299999974668, 4494642.478000000119209 ], [ 432043.245199999772012, 4494625.478000000119209 ], [ 432031.84499999973923, 4494598.377999999560416 ], [ 432016.344700000248849, 4494559.778100000694394 ], [ 432013.844700000248849, 4494552.578099999576807 ], [ 432028.244599999859929, 4494540.778000000864267 ], [ 432058.487999999895692, 4494539.964800000190735 ], [ 432092.618900000117719, 4494540.7275 ], [ 432218.144199999980628, 4494539.7762999990955 ], [ 432266.906299999915063, 4494526.432099999859929 ], [ 432319.395100000372622, 4494508.762900000438094 ], [ 432331.201500000432134, 4494505.618699999526143 ], [ 432386.367899999953806, 4494494.078499999828637 ], [ 432427.992700000293553, 4494522.001100000925362 ], [ 432438.656200000084937, 4494529.15430000051856 ], [ 432492.611499999649823, 4494577.5335 ], [ 432510.828099999576807, 4494594.837300001643598 ], [ 432546.544200000353158, 4494627.173600000329316 ], [ 432588.744300000369549, 4494647.1733 ], [ 432648.46030000038445, 4494648.377900000661612 ], [ 432674.023400000354741, 4494648.097999999299645 ], [ 432709.246199999935925, 4494648.375800000503659 ], [ 432773.784400000236928, 4494638.208999999798834 ], [ 432809.343500000424683, 4494632.571500000543892 ], [ 432911.242900000012014, 4494597.6706000007689 ], [ 432965.542600000277162, 4494581.970100000500679 ], [ 432989.942499999888241, 4494576.569900000467896 ], [ 433060.042100000195205, 4494562.569299999624491 ], [ 433086.11670000012964, 4494557.76630000025034 ], [ 433131.766699999570847, 4494548.668199999257922 ], [ 433165.861999999731779, 4494542.526900000870228 ], [ 433238.404099999926984, 4494554.081599999219179 ], [ 433320.940100000239909, 4494604.21239999961108 ], [ 433392.674899999983609, 4494647.252100000157952 ], [ 433471.01410000026226, 4494694.511600000783801 ], [ 433527.474200000055134, 4494695.939300000667572 ], [ 433580.87430000025779, 4494704.155600001104176 ], [ 433628.940000000409782, 4494769.880000000819564 ], [ 433669.141900000162423, 4494807.064999999478459 ], [ 433712.524600000120699, 4494846.041300000622869 ], [ 433770.07039999961853, 4494839.490599999204278 ], [ 433815.470200000330806, 4494810.967899999581277 ], [ 433868.097099999897182, 4494738.289899999275804 ], [ 433920.9178, 4494749.64640000090003 ], [ 433965.635200000426266, 4494760.837099999189377 ], [ 434024.659500000067055, 4494776.758899999782443 ], [ 434097.340599999763072, 4494839.961699998937547 ], [ 434154.200000000186265, 4494838.08 ], [ 434246.1398, 4494795.160400000400841 ], [ 434300.072900000028312, 4494774.866699998266995 ], [ 434363.924700000323355, 4494749.564200000837445 ], [ 434392.50899999961257, 4494738.830900001339614 ], [ 434396.25800000037998, 4494737.244900000281632 ], [ 434427.238599999807775, 4494725.658799999393523 ], [ 434453.360999999567866, 4494715.233899999409914 ], [ 434486.738199999555945, 4494703.258300000801682 ], [ 434530.250699999800418, 4494691.7906 ], [ 434576.850200000219047, 4494679.221900000236928 ], [ 434616.101999999955297, 4494668.780099999159575 ], [ 434642.592100000067148, 4494661.432199999690056 ], [ 434690.931800000369549, 4494653.6974 ], [ 434733.242600000521634, 4494646.4024 ], [ 434766.832600000314415, 4494640.958199999295175 ], [ 434800.654299999587238, 4494635.050699999555945 ], [ 434824.271099999547005, 4494631.001499999314547 ], [ 434855.093299999833107, 4494625.668099998496473 ], [ 434896.926900000253227, 4494618.776500000618398 ], [ 434931.423799999989569, 4494612.694700000807643 ], [ 435006.178899999707937, 4494600.704200000502169 ], [ 435051.990000000223517, 4494577.230000001378357 ], [ 435078.735000000335276, 4494560.05320000089705 ], [ 435164.734299999661744, 4494502.852299998514354 ], [ 435190.513000000268221, 4494486.063599999062717 ], [ 435244.73369999974966, 4494462.051599999889731 ], [ 435252.732200000435114, 4494458.357200000435114 ], [ 435340.033300000242889, 4494449.1508 ], [ 435363.146800000278745, 4494440.80870000179857 ], [ 435393.432900000363588, 4494429.350299998186529 ], [ 435432.032700000330806, 4494414.850000000558794 ], [ 435508.061999999918044, 4494386.527899999171495 ], [ 435512.644999999552965, 4494384.515900000929832 ], [ 435563.631799999682698, 4494357.848699999041855 ], [ 435620.131299999542534, 4494328.348200001753867 ], [ 435638.131199999712408, 4494322.447999999858439 ], [ 435675.446399999782443, 4494310.613900000229478 ], [ 435707.388000000268221, 4494300.290899999439716 ], [ 435740.530500000400934, 4494275.047099999152124 ], [ 435758.530299999751151, 4494261.046900001354516 ], [ 435775.030100000090897, 4494244.946699998341501 ], [ 435779.530100000032689, 4494240.7467 ], [ 435793.282999999821186, 4494227.742900000885129 ], [ 435823.605999999679625, 4494197.874900000169873 ], [ 435824.103600000031292, 4494197.418299998156726 ], [ 435824.854000000283122, 4494197.315899998880923 ], [ 435876.329400000162423, 4494192.545700000599027 ], [ 435890.729299999773502, 4494192.145600000396371 ], [ 435916.324000000022352, 4494193.29590000025928 ], [ 435939.429100000299513, 4494181.945199999026954 ], [ 436173.327399999834597, 4494072.642999998293817 ], [ 436230.697999999858439, 4494045.981899999082088 ], [ 436288.228000000119209, 4494046.806899999268353 ], [ 436344.336000000184868, 4494005.973899999633431 ], [ 436350.642199999652803, 4494000.847500001080334 ], [ 436352.657999999821186, 4493998.756899998523295 ], [ 436492.646999999880791, 4493824.789899999275804 ], [ 436524.105000000447035, 4493785.886899999342859 ], [ 436599.691999999864493, 4493815.5099 ], [ 436890.967000000178814, 4493756.700899999588728 ], [ 436891.450699999928474, 4493756.207399998791516 ], [ 436925.821899999864399, 4493721.135700000450015 ], [ 437012.021300000138581, 4493686.334799998439848 ], [ 437066.220999999903142, 4493666.734300000593066 ], [ 437190.120199999772012, 4493623.4331 ], [ 437312.029900000430644, 4493580.230499998666346 ], [ 437406.456199999898672, 4493430.143799999728799 ], [ 437449.070299999788404, 4493291.856200001202524 ], [ 437464.55420000012964, 4493263.829699999652803 ], [ 437499.115399999602232, 4493167.528599999845028 ], [ 437531.814899999648333, 4493114.82810000050813 ], [ 437568.414599999785423, 4493092.627599999308586 ], [ 437608.014200000092387, 4493069.727099999785423 ], [ 437667.876000000105705, 4493050.774900000542402 ], [ 437728.758399999700487, 4493029.484999999403954 ], [ 437755.292799999937415, 4493026.041900000534952 ], [ 437772.164300000353251, 4493024.131300000473857 ], [ 437785.955299999564886, 4493020.403999998234212 ], [ 437801.287999999709427, 4493016.439500000327826 ], [ 437836.66330000013113, 4493007.223000000230968 ], [ 437845.456299999728799, 4493004.749399998225272 ], [ 437855.55379999987781, 4493002.174199999310076 ], [ 437863.143899999558926, 4492999.870100001804531 ], [ 437885.50760000012815, 4492990.551899998448789 ], [ 437909.340200000442564, 4492986.586799999698997 ], [ 437921.564000000245869, 4492984.126199999824166 ], [ 437955.21449999982724, 4492977.627899999730289 ], [ 437987.324000000022352, 4492983.1393 ], [ 438028.311599999666214, 4492990.4238 ], [ 438135.003800000064075, 4492972.643799998797476 ], [ 438168.443199999630451, 4492967.22829999960959 ], [ 438183.383700000180397, 4492964.712200000882149 ], [ 438203.3443, 4492961.621099999174476 ], [ 438220.510999999940395, 4492958.520099998451769 ], [ 438238.408300000242889, 4492955.70240000076592 ], [ 438293.954800000414252, 4492929.867399998940527 ], [ 438374.562199999578297, 4492892.27419999986887 ], [ 438411.172100000083447, 4492877.005200000479817 ], [ 438450.780299999751151, 4492861.3947 ], [ 438503.009200000204146, 4492840.4397 ], [ 438521.049999999755528, 4492833.78999999910593 ], [ 438559.312599999830127, 4492819.37879999820143 ], [ 438639.941800000146031, 4492789.186199999414384 ], [ 438669.510099999606609, 4492778.263199998997152 ], [ 438763.569600000046194, 4492742.26649999897927 ], [ 438775.807099999859929, 4492737.713199999183416 ], [ 438897.81290000025183, 4492691.3871 ], [ 438945.120500000251923, 4492673.487999998964369 ], [ 439009.850899999961257, 4492630.62540000025183 ], [ 439114.904900000430644, 4492619.309099999256432 ], [ 439179.634399999864399, 4492649.000700000673532 ], [ 439211.004900000058115, 4492663.408200000412762 ], [ 439299.104899999685585, 4492703.60740000102669 ], [ 439363.904500000178814, 4492696.306700000539422 ], [ 439401.527599999739323, 4492691.5855 ], [ 439528.527900000102818, 4492675.035799999721348 ], [ 439598.933699999935925, 4492713.096200001426041 ], [ 439659.20380000025034, 4492744.60359999909997 ], [ 439773.22580000013113, 4492719.592799999751151 ], [ 439786.570299999788404, 4492716.54069999884814 ], [ 439797.992899999953806, 4492718.105899999849498 ], [ 439811.015300000086427, 4492719.76649999897927 ], [ 439826.164300000353251, 4492721.776599999517202 ], [ 439841.802899999544024, 4492723.801599999889731 ], [ 440032.802600000053644, 4492766.499600000679493 ], [ 440092.502600000239909, 4492792.499099999666214 ], [ 440113.501899999566376, 4492724.898600000888109 ], [ 440262.901200000196695, 4492707.696899999864399 ], [ 440302.400999999605119, 4492704.596499999053776 ], [ 440303.08600000012666, 4492767.28999999910593 ], [ 440303.349000000336673, 4492795.362000000663102 ], [ 440304.902599999681115, 4492895.197200000286102 ], [ 440321.110000000335276, 4492904.517999998293817 ], [ 440336.25800000037998, 4492911.859000000171363 ], [ 440356.212600000202656, 4492922.247600000351667 ], [ 440363.376000000163913, 4492928.490999999456108 ], [ 440389.282999999821186, 4492952.646999999880791 ], [ 440408.673999999649823, 4492970.731000000610948 ], [ 440447.587000000290573, 4493007.173999999649823 ], [ 440482.421000000089407, 4493039.360999998636544 ], [ 440512.578999999910593, 4493067.437000001780689 ], [ 440551.532999999879394, 4493103.700999999418855 ], [ 440574.093000000342727, 4493124.716999999247491 ], [ 440590.026999999769032, 4493137.543999999761581 ], [ 440596.974999999627471, 4493143.145999999716878 ], [ 440604.956000000238419, 4493148.471000000834465 ], [ 440612.877999999560416, 4493153.71 ], [ 440630.689000000245869, 4493165.573000000789762 ], [ 440644.855999999679625, 4493174.941999999806285 ], [ 440668.299999999813735, 4493190.392999998293817 ], [ 440696.371000000275671, 4493208.968000000342727 ], [ 440727.903800000436604, 4493228.993899999186397 ], [ 440734.065999999642372, 4493234.213999999687076 ], [ 440778.207000000402331, 4493263.449999999254942 ], [ 440811.333999999798834, 4493285.484000000171363 ], [ 440846.975599999539554, 4493309.4907 ], [ 440869.809999999590218, 4493324.308000001125038 ], [ 440904.993999999947846, 4493347.762000000104308 ], [ 440942.173000000417233, 4493372.346 ], [ 440976.775999999605119, 4493395.331000001169741 ], [ 441009.860999999567866, 4493417.176999999210238 ], [ 441027.279000000096858, 4493428.755999999120831 ], [ 441040.515999999828637, 4493437.574999998323619 ], [ 441063.705000000074506, 4493454.585999998264015 ], [ 441075.733, 4493464.390000000596046 ], [ 441078.024000000208616, 4493468.78800000064075 ], [ 441085.093000000342727, 4493480.911000000312924 ], [ 441096.315000000409782, 4493503.960000001825392 ], [ 441105.565999999642372, 4493524.642 ], [ 441125.173000000417233, 4493568.662000000476837 ], [ 441139.608, 4493601.430999998934567 ], [ 441155.546000000089407, 4493637.269999998621643 ], [ 441169.137000000104308, 4493668.217000000178814 ], [ 441183.644000000320375, 4493700.818999999202788 ], [ 441196.117999999783933, 4493729.537000000476837 ], [ 441206.408999999985099, 4493752.546999999321997 ], [ 441217.753999999724329, 4493778.01799999922514 ], [ 441227.023000000044703, 4493799.228000000119209 ], [ 441240.267, 4493828.832000000402331 ], [ 441251.669999999925494, 4493854.707999999634922 ], [ 441261.098000000230968, 4493875.998999998904765 ], [ 441272.962000000290573, 4493902.701999999582767 ], [ 441372.093000000342727, 4494125.086999998427927 ], [ 441376.615000000223517, 4494135.176000001840293 ], [ 441442.135999999940395, 4494282.35600000154227 ], [ 441447.99100000038743, 4494295.546999999321997 ], [ 441451.645999999716878, 4494305.600999998860061 ], [ 441458.248999999836087, 4494324.003000000491738 ], [ 441460.650999999605119, 4494331.58699999935925 ], [ 441467.783999999985099, 4494358.362999998964369 ], [ 441475.216000000014901, 4494386.04700000025332 ], [ 441552.886, 4494676.348999999463558 ], [ 441562.553999999538064, 4494712.562 ], [ 441564.28899999987334, 4494718.945000001229346 ], [ 441568.088999999687076, 4494729.64299999922514 ], [ 441572.895999999716878, 4494742.850999999791384 ], [ 441581.148000000044703, 4494760.800000000745058 ], [ 441589.748999999836087, 4494779.666999998502433 ], [ 441596.486999999731779, 4494794.63399999961257 ], [ 441661.622999999672174, 4494936.934999999590218 ], [ 441684.156000000366475, 4494986.142000001855195 ], [ 441705.099999999627471, 4495031.823999998159707 ], [ 441721.355999999679625, 4495067.330999999307096 ], [ 441758.024000000150409, 4495147.333999999798834 ], [ 441764.398000000044703, 4495161.146999999880791 ], [ 441768.275999999546912, 4495169.539000000804663 ], [ 441777.33600000012666, 4495189.576999998651445 ], [ 441789.282999999821186, 4495218.617000000551343 ], [ 441802.826000000350177, 4495250.412000000476837 ], [ 441813.751000000163913, 4495277.267999998293817 ], [ 441828.245000000111759, 4495311.809000000357628 ], [ 441844.739000000059605, 4495337.706000000238419 ], [ 441858.904000000096858, 4495352.097999999299645 ], [ 441875.736999999731779, 4495369.511000000871718 ], [ 441924.281999999657273, 4495419.247999999672174 ], [ 441958.728699999861419, 4495453.57880000025034 ], [ 442001.300300000235438, 4495497.076400000602007 ], [ 442022.983300000429153, 4495519.854900000616908 ], [ 442043.808000000193715, 4495541.7319 ], [ 442070.101999999955297, 4495559.1469 ], [ 442084.815999999642372, 4495567.013899999670684 ], [ 442128.877000000327826, 4495589.264899998903275 ], [ 442160.31900000013411, 4495604.987800001166761 ], [ 442193.571999999752734, 4495621.695900000631809 ], [ 442247.54700000025332, 4495649.281899998895824 ], [ 442269.003999999724329, 4495660.639000000432134 ], [ 442272.769999999552965, 4495662.46000000089407 ], [ 442285.978000000119209, 4495669.309000000357628 ], [ 442314.832000000402331, 4495684.497999999672174 ], [ 442363.747000000439584, 4495710.122999999672174 ], [ 442387.395999999716878, 4495722.307 ], [ 442420.769999999552965, 4495739.858999999240041 ], [ 442451.730000000447035, 4495756.129000000655651 ], [ 442473.379999999946449, 4495767.386 ], [ 442492.642, 4495777.403999999165535 ], [ 442503.819899999536574, 4495783.0839 ], [ 442520.231999999901745, 4495798.166999998502433 ], [ 442533.230999999679625, 4495809.626000000163913 ], [ 442541.639000000432134, 4495816.924999999813735 ], [ 442548.558000000193715, 4495827.421 ], [ 442562.648000000044703, 4495848.945999999530613 ], [ 442579.222000000067055, 4495873.778999998234212 ], [ 442593.434999999590218, 4495895.200999998487532 ], [ 442613.359000000171363, 4495925.293000000528991 ], [ 442631.868999999947846, 4495953.21000000089407 ], [ 442664.649000000208616, 4496002.852000000886619 ], [ 442705.419999999925494, 4496064.017000000923872 ], [ 442745.726999999955297, 4496125.079 ], [ 442759.282999999821186, 4496145.521999998949468 ], [ 442774.484000000171363, 4496168.376000000163913 ], [ 442790.99199999962002, 4496191.320000000298023 ], [ 442792.899000000208616, 4496195.023999999277294 ], [ 442794.849999999685679, 4496202.573000001721084 ], [ 442797.553999999538064, 4496207.525000000372529 ], [ 442804.031000000424683, 4496218.457000002264977 ], [ 442824.839999999850988, 4496247.768999999389052 ], [ 442832.668999999703374, 4496250.389000000432134 ], [ 442852.097000000067055, 4496278.074999999254942 ], [ 442874.400000000372529, 4496309.372999998740852 ], [ 442875.99100000038743, 4496311.734999999403954 ], [ 442877.019000000320375, 4496312.963000000454485 ], [ 442877.543999999761581, 4496313.994999998249114 ], [ 442877.604000000283122, 4496314.595000000670552 ], [ 442877.466000000014901, 4496315.325999998487532 ], [ 442876.684999999590218, 4496319.002000001259148 ], [ 442876.554999999701977, 4496319.804999999701977 ], [ 442876.531999999657273, 4496320.551999999210238 ], [ 442876.63399999961257, 4496320.932999999262393 ], [ 442904.90500000026077, 4496360.826999998651445 ], [ 442922.55700000008801, 4496384.897000000812113 ], [ 442932.531000000424683, 4496395.122999998740852 ], [ 442937.586199999786913, 4496398.596699999645352 ], [ 442943.545699999667704, 4496402.072999999858439 ], [ 442957.635499999858439, 4496409.529900000430644 ], [ 443013.684000000357628, 4496435.685000000521541 ], [ 443023.31900000013411, 4496440.56900000013411 ], [ 443062.411999999545515, 4496454.292999998666346 ], [ 443139.642, 4496481.136999999172986 ], [ 443166.535000000149012, 4496490.433000001125038 ], [ 443192.869, 4496499.56900000013411 ], [ 443201.730999999679625, 4496502.557000000961125 ], [ 443210.013000000326429, 4496505.382999999448657 ], [ 443220.436999999918044, 4496509.05599999986589 ], [ 443224.671000000089407, 4496510.766000002622604 ], [ 443230.998999999836087, 4496514.585999999195337 ], [ 443248.66399999987334, 4496525.777000001631677 ], [ 443448.059000000357628, 4496649.410000000149012 ], [ 443596.327999999804888, 4496741.67200000025332 ], [ 443596.71999999973923, 4496742.061000001616776 ], [ 443607.359000000171363, 4496760.278999999165535 ], [ 443613.150000000372529, 4496769.840999999083579 ], [ 443621.097000000067055, 4496795.460999998264015 ], [ 443616.315000000409782, 4496836.21 ], [ 443613.193000000028405, 4496862.083999999798834 ], [ 443604.775999999605119, 4496929.215000000782311 ], [ 443600.754999999888241, 4496962.498000000603497 ], [ 443597.753100000321865, 4496989.790200000628829 ], [ 443596.109000000171363, 4497001.698000000789762 ], [ 443590.552000000141561, 4497047.023 ], [ 443587.462000000290573, 4497070.035000000149012 ], [ 443581.800999999977648, 4497094.293999998830259 ], [ 443580.193000000028405, 4497100.923999999649823 ], [ 443576.308000000193715, 4497112.227999999187887 ], [ 443555.735999999567866, 4497171.225999999791384 ], [ 443550.483, 4497186.123000000603497 ], [ 443527.440000000409782, 4497251.845000000670552 ], [ 443483.406000000424683, 4497378.195999999530613 ], [ 443470.377000000327826, 4497415.566999998874962 ], [ 443459.523000000044703, 4497446.376000000163913 ], [ 443459.882000000216067, 4497471.536000000312924 ], [ 443460.237999999895692, 4497568.975999999791384 ], [ 443457.495000000111759, 4497607.017 ], [ 443458.572999999858439, 4497616.463999999687076 ], [ 443469.293999999761581, 4497712.42 ], [ 443473.475999999791384, 4497748.615000000223517 ], [ 443476.537999999709427, 4497776.547000001184642 ], [ 443504.783499999903142, 4497855.731699998490512 ], [ 443507.101999999955297, 4497862.208999999798834 ], [ 443545.432000000029802, 4497968.605999999679625 ], [ 443559.592000000178814, 4498007.983999999240041 ], [ 443566.946000000461936, 4498028.300000000745058 ], [ 443574.157999999821186, 4498044.062999999150634 ], [ 443699.747000000497792, 4498316.331000000238419 ], [ 443722.519999999552965, 4498361.519999999552965 ], [ 443811.815000000409782, 4498510.062999999150634 ], [ 443824.027999999932945, 4498530.546 ], [ 443842.16399999987334, 4498557.553999999538064 ], [ 443912.571999999694526, 4498660.272000000812113 ], [ 443927.223000000230968, 4498681.437000000849366 ], [ 443933.287999999709427, 4498690.502000000327826 ], [ 443950.407999999821186, 4498715.491000001318753 ], [ 443983.113800000399351, 4498763.160099999047816 ], [ 443983.129999999888241, 4498763.183900000527501 ], [ 443987.690999999642372, 4498769.8739 ], [ 443991.757000000216067, 4498778.540900000371039 ], [ 443996.270600000396371, 4498787.569399998523295 ], [ 444000.851999999955297, 4498798.801899998448789 ], [ 444003.817999999970198, 4498807.979900000616908 ], [ 444007.156999999657273, 4498821.782999998889863 ], [ 444009.739000000059605, 4498831.314999998547137 ], [ 444022.973000000230968, 4498883.314999999478459 ], [ 444023.64780000038445, 4498885.472899999469519 ], [ 444031.904000000096858, 4498918.459899998269975 ], [ 444039.425900000147521, 4498930.751599997282028 ], [ 444044.939000000304077, 4498940.081900000572205 ], [ 444049.889000000432134, 4498948.875000000931323 ], [ 444050.850999999791384, 4498949.724899999797344 ], [ 444078.595499999821186, 4498978.916999999433756 ], [ 444099.93030000012368, 4499000.998999999836087 ], [ 444126.633399999700487, 4499028.670599999837577 ], [ 444155.688500000163913, 4499058.721899998374283 ], [ 444171.848799999803305, 4499075.656899999827147 ], [ 444215.154799999669194, 4499121.093699999153614 ], [ 444244.664599999843631, 4499150.8871 ], [ 444251.113800000399351, 4499157.017200000584126 ], [ 444258.128800000064075, 4499164.759499999694526 ], [ 444276.392099999822676, 4499184.157299999147654 ], [ 444322.166000000201166, 4499231.3279 ], [ 444360.995199999772012, 4499250.029600000940263 ], [ 444391.512299999594688, 4499264.166500000283122 ], [ 444415.009499999694526, 4499275.866100000217557 ], [ 444443.674200000241399, 4499289.905500001274049 ], [ 444468.82880000025034, 4499301.994999999180436 ], [ 444493.457000000460539, 4499314.3289 ], [ 444515.419999999925494, 4499324.853899999521673 ], [ 444520.813000000081956, 4499327.594900000840425 ], [ 444537.424999999813735, 4499360.087900000624359 ], [ 444542.907999999879394, 4499361.694900000467896 ], [ 444544.527999999932945, 4499362.043999998830259 ], [ 444558.814000000245869, 4499365.428999998606741 ], [ 444560.282800000160933, 4499365.17299999948591 ], [ 444582.369, 4499359.472 ], [ 444622.832999999634922, 4499349.284 ], [ 444732.399000000208616, 4499321.867000000551343 ], [ 444803.006000000052154, 4499304.325999999418855 ], [ 444818.668999999761581, 4499301.271999999880791 ], [ 444852.463999999745283, 4499294.344000000506639 ], [ 444876.432000000029802, 4499285.09499999973923 ], [ 444910.30740000033984, 4499269.83049999922514 ], [ 444927.76410000026226, 4499261.421 ], [ 444960.365799999795854, 4499245.598400000482798 ], [ 445015.235000000335276, 4499218.549000000581145 ], [ 445071.275000000372529, 4499191.63399999961257 ], [ 445112.661999999545515, 4499169.318999999202788 ], [ 445134.7451, 4499157.474000000394881 ], [ 445143.822999999858439, 4499152.673999999649823 ], [ 445146.389000000432134, 4499150.1179 ], [ 445153.520999999716878, 4499143.354000000283122 ], [ 445162.963000000512693, 4499134.162900001741946 ], [ 445167.036999999603722, 4499130.376900000497699 ], [ 445176.831000000238419, 4499121.281999998725951 ], [ 445178.299999999813735, 4499119.806899999268353 ], [ 445188.532999999821186, 4499108.921599998138845 ], [ 445216.946800000034273, 4499074.457599999383092 ], [ 445239.646499999798834, 4499048.357200000435114 ], [ 445272.645999999775086, 4499008.556699999608099 ], [ 445283.699000000022352, 4498995.4869 ], [ 445289.197999999858439, 4498988.936899998225272 ], [ 445292.347000000067055, 4498985.264900001697242 ], [ 445297.053999999596272, 4498980.349900000728667 ], [ 445302.745600000023842, 4498974.256199999712408 ], [ 445381.044599999673665, 4498897.154899999499321 ], [ 445440.076999999582767, 4498838.829899999313056 ], [ 445457.114199999719858, 4498822.534200000576675 ], [ 445470.286999999545515, 4498810.686899999156594 ], [ 445503.157999999821186, 4498783.074900000356138 ] ] ] } },
{ "type": "Feature", "properties": { "tau": -0.53846156597137451, "two_sided_pval": 0.00012544690980575979, "name": "Peñagrande", "classification": "negative trend with prob > 99%" }, "geometry": { "type": "Polygon", "coordinates": [ [ [ 437498.193799999542534, 4482357.625600001774728 ], [ 437527.373599999584258, 4482344.79520000051707 ], [ 437554.223399999551475, 4482331.954800000414252 ], [ 437563.563299999572337, 4482326.114700000733137 ], [ 437575.233199999667704, 4482317.944499998353422 ], [ 437590.413099999539554, 4482310.934299998916686 ], [ 437610.262900000438094, 4482303.934099999256432 ], [ 437633.602800000458956, 4482295.763799998909235 ], [ 437658.112599999643862, 4482288.763499998487532 ], [ 437683.792399999685585, 4482272.403100001625717 ], [ 437703.642199999711011, 4482261.922799999825656 ], [ 437716.472099999897182, 4482250.242600000463426 ], [ 437735.161799999885261, 4482223.3723 ], [ 437755.001600000075996, 4482187.201899999752641 ], [ 437773.691399999894202, 4482169.681600000709295 ], [ 437808.701100000180304, 4482154.511199998669326 ], [ 437831.330900000408292, 4482137.42090000025928 ], [ 437852.99069999990752, 4482122.970499999821186 ], [ 437877.060499999672174, 4482110.94019999820739 ], [ 437891.980399999767542, 4482102.269999999552965 ], [ 437899.680300000181887, 4482096.019899998791516 ], [ 437908.820199999958277, 4482087.349799999035895 ], [ 437909.147099999710917, 4482086.923100000247359 ], [ 437915.080099999904633, 4482079.179700000211596 ], [ 437918.460099999792874, 4482075.789599999785423 ], [ 437925.190000000409782, 4482068.589500000700355 ], [ 437928.080000000074506, 4482065.199500000104308 ], [ 437934.329900000244379, 4482062.789400001056492 ], [ 437941.079900000244379, 4482062.789300000295043 ], [ 437950.719899999967311, 4482063.759199999272823 ], [ 437959.489799999631941, 4482065.709100000560284 ], [ 437625.81080000003567, 4481841.091899999417365 ], [ 437623.540300000517163, 4481728.711499999277294 ], [ 437620.050200000405312, 4481704.311399999074638 ], [ 437618.990199999883771, 4481696.931399999186397 ], [ 437614.280100000090897, 4481676.521400001831353 ], [ 437612.180100000463426, 4481667.421299999579787 ], [ 437607.639999999664724, 4481644.711300000548363 ], [ 437600.839900000020862, 4481614.061200000345707 ], [ 437595.629900000058115, 4481590.051200000569224 ], [ 437589.469700000248849, 4481557.31110000051558 ], [ 437584.809700000099838, 4481539.1711 ], [ 437579.26960000017425, 4481517.581100000999868 ], [ 437570.17949999962002, 4481481.251000001095235 ], [ 437562.239400000311434, 4481454.010999999009073 ], [ 437557.28940000012517, 4481439.140999999828637 ], [ 437555.429399999848101, 4481433.571000000461936 ], [ 437551.509399999864399, 4481423.130999999120831 ], [ 437545.209300000220537, 4481406.330999999307096 ], [ 437540.079300000332296, 4481394.780999998562038 ], [ 437536.129300000146031, 4481385.901000000536442 ], [ 437527.049300000071526, 4481366.610999999567866 ], [ 437519.099299999885261, 4481350.700999999418855 ], [ 437509.759200000262354, 4481334.201000000350177 ], [ 437495.789200000464916, 4481309.611099998466671 ], [ 437489.079199999570847, 4481298.971200000494719 ], [ 437477.319199999794364, 4481283.32120000012219 ], [ 437471.739199999719858, 4481279.391299999319017 ], [ 437463.359299999661744, 4481275.49129999987781 ], [ 437453.849299999943469, 4481273.25139999948442 ], [ 437443.78940000012517, 4481273.251599999144673 ], [ 437366.009399999864399, 4481168.341999999247491 ], [ 437336.429399999789894, 4481128.442099998705089 ], [ 437344.819299999624491, 4481107.752000000327826 ], [ 437347.619199999608099, 4481098.251900000497699 ], [ 437376.688500000163913, 4480979.161100000143051 ], [ 437383.598399999551475, 4480970.670800001360476 ], [ 437416.607699999643955, 4480864.900100002065301 ], [ 437410.607800000347197, 4480862.650200000964105 ], [ 437478.866499999538064, 4480673.608599998988211 ], [ 437559.885900000110269, 4480661.597699999809265 ], [ 437568.135900000110269, 4480659.3476 ], [ 437574.895800000056624, 4480656.347500001080334 ], [ 437581.645800000056624, 4480652.597400000318885 ], [ 437586.145700000226498, 4480649.597300000488758 ], [ 437589.145700000284705, 4480646.597300000488758 ], [ 437594.395600000338163, 4480639.847200000658631 ], [ 437596.645600000396371, 4480636.107200000435114 ], [ 437598.145600000396371, 4480631.597099999897182 ], [ 437633.735000000393484, 4480542.856300000101328 ], [ 437638.934899999760091, 4480529.79619999974966 ], [ 437614.725100000447128, 4480537.506500001065433 ], [ 437478.766099999658763, 4480580.7982 ], [ 437325.557300000451505, 4480629.060099999420345 ], [ 437248.397900000272784, 4480653.371099998243153 ], [ 437202.118200000375509, 4480665.831599999219179 ], [ 437162.248499999754131, 4480672.402100000530481 ], [ 437152.698499999940395, 4480673.11219999846071 ], [ 437148.098500000312924, 4480673.462300000712276 ], [ 437081.409000000043306, 4480678.443 ], [ 436999.349499999545515, 4480681.343900000676513 ], [ 436963.809700000099838, 4480682.574300001375377 ], [ 436875.620199999772012, 4480685.245300000533462 ], [ 436789.520700000226498, 4480687.566199999302626 ], [ 436742.220999999903142, 4480688.556700001470745 ], [ 436711.991200000105891, 4480689.68709999974817 ], [ 436654.621500000357628, 4480690.407700000330806 ], [ 436639.861600000411272, 4480689.847899999469519 ], [ 436604.201799999922514, 4480683.878199999220669 ], [ 436583.051900000369642, 4480679.758400000631809 ], [ 436564.731999999843538, 4480675.918600000441074 ], [ 436543.292100000195205, 4480669.238799999468029 ], [ 436522.322100000514183, 4480659.50899999961257 ], [ 436509.502199999988079, 4480652.719099999405444 ], [ 436493.422199999913573, 4480642.909299999475479 ], [ 436482.562300000339746, 4480635.5793999992311 ], [ 436472.232300000265241, 4480627.599399999715388 ], [ 436460.982300000323448, 4480618.459499998949468 ], [ 436448.43240000033984, 4480606.679599999450147 ], [ 436437.442400000058115, 4480595.169700000435114 ], [ 436427.632399999536574, 4480583.799700000323355 ], [ 436419.662399999797344, 4480573.469799999147654 ], [ 436408.422399999573827, 4480557.249800000339746 ], [ 436401.132399999536574, 4480545.239899999462068 ], [ 436392.072399999946356, 4480528.609899999573827 ], [ 436383.912399999797344, 4480510.799900001846254 ], [ 436375.502299999818206, 4480485.9699 ], [ 436367.10219999961555, 4480452.3098 ], [ 436364.682099999859929, 4480425.879799998365343 ], [ 436364.292000000423286, 4480399.839600000530481 ], [ 436366.681900000199676, 4480367.799499998800457 ], [ 436385.421299999579787, 4480259.688799999654293 ], [ 436390.60120000038296, 4480229.808599999174476 ], [ 436394.351099999621511, 4480208.158500000834465 ], [ 436371.901399999856949, 4480267.629000000655651 ], [ 436361.24170000012964, 4480314.979300000704825 ], [ 436309.81290000025183, 4480543.640799999237061 ], [ 436299.793200000189245, 4480601.721200000494719 ], [ 436297.543300000019372, 4480618.551300000399351 ], [ 436295.793399999907706, 4480631.651399999856949 ], [ 436292.893500000238419, 4480655.281499999575317 ], [ 436287.373700000345707, 4480700.251800001598895 ], [ 436278.154199999815319, 4480818.8224 ], [ 436275.354500000365078, 4480881.302699999883771 ], [ 436278.154699999897275, 4480928.57279999833554 ], [ 436281.354700000025332, 4480956.962899999693036 ], [ 436300.81529999995837, 4481130.463399999774992 ], [ 436447.194500000216067, 4481130.461799998767674 ], [ 436505.904199999757111, 4481129.701199998147786 ], [ 436550.1239, 4481127.420699999667704 ], [ 436577.573699999600649, 4481124.370400000363588 ], [ 436590.193699999712408, 4481122.370199999772012 ], [ 436601.293600000499282, 4481119.130100000649691 ], [ 436616.473500000312924, 4481114.179899998940527 ], [ 436620.94340000016382, 4481112.259899999015033 ], [ 436627.883399999758694, 4481109.32979999948293 ], [ 436650.203200000338256, 4481097.879500000737607 ], [ 436656.53320000047097, 4481093.739400000311434 ], [ 436659.473100000061095, 4481091.84940000064671 ], [ 436663.093100000172853, 4481089.079300000332296 ], [ 436672.263000000268221, 4481082.049200000241399 ], [ 436680.872899999842048, 4481074.769099999219179 ], [ 436688.962899999634828, 4481067.288899998180568 ], [ 436689.662899999879301, 4481066.048900000751019 ], [ 436701.982699999585748, 4481052.778699999675155 ], [ 436709.642699999734759, 4481059.308700000867248 ], [ 436716.012699999846518, 4481064.768599999137223 ], [ 436722.872700000181794, 4481070.258600001223385 ], [ 436727.092699999921024, 4481073.538499999791384 ], [ 436729.412700000219047, 4481075.258499999530613 ], [ 436733.6727, 4481078.748500000685453 ], [ 436738.002600000239909, 4481082.11849999986589 ], [ 436740.522599999792874, 4481084.188400000333786 ], [ 436753.272599999851082, 4481094.348400000482798 ], [ 436764.012600000074599, 4481102.918299998156726 ], [ 436775.422600000165403, 4481111.788200000301003 ], [ 436780.752500000409782, 4481116.198100001551211 ], [ 436789.492499999701977, 4481123.3881 ], [ 436801.962500000372529, 4481133.677999999374151 ], [ 436811.442499999888241, 4481141.397900000214577 ], [ 436828.872399999760091, 4481155.107800000347197 ], [ 436840.412399999797344, 4481164.5077 ], [ 436843.902400000079069, 4481166.927699999883771 ], [ 436872.962299999780953, 4481190.967499999329448 ], [ 436875.482300000265241, 4481193.067399998195469 ], [ 436878.912299999967217, 4481195.89740000013262 ], [ 436880.842299999727402, 4481197.487400000914931 ], [ 436881.662299999967217, 4481198.167399999685585 ], [ 436882.062300000397954, 4481198.487400000914931 ], [ 436883.612300000153482, 4481199.687400001101196 ], [ 436895.372299999929965, 4481208.7972999997437 ], [ 436898.1722999997437, 4481211.067299998365343 ], [ 436907.722299999557436, 4481218.857200001366436 ], [ 436918.292200000025332, 4481227.527100001461804 ], [ 436926.492200000211596, 4481234.237099999561906 ], [ 436948.092199999839067, 4481252.006899999454618 ], [ 436957.032200000248849, 4481259.766799999400973 ], [ 436974.332100000232458, 4481274.556700001470745 ], [ 436980.772099999710917, 4481280.056700001470745 ], [ 436992.152099999599159, 4481289.036599999293685 ], [ 437030.411999999545515, 4481318.546299998648465 ], [ 437037.951999999582767, 4481324.666200000792742 ], [ 437045.92200000025332, 4481331.176200000569224 ], [ 437056.851900000066962, 4481340.116100000217557 ], [ 437066.091900000348687, 4481347.665999998338521 ], [ 437091.871899999619927, 4481368.525800000876188 ], [ 437108.731800000183284, 4481382.105699999257922 ], [ 437118.201799999922514, 4481389.765599999576807 ], [ 437127.761800000444055, 4481397.485599999316037 ], [ 437132.261800000444055, 4481401.095499998889863 ], [ 437144.631699999736156, 4481410.805499999783933 ], [ 437117.252000000327826, 4481428.075799998827279 ], [ 437041.89259999996284, 4481474.446799998171628 ], [ 436968.723199999891222, 4481524.767799999564886 ], [ 436915.48369999974966, 4481562.668600001372397 ], [ 436902.373800000175834, 4481572.0088 ], [ 436863.794099999591708, 4481599.449300001375377 ], [ 436855.254200000315905, 4481613.91950000077486 ], [ 436852.824300000444055, 4481619.049499999731779 ], [ 436815.9847999997437, 4481699.950200000777841 ], [ 436910.705199999734759, 4481909.730100000277162 ], [ 436928.535199999867473, 4481931.339999999850988 ], [ 436969.495099999941885, 4481982.279799998737872 ], [ 437068.745400000305381, 4482174.099500000476837 ], [ 437082.005699999630451, 4482244.129699998535216 ], [ 437123.115600000077393, 4482269.58940000180155 ], [ 437147.015599999576807, 4482298.319200000725687 ], [ 437161.58559999987483, 4482316.14909999910742 ], [ 437176.83559999987483, 4482334.989099999889731 ], [ 437186.755599999800324, 4482347.418999999761581 ], [ 437189.065600000321865, 4482350.248999998904765 ], [ 437189.715599999704864, 4482349.869 ], [ 437194.885599999746773, 4482356.218900000676513 ], [ 437195.185600000433624, 4482356.088899998925626 ], [ 437254.635599999688566, 4482427.22859999909997 ], [ 437289.475499999709427, 4482469.0784 ], [ 437450.324300000444055, 4482396.156300000846386 ], [ 437458.504200000315905, 4482391.486199998296797 ], [ 437483.014000000432134, 4482366.975799999199808 ], [ 437498.193799999542534, 4482357.625600001774728 ] ] ] } },
{ "type": "Feature", "properties": { "tau": -0.52615392208099365, "two_sided_pval": 0.00017891667084768414, "name": "La Paz", "classification": "negative trend with prob > 99%" }, "geometry": { "type": "Polygon", "coordinates": [ [ [ 438529.763799999840558, 4481902.5152000002563 ], [ 438748.784300000406802, 4481899.619400000199676 ], [ 438967.163099999539554, 4481906.896999998949468 ], [ 438991.142900000326335, 4481907.966800001449883 ], [ 439064.132500000298023, 4481911.235999999567866 ], [ 439267.14130000025034, 4481920.333699999377131 ], [ 439271.521200000308454, 4481892.333599998615682 ], [ 439274.321100000292063, 4481879.453499999828637 ], [ 439277.671000000089407, 4481864.333399999886751 ], [ 439281.590900000184774, 4481850.343299999833107 ], [ 439287.190799999982119, 4481833.543199999257922 ], [ 439288.590800000354648, 4481830.173100000247359 ], [ 439293.920699999667704, 4481817.302999999374151 ], [ 439295.92059999977937, 4481812.682999999262393 ], [ 439299.500599999970291, 4481804.412900000810623 ], [ 439306.780500000400934, 4481790.982800000347197 ], [ 439316.740299999713898, 4481773.942599999718368 ], [ 439330.8701, 4481752.352399998344481 ], [ 439336.190100000239909, 4481745.462300000712276 ], [ 439340.389999999664724, 4481740.022199998609722 ], [ 439347.169900000095367, 4481731.462100000120699 ], [ 439351.029900000430644, 4481726.581999999471009 ], [ 439367.269700000062585, 4481706.981800000183284 ], [ 439377.259600000455976, 4481696.571599999442697 ], [ 439380.709499999880791, 4481692.981599999591708 ], [ 439403.669300000183284, 4481669.471200000494719 ], [ 439450.14879999961704, 4481621.870500000193715 ], [ 439465.298700000159442, 4481625.220300000160933 ], [ 439483.968399999663234, 4481576.68989999871701 ], [ 439491.998200000263751, 4481555.799799999222159 ], [ 439505.748100000433624, 4481560.289599998854101 ], [ 439507.348100000119302, 4481560.809599998407066 ], [ 439511.917999999597669, 4481547.759500001557171 ], [ 439532.877600000239909, 4481487.919000000692904 ], [ 439538.827600000426173, 4481490.20890000090003 ], [ 439597.446399999840651, 4481318.907600000500679 ], [ 439548.396599999628961, 4481300.578099999576807 ], [ 439496.246799999848008, 4481274.418600000441074 ], [ 439438.387000000104308, 4481245.949100001715124 ], [ 439381.997200000158045, 4481222.209699999541044 ], [ 439377.267199999652803, 4481219.699699998833239 ], [ 439369.337299999839161, 4481215.479699999094009 ], [ 439335.937400000169873, 4481197.730100001208484 ], [ 439305.337500000314321, 4481180.650399999693036 ], [ 439270.447599999606609, 4481156.180600000545382 ], [ 439276.6875, 4481148.610600000247359 ], [ 439283.94649999961257, 4480954.629699998535216 ], [ 439287.986399999819696, 4480933.179500000551343 ], [ 439318.555599999672268, 4480815.708699999377131 ], [ 439348.2648, 4480685.917899999767542 ], [ 439357.184600000269711, 4480649.75760000012815 ], [ 439382.693900000303984, 4480546.437 ], [ 439383.133899999782443, 4480543.85700000077486 ], [ 439385.343799999915063, 4480530.98689999897033 ], [ 439386.183799999824259, 4480526.356800000183284 ], [ 439390.033599999733269, 4480505.15669999923557 ], [ 439396.863400000147521, 4480455.13639999832958 ], [ 439400.693199999630451, 4480422.876299999654293 ], [ 439414.372499999590218, 4480310.975699999369681 ], [ 439429.601800000353251, 4480186.474999998696148 ], [ 439435.871600000187755, 4480153.494800000451505 ], [ 439426.70160000026226, 4480129.044800001196563 ], [ 439328.49239999987185, 4480162.266000000759959 ], [ 439164.413700000441168, 4480217.788000001572073 ], [ 438990.515100000367966, 4480276.6102 ], [ 438958.985299999825656, 4480287.280500000342727 ], [ 438928.865600000193808, 4480297.321000000461936 ], [ 438288.630599999800324, 4480507.838899999856949 ], [ 438243.6508999998332, 4480499.0494 ], [ 438182.681200000457466, 4480488.570000000298023 ], [ 438153.971400000154972, 4480483.630300000309944 ], [ 438086.071800000034273, 4480476.011099999770522 ], [ 438001.2023, 4480473.581999999471009 ], [ 437955.13260000012815, 4480475.592499999329448 ], [ 437929.632799999788404, 4480476.7028 ], [ 437913.922899999655783, 4480477.39299999922514 ], [ 437847.063299999572337, 4480483.283699999563396 ], [ 437829.373499999754131, 4480485.923900000751019 ], [ 437816.923499999626074, 4480487.784099998883903 ], [ 437784.703800000308547, 4480493.344500000588596 ], [ 437749.024000000266824, 4480500.984899998642504 ], [ 437726.514200000092387, 4480505.80519999936223 ], [ 437704.16440000012517, 4480511.925400000996888 ], [ 437638.934899999760091, 4480529.79619999974966 ], [ 437633.735000000393484, 4480542.856300000101328 ], [ 437598.145600000396371, 4480631.597099999897182 ], [ 437596.645600000396371, 4480636.107200000435114 ], [ 437594.395600000338163, 4480639.847200000658631 ], [ 437589.145700000284705, 4480646.597300000488758 ], [ 437586.145700000226498, 4480649.597300000488758 ], [ 437581.645800000056624, 4480652.597400000318885 ], [ 437574.895800000056624, 4480656.347500001080334 ], [ 437568.135900000110269, 4480659.3476 ], [ 437559.885900000110269, 4480661.597699999809265 ], [ 437478.866499999538064, 4480673.608599998988211 ], [ 437410.607800000347197, 4480862.650200000964105 ], [ 437416.607699999643955, 4480864.900100002065301 ], [ 437383.598399999551475, 4480970.670800001360476 ], [ 437376.688500000163913, 4480979.161100000143051 ], [ 437347.619199999608099, 4481098.251900000497699 ], [ 437344.819299999624491, 4481107.752000000327826 ], [ 437336.429399999789894, 4481128.442099998705089 ], [ 437366.009399999864399, 4481168.341999999247491 ], [ 437443.78940000012517, 4481273.251599999144673 ], [ 437453.849299999943469, 4481273.25139999948442 ], [ 437463.359299999661744, 4481275.49129999987781 ], [ 437471.739199999719858, 4481279.391299999319017 ], [ 437477.319199999794364, 4481283.32120000012219 ], [ 437489.079199999570847, 4481298.971200000494719 ], [ 437495.789200000464916, 4481309.611099998466671 ], [ 437509.759200000262354, 4481334.201000000350177 ], [ 437519.099299999885261, 4481350.700999999418855 ], [ 437527.049300000071526, 4481366.610999999567866 ], [ 437536.129300000146031, 4481385.901000000536442 ], [ 437540.079300000332296, 4481394.780999998562038 ], [ 437545.209300000220537, 4481406.330999999307096 ], [ 437551.509399999864399, 4481423.130999999120831 ], [ 437555.429399999848101, 4481433.571000000461936 ], [ 437557.28940000012517, 4481439.140999999828637 ], [ 437562.239400000311434, 4481454.010999999009073 ], [ 437570.17949999962002, 4481481.251000001095235 ], [ 437579.26960000017425, 4481517.581100000999868 ], [ 437584.809700000099838, 4481539.1711 ], [ 437589.469700000248849, 4481557.31110000051558 ], [ 437595.629900000058115, 4481590.051200000569224 ], [ 437600.839900000020862, 4481614.061200000345707 ], [ 437607.639999999664724, 4481644.711300000548363 ], [ 437612.180100000463426, 4481667.421299999579787 ], [ 437614.280100000090897, 4481676.521400001831353 ], [ 437618.990199999883771, 4481696.931399999186397 ], [ 437620.050200000405312, 4481704.311399999074638 ], [ 437623.540300000517163, 4481728.711499999277294 ], [ 437625.81080000003567, 4481841.091899999417365 ], [ 437959.489799999631941, 4482065.709100000560284 ], [ 437982.189600000157952, 4482055.948800000362098 ], [ 438216.607800000347197, 4481955.12569999974221 ], [ 438312.776999999769032, 4481912.0044 ], [ 438319.686900000087917, 4481908.894400000572205 ], [ 438335.696800000034273, 4481905.084199999459088 ], [ 438529.763799999840558, 4481902.5152000002563 ] ] ] } },
{ "type": "Feature", "properties": { "tau": -0.49538466334342957, "two_sided_pval": 0.00042085585300810635, "name": "Fuentelarreina", "classification": "negative trend with prob > 99%" }, "geometry": { "type": "Polygon", "coordinates": [ [ [ 440208.823900000192225, 4481566.621799999848008 ], [ 440211.873800000234041, 4481557.501700000837445 ], [ 440234.123399999924004, 4481487.741099999286234 ], [ 440268.092500000318978, 4481362.580299998633564 ], [ 440310.481399999931455, 4481206.489099998958409 ], [ 440352.850300000049174, 4481034.298000000417233 ], [ 440380.949599999934435, 4480933.247300000861287 ], [ 440423.208499999716878, 4480772.366300000809133 ], [ 440447.667799999879207, 4480679.255599998869002 ], [ 440467.007399999536574, 4480611.135199999436736 ], [ 440472.247299999929965, 4480602.445100001059473 ], [ 440485.68709999974817, 4480580.144899999722838 ], [ 440392.027099999599159, 4480467.175499999895692 ], [ 440391.497100000269711, 4480466.535499999299645 ], [ 440370.567099999636412, 4480441.27559999935329 ], [ 440367.577100000344217, 4480438.055700000375509 ], [ 440343.907100000418723, 4480412.535800000652671 ], [ 440323.017199999594595, 4480396.346 ], [ 440289.587299999780953, 4480379.096300000324845 ], [ 440270.527400000079069, 4480372.746499999426305 ], [ 440266.067400000058115, 4480371.25650000013411 ], [ 440247.767500000074506, 4480367.606700000353158 ], [ 440219.307699999772012, 4480364.277000000700355 ], [ 440040.228699999861419, 4480343.338899999856949 ], [ 440031.588700000196695, 4480342.409 ], [ 439936.539300000295043, 4480332.21000000089407 ], [ 439752.760400000028312, 4480312.392000000923872 ], [ 439717.160600000061095, 4480302.572300000116229 ], [ 439694.970700000412762, 4480293.802500000223517 ], [ 439675.210699999763165, 4480282.822699999436736 ], [ 439671.740699999965727, 4480280.892699998803437 ], [ 439647.490799999795854, 4480261.292899999767542 ], [ 439635.650799999944866, 4480248.813000001013279 ], [ 439628.390800000168383, 4480241.163100000470877 ], [ 439611.360799999907613, 4480215.873199999332428 ], [ 439606.870799999684095, 4480207.283200000412762 ], [ 439599.490799999795854, 4480193.163200000301003 ], [ 439591.230700000189245, 4480169.953199999406934 ], [ 439588.140700000338256, 4480156.523199999704957 ], [ 439584.740600000135601, 4480139.613099999725819 ], [ 439582.46059999987483, 4480128.133099999278784 ], [ 439580.980499999597669, 4480120.6831 ], [ 439580.910500000230968, 4480120.413099999539554 ], [ 439578.850499999709427, 4480110.073100000619888 ], [ 439574.820500000321772, 4480098.72309999819845 ], [ 439573.170400000177324, 4480094.083100000396371 ], [ 439567.50040000025183, 4480076.0131 ], [ 439560.280299999692943, 4480056.413100000470877 ], [ 439553.420300000347197, 4480043.503099999390543 ], [ 439551.500300000479911, 4480039.893100000917912 ], [ 439542.21030000038445, 4480020.793099999427795 ], [ 439538.620299999602139, 4480014.463199999183416 ], [ 439532.740299999713898, 4480004.103199999779463 ], [ 439525.180399999953806, 4480014.063300000503659 ], [ 439512.430499999783933, 4480031.763499999418855 ], [ 439501.870699999853969, 4480046.413699999451637 ], [ 439489.710799999535084, 4480063.2939 ], [ 439469.221099999733269, 4480094.154200001619756 ], [ 439454.581299999728799, 4480111.834499999880791 ], [ 439426.70160000026226, 4480129.044800001196563 ], [ 439435.871600000187755, 4480153.494800000451505 ], [ 439429.601800000353251, 4480186.474999998696148 ], [ 439414.372499999590218, 4480310.975699999369681 ], [ 439400.693199999630451, 4480422.876299999654293 ], [ 439396.863400000147521, 4480455.13639999832958 ], [ 439390.033599999733269, 4480505.15669999923557 ], [ 439386.183799999824259, 4480526.356800000183284 ], [ 439385.343799999915063, 4480530.98689999897033 ], [ 439383.133899999782443, 4480543.85700000077486 ], [ 439382.693900000303984, 4480546.437 ], [ 439357.184600000269711, 4480649.75760000012815 ], [ 439348.2648, 4480685.917899999767542 ], [ 439318.555599999672268, 4480815.708699999377131 ], [ 439287.986399999819696, 4480933.179500000551343 ], [ 439283.94649999961257, 4480954.629699998535216 ], [ 439276.6875, 4481148.610600000247359 ], [ 439270.447599999606609, 4481156.180600000545382 ], [ 439305.337500000314321, 4481180.650399999693036 ], [ 439335.937400000169873, 4481197.730100001208484 ], [ 439369.337299999839161, 4481215.479699999094009 ], [ 439377.267199999652803, 4481219.699699998833239 ], [ 439381.997200000158045, 4481222.209699999541044 ], [ 439438.387000000104308, 4481245.949100001715124 ], [ 439496.246799999848008, 4481274.418600000441074 ], [ 439548.396599999628961, 4481300.578099999576807 ], [ 439597.446399999840651, 4481318.907600000500679 ], [ 439538.827600000426173, 4481490.20890000090003 ], [ 439532.877600000239909, 4481487.919000000692904 ], [ 439511.917999999597669, 4481547.759500001557171 ], [ 439507.348100000119302, 4481560.809599998407066 ], [ 439505.748100000433624, 4481560.289599998854101 ], [ 439491.998200000263751, 4481555.799799999222159 ], [ 439483.968399999663234, 4481576.68989999871701 ], [ 439465.298700000159442, 4481625.220300000160933 ], [ 439472.348700000031386, 4481626.930299998261034 ], [ 439480.738599999807775, 4481628.970199999399483 ], [ 439492.408599999733269, 4481632.120100000873208 ], [ 439502.108500000147615, 4481634.740000000223517 ], [ 439512.928500000329223, 4481637.92989999987185 ], [ 439522.79839999973774, 4481640.839800000190735 ], [ 439532.678399999625981, 4481643.799699999392033 ], [ 439546.538300000189338, 4481647.959500000812113 ], [ 439556.888299999758601, 4481651.559400000609457 ], [ 439562.138299999758601, 4481653.389399998821318 ], [ 439572.648199999704957, 4481657.459300000220537 ], [ 439573.928200000023935, 4481658.00929999910295 ], [ 439579.778199999593198, 4481660.509199999272823 ], [ 439584.828200000280049, 4481663.029100000858307 ], [ 439587.918200000189245, 4481664.579099998809397 ], [ 439601.478099999949336, 4481671.369000000879169 ], [ 439603.628100000380073, 4481672.528999999165535 ], [ 439605.888100000098348, 4481673.739 ], [ 439611.318099999800324, 4481677.128899999894202 ], [ 439620.808000000193715, 4481682.898800000548363 ], [ 439630.648000000044703, 4481688.998699999414384 ], [ 439638.777999999874737, 4481695.448699999600649 ], [ 439642.417999999597669, 4481697.958599999547005 ], [ 439647.608, 4481701.548599998466671 ], [ 439653.237999999895692, 4481706.1985 ], [ 439655.407999999879394, 4481707.998499999754131 ], [ 439807.647699999623001, 4481838.4073 ], [ 439843.6776, 4481862.857000001706183 ], [ 439855.26759999996284, 4481871.4369 ], [ 439865.127600000239909, 4481879.156799999065697 ], [ 439874.997600000351667, 4481887.736800001002848 ], [ 439884.207499999552965, 4481895.616699999198318 ], [ 439920.467199999839067, 4481865.946200001053512 ], [ 439973.386599999852479, 4481819.715399999171495 ], [ 440009.896200000308454, 4481786.254799998365343 ], [ 440029.216000000014901, 4481768.384500001557171 ], [ 440056.585699999704957, 4481743.074100001715124 ], [ 440090.805399999953806, 4481711.423599998466671 ], [ 440115.145100000314415, 4481690.123299999162555 ], [ 440126.695000000239816, 4481680.3931 ], [ 440142.5148, 4481665.792899999767542 ], [ 440155.904699999839067, 4481651.802699998952448 ], [ 440164.414599999785423, 4481641.452600000426173 ], [ 440169.574500000104308, 4481633.952399999834597 ], [ 440171.114500000141561, 4481631.722400001250207 ], [ 440176.584400000050664, 4481624.422299998812377 ], [ 440185.714300000108778, 4481611.042199999094009 ], [ 440192.404199999757111, 4481599.482100000604987 ], [ 440197.274100000038743, 4481590.352 ], [ 440201.524000000208616, 4481583.051899999380112 ], [ 440205.173999999649823, 4481575.141799999400973 ], [ 440208.823900000192225, 4481566.621799999848008 ] ] ] } },
{ "type": "Feature", "properties": { "tau": -0.52615392208099365, "two_sided_pval": 0.00017891667084768414, "name": "Mirasierra", "classification": "negative trend with prob > 99%" }, "geometry": { "type": "Polygon", "coordinates": [ [ [ 441818.420400000177324, 4480893.431199999526143 ], [ 441757.259300000034273, 4480622.91090000141412 ], [ 441754.89919999986887, 4480612.3509 ], [ 441607.640399999916553, 4480644.2226 ], [ 441599.980399999767542, 4480652.53279999922961 ], [ 441589.250599999912083, 4480664.453000000678003 ], [ 441576.730700000189245, 4480673.383099999278784 ], [ 441558.85080000013113, 4480673.983300001360476 ], [ 441529.060999999754131, 4480668.62360000051558 ], [ 441491.511199999658857, 4480659.683999999426305 ], [ 441450.391400000080466, 4480650.74449999909848 ], [ 441427.141499999968801, 4480647.764699999243021 ], [ 441403.311700000427663, 4480650.744999999180436 ], [ 441381.851800000295043, 4480657.295199998654425 ], [ 441361.592000000178814, 4480664.45549999922514 ], [ 441339.542200000025332, 4480672.195800000801682 ], [ 441313.312400000169873, 4480678.756100000813603 ], [ 441291.852500000037253, 4480679.946299999020994 ], [ 441270.402700000442564, 4480679.346599998883903 ], [ 441244.182799999660347, 4480673.986800001002848 ], [ 441216.762900000438094, 4480667.42710000090301 ], [ 441194.123100000433624, 4480662.667300000786781 ], [ 441169.683199999853969, 4480660.277599999681115 ], [ 441142.273400000296533, 4480662.067900000140071 ], [ 441114.263600000180304, 4480665.0482 ], [ 441084.463800000026822, 4480671.608599998988211 ], [ 441055.854000000283122, 4480680.548899999819696 ], [ 441027.844200000166893, 4480687.099300000816584 ], [ 441002.814399999508169, 4480688.889599998481572 ], [ 440986.124499999918044, 4480687.699699999764562 ], [ 440970.604600000195205, 4480684.269899998791516 ], [ 440957.274600000120699, 4480679.679999999701977 ], [ 440943.494699999690056, 4480674.620200000703335 ], [ 440930.624800000339746, 4480670.030300001613796 ], [ 440914.544800000323448, 4480665.430500001646578 ], [ 440896.164900000207126, 4480662.220699998550117 ], [ 440875.94510000012815, 4480661.760899999178946 ], [ 440863.995099999941885, 4480662.221000000834465 ], [ 440848.835199999623001, 4480662.67119999974966 ], [ 440843.465300000272691, 4480663.461200000718236 ], [ 440833.215300000272691, 4480664.971400001086295 ], [ 440818.965400000102818, 4480668.651499999687076 ], [ 440801.965599999763072, 4480675.091700000688434 ], [ 440790.475700000301003, 4480680.141899998299778 ], [ 440772.555900000035763, 4480690.252100000157952 ], [ 440758.765999999828637, 4480697.602299998514354 ], [ 440749.676099999865983, 4480701.672400000505149 ], [ 440745.446100000292063, 4480703.5625 ], [ 440729.366200000047684, 4480707.252699999138713 ], [ 440711.426400000229478, 4480710.922900000587106 ], [ 440702.556400000117719, 4480711.44300000090152 ], [ 440702.496399999596179, 4480711.452999998815358 ], [ 440688.00650000013411, 4480712.3032 ], [ 440664.566700000257697, 4480712.303400000557303 ], [ 440639.746799999848008, 4480708.633699999190867 ], [ 440620.456899999640882, 4480702.653899998404086 ], [ 440606.496899999678135, 4480696.573999999091029 ], [ 440602.536999999545515, 4480694.844000000506639 ], [ 440586.457000000460539, 4480686.1042 ], [ 440573.127000000327826, 4480675.394299999810755 ], [ 440565.316999999806285, 4480669.124299999326468 ], [ 440557.167100000195205, 4480661.444399999454618 ], [ 440549.707100000290666, 4480654.394500001333654 ], [ 440545.157100000418723, 4480649.344499998725951 ], [ 440537.747100000269711, 4480641.084499998949468 ], [ 440524.87710000021616, 4480625.914600000716746 ], [ 440508.84709999995539, 4480607.204700001515448 ], [ 440508.807099999918137, 4480607.154699999839067 ], [ 440485.68709999974817, 4480580.144899999722838 ], [ 440472.247299999929965, 4480602.445100001059473 ], [ 440467.007399999536574, 4480611.135199999436736 ], [ 440447.667799999879207, 4480679.255599998869002 ], [ 440423.208499999716878, 4480772.366300000809133 ], [ 440380.949599999934435, 4480933.247300000861287 ], [ 440352.850300000049174, 4481034.298000000417233 ], [ 440310.481399999931455, 4481206.489099998958409 ], [ 440268.092500000318978, 4481362.580299998633564 ], [ 440234.123399999924004, 4481487.741099999286234 ], [ 440211.873800000234041, 4481557.501700000837445 ], [ 440208.823900000192225, 4481566.621799999848008 ], [ 440205.173999999649823, 4481575.141799999400973 ], [ 440201.524000000208616, 4481583.051899999380112 ], [ 440197.274100000038743, 4481590.352 ], [ 440192.404199999757111, 4481599.482100000604987 ], [ 440185.714300000108778, 4481611.042199999094009 ], [ 440176.584400000050664, 4481624.422299998812377 ], [ 440171.114500000141561, 4481631.722400001250207 ], [ 440169.574500000104308, 4481633.952399999834597 ], [ 440164.414599999785423, 4481641.452600000426173 ], [ 440155.904699999839067, 4481651.802699998952448 ], [ 440142.5148, 4481665.792899999767542 ], [ 440126.695000000239816, 4481680.3931 ], [ 440115.145100000314415, 4481690.123299999162555 ], [ 440090.805399999953806, 4481711.423599998466671 ], [ 440056.585699999704957, 4481743.074100001715124 ], [ 440029.216000000014901, 4481768.384500001557171 ], [ 440009.896200000308454, 4481786.254799998365343 ], [ 439973.386599999852479, 4481819.715399999171495 ], [ 439920.467199999839067, 4481865.946200001053512 ], [ 439884.207499999552965, 4481895.616699999198318 ], [ 439916.407499999681022, 4481927.096400000154972 ], [ 439935.117499999701977, 4481948.576299999840558 ], [ 439939.277499999850988, 4481953.436300000175834 ], [ 439948.977500000037253, 4481961.7462 ], [ 439960.067499999888241, 4481971.4561 ], [ 439971.847400000318885, 4481980.466 ], [ 439982.937400000228081, 4481988.78590000141412 ], [ 439996.807400000281632, 4481998.48579999897629 ], [ 440021.057300000451505, 4482012.34559999871999 ], [ 440048.787200000137091, 4482024.815300000831485 ], [ 440276.806300000287592, 4482109.373099998570979 ], [ 440313.556200000457466, 4482123.732699999585748 ], [ 440321.166100000031292, 4482126.702599999494851 ], [ 440371.765900000056718, 4482146.102099999785423 ], [ 440389.785899999551475, 4482154.421999999321997 ], [ 440405.025799999944866, 4482162.741800002753735 ], [ 440431.365699999965727, 4482178.681599999777973 ], [ 440446.62569999974221, 4482189.771500000730157 ], [ 440470.87569999974221, 4482210.561299999244511 ], [ 440508.99560000008205, 4482242.441000000573695 ], [ 440521.855600000359118, 4482252.650900000706315 ], [ 440536.195600000210106, 4482264.8607 ], [ 440546.285600000119302, 4482272.830700001679361 ], [ 440562.215499999932945, 4482282.910499999299645 ], [ 440577.615500000305474, 4482291.940400000661612 ], [ 440597.265399999974761, 4482302.550199999473989 ], [ 440777.726400000043213, 4482371.159900000318885 ], [ 440825.961400000378489, 4482388.804999998770654 ], [ 440838.495900000445545, 4482321.343499999493361 ], [ 440848.354399999603629, 4482280.656300001777709 ], [ 440857.117499999701977, 4482248.419399999082088 ], [ 440865.411199999973178, 4482223.380999999120831 ], [ 440877.304100000299513, 4482192.709000000730157 ], [ 440887.94510000012815, 4482169.705 ], [ 440899.838100000284612, 4482145.1360999988392 ], [ 440917.833999999798834, 4482115.715900001116097 ], [ 440927.830599999986589, 4482100.746400001458824 ], [ 440960.554800000041723, 4482057.971000000834465 ], [ 440990.287200000137091, 4482025.264399998821318 ], [ 441030.660799999779556, 4481987.863099998794496 ], [ 441072.230800000019372, 4481958.033500000834465 ], [ 441088.940600000321865, 4481946.703299999237061 ], [ 441110.740399999544024, 4481933.123000000603497 ], [ 441143.240100000111852, 4481915.952600001357496 ], [ 441168.689899999648333, 4481902.512199999764562 ], [ 441203.489599999971688, 4481884.571699999272823 ], [ 441220.219499999599066, 4481875.82149999961257 ], [ 441242.119300000369549, 4481864.361300000920892 ], [ 441252.0992, 4481859.081099999137223 ], [ 441281.538900000043213, 4481843.520700000226498 ], [ 441303.688699999824166, 4481832.070400000549853 ], [ 441367.888100000098348, 4481798.279599999077618 ], [ 441406.927799999713898, 4481777.259099998511374 ], [ 441449.167399999685585, 4481754.548499999567866 ], [ 441475.797199999913573, 4481740.168199999257922 ], [ 441517.68680000025779, 4481717.557600000873208 ], [ 441521.466799999587238, 4481715.497600002214313 ], [ 441529.636699999740813, 4481711.037399999797344 ], [ 441567.616399999707937, 4481690.346899998374283 ], [ 441586.806200000457466, 4481680.226600000634789 ], [ 441655.33559999987483, 4481644.095699998550117 ], [ 441739.184899999760091, 4481613.754700000397861 ], [ 441819.334300000220537, 4481588.973700001835823 ], [ 441852.373999999836087, 4481577.153300000354648 ], [ 441874.333800000138581, 4481565.882999999448657 ], [ 441892.163599999621511, 4481552.182800000533462 ], [ 441910.373399999924004, 4481533.222500000149012 ], [ 441922.473199999949429, 4481514.762299998663366 ], [ 441928.843100000172853, 4481498.84220000077039 ], [ 441932.192999999970198, 4481480.622099999338388 ], [ 441933.053000000305474, 4481475.982100000604987 ], [ 441934.642799999564886, 4481448.461899998597801 ], [ 441931.91260000038892, 4481419.001900000497699 ], [ 441928.934600000269711, 4481397.412800000980496 ], [ 441918.743499999807682, 4481344.517200000584126 ], [ 441913.212199999950826, 4481318.361699999310076 ], [ 441887.082799999974668, 4481215.28999999910593 ], [ 441818.420400000177324, 4480893.431199999526143 ] ] ] } },
{ "type": "Feature", "properties": { "tau": -0.52000004053115845, "two_sided_pval": 0.00021308124996721745, "name": "Valverde", "classification": "negative trend with prob > 99%" }, "geometry": { "type": "Polygon", "coordinates": [ [ [ 444203.866200000047684, 4484758.284699999727309 ], [ 444264.175900000147521, 4484734.723799998871982 ], [ 444287.334300000220537, 4484763.24100000038743 ], [ 444287.286000000312924, 4484763.113600000739098 ], [ 444275.395800000114832, 4484735.363600000739098 ], [ 444265.495699999912176, 4484709.043700000271201 ], [ 444257.975499999709427, 4484685.663699999451637 ], [ 444252.985399999655783, 4484668.9836 ], [ 444247.515300000086427, 4484647.963599999435246 ], [ 444241.705099999904633, 4484622.213599999435246 ], [ 444238.674999999813735, 4484606.433599998243153 ], [ 444234.924800000153482, 4484583.463499999605119 ], [ 444232.544700000435114, 4484563.923399998806417 ], [ 444230.424599999561906, 4484545.853399999439716 ], [ 444228.9545, 4484528.033299998380244 ], [ 444227.644299999810755, 4484512.333299999125302 ], [ 444227.414300000295043, 4484503.723199999891222 ], [ 444227.234199999831617, 4484497.05320000089705 ], [ 444226.664099999703467, 4484475.793099998496473 ], [ 444226.253999999724329, 4484460.013099999167025 ], [ 444226.613800000399351, 4484435.183000000193715 ], [ 444226.613599999807775, 4484415.3429000005126 ], [ 444227.173499999626074, 4484393.632800000719726 ], [ 444227.923299999907613, 4484371.562599998898804 ], [ 444228.843100000172853, 4484350.5625 ], [ 444230.13300000037998, 4484324.622400001622736 ], [ 444231.072800000198185, 4484303.262299999594688 ], [ 444232.012600000016391, 4484284.012199998833239 ], [ 444233.772300000302494, 4484238.711999998427927 ], [ 444235.642, 4484193.641699999570847 ], [ 444236.461600000038743, 4484149.421499999240041 ], [ 444236.701299999840558, 4484109.381400000303984 ], [ 444235.641099999658763, 4484072.541200001724064 ], [ 444232.940899999812245, 4484041.891099999658763 ], [ 444229.060700000263751, 4484013.021000000648201 ], [ 444220.9704, 4483974.061000000685453 ], [ 444215.340300000272691, 4483951.290899998508394 ], [ 444209.240100000053644, 4483931.340900000184774 ], [ 444201.019999999552965, 4483908.690900000743568 ], [ 444193.859899999573827, 4483890.261 ], [ 444185.759800000116229, 4483870.781000000424683 ], [ 444177.779699999839067, 4483853.290999998338521 ], [ 444168.629499999806285, 4483834.981000000610948 ], [ 444153.249400000087917, 4483806.701099998317659 ], [ 444145.269299999810755, 4483792.61119999922812 ], [ 444113.489000000059605, 4483739.801400000229478 ], [ 444072.78870000038296, 4483676.21159999910742 ], [ 444041.549200000241399, 4483627.831599998287857 ], [ 443984.718000000342727, 4483542.032199999317527 ], [ 443946.55769999983022, 4483485.27250000089407 ], [ 443924.777499999850988, 4483453.952599999494851 ], [ 443882.8273, 4483395.6129 ], [ 443829.866999999561813, 4483331.063300000503659 ], [ 443780.426799999549985, 4483276.2138 ], [ 443724.786600000225008, 4483216.914300001226366 ], [ 443660.866499999538064, 4483148.715000000782311 ], [ 443562.936200000345707, 4483046.4958999985829 ], [ 443521.136099999770522, 4483003.246300000697374 ], [ 443479.566499999724329, 4482960.426300001330674 ], [ 443468.665900000312831, 4482949.196799998171628 ], [ 443428.905799999833107, 4482908.697200000286102 ], [ 443402.205799999646842, 4482881.47749999910593 ], [ 443347.045599999837577, 4482825.667999999597669 ], [ 443286.635499999858439, 4482764.658600000664592 ], [ 443220.55530000012368, 4482696.449300000444055 ], [ 443205.805300000181887, 4482681.699400001205504 ], [ 443181.695199999958277, 4482655.609600001014769 ], [ 443166.615199999883771, 4482639.059800000861287 ], [ 443137.92509999970207, 4482605.120000000111759 ], [ 443121.035000000149012, 4482582.6502 ], [ 443099.064899999648333, 4482551.670400000177324 ], [ 443082.664800000376999, 4482525.580500000156462 ], [ 443067.744699999690056, 4482500.180600000545382 ], [ 443054.464599999599159, 4482475.260700000450015 ], [ 443041.834499999880791, 4482448.870799999684095 ], [ 443031.994400000199676, 4482425.740800001658499 ], [ 443020.8443, 4482397.210899998433888 ], [ 443010.844200000108685, 4482369.660899999551475 ], [ 442999.043999999761581, 4482332.120899999514222 ], [ 442989.693799999542534, 4482297.520900000818074 ], [ 442982.043700000271201, 4482266.280899998731911 ], [ 442978.383600000292063, 4482250.950899999588728 ], [ 442973.463499999605119, 4482225.050900000147521 ], [ 442965.5932, 4482181.760800000280142 ], [ 442958.372999999672174, 4482133.720800000242889 ], [ 442951.492700000293553, 4482076.0006 ], [ 442948.8125, 4482051.890599999576807 ], [ 442944.022300000302494, 4482000.250499999150634 ], [ 442934.011599999852479, 4481874.700200000777841 ], [ 442931.47140000021318, 4481835.2801 ], [ 442925.3909, 4481757.6699 ], [ 442921.300599999725819, 4481702.709699998609722 ], [ 442835.92090000025928, 4481699.830900000408292 ], [ 442795.301099999807775, 4481698.701400001533329 ], [ 442713.221300000324845, 4481697.012499999254942 ], [ 442675.291500000283122, 4481695.523000002838671 ], [ 442651.871500000357628, 4481694.623299998231232 ], [ 442597.011699999740813, 4481691.934000000357628 ], [ 442592.20170000003418, 4481691.643999999389052 ], [ 442587.791799999773502, 4481691.374099999666214 ], [ 442555.4019, 4481689.394600000232458 ], [ 442536.361899999901652, 4481687.754799999296665 ], [ 442534.10190000012517, 4481687.564899999648333 ], [ 442521.74199999962002, 4481686.16499999910593 ], [ 442511.542000000365078, 4481685.025100000202656 ], [ 442506.731999999843538, 4481684.325200000777841 ], [ 442492.222000000125263, 4481682.20539999846369 ], [ 442478.882100000046194, 4481679.775599998421967 ], [ 442452.162100000365172, 4481674.865899999625981 ], [ 442421.422199999913573, 4481667.81629999820143 ], [ 442361.192300000227988, 4481650.756999997422099 ], [ 442347.572300000116229, 4481646.657199999317527 ], [ 442326.502399999648333, 4481640.317499999888241 ], [ 442298.882399999536574, 4481630.727799999527633 ], [ 442286.732499999925494, 4481626.497899998910725 ], [ 442268.462500000372529, 4481619.93819999974221 ], [ 442245.422500000335276, 4481611.688400000333786 ], [ 442204.432599999941885, 4481596.93889999948442 ], [ 442183.492600000463426, 4481589.409199999645352 ], [ 442083.6727, 4481545.260399998165667 ], [ 442058.882699999958277, 4481535.0307 ], [ 442031.532800000160933, 4481525.710999999195337 ], [ 442005.082799999974668, 4481518.51129999756813 ], [ 441981.952899999916553, 4481514.081600000150502 ], [ 441965.832999999634922, 4481513.121799999848008 ], [ 441956.593000000342727, 4481512.581899999640882 ], [ 441953.063000000081956, 4481512.371999998576939 ], [ 441933.56319999974221, 4481513.892199999652803 ], [ 441922.473199999949429, 4481514.762299998663366 ], [ 441910.373399999924004, 4481533.222500000149012 ], [ 441892.163599999621511, 4481552.182800000533462 ], [ 441874.333800000138581, 4481565.882999999448657 ], [ 441852.373999999836087, 4481577.153300000354648 ], [ 441819.334300000220537, 4481588.973700001835823 ], [ 441739.184899999760091, 4481613.754700000397861 ], [ 441655.33559999987483, 4481644.095699998550117 ], [ 441586.806200000457466, 4481680.226600000634789 ], [ 441567.616399999707937, 4481690.346899998374283 ], [ 441529.636699999740813, 4481711.037399999797344 ], [ 441521.466799999587238, 4481715.497600002214313 ], [ 441517.68680000025779, 4481717.557600000873208 ], [ 441475.797199999913573, 4481740.168199999257922 ], [ 441449.167399999685585, 4481754.548499999567866 ], [ 441406.927799999713898, 4481777.259099998511374 ], [ 441367.888100000098348, 4481798.279599999077618 ], [ 441303.688699999824166, 4481832.070400000549853 ], [ 441281.538900000043213, 4481843.520700000226498 ], [ 441252.0992, 4481859.081099999137223 ], [ 441242.119300000369549, 4481864.361300000920892 ], [ 441220.219499999599066, 4481875.82149999961257 ], [ 441203.489599999971688, 4481884.571699999272823 ], [ 441168.689899999648333, 4481902.512199999764562 ], [ 441143.240100000111852, 4481915.952600001357496 ], [ 441110.740399999544024, 4481933.123000000603497 ], [ 441088.940600000321865, 4481946.703299999237061 ], [ 441072.230800000019372, 4481958.033500000834465 ], [ 441030.660799999779556, 4481987.863099998794496 ], [ 440990.287200000137091, 4482025.264399998821318 ], [ 440960.554800000041723, 4482057.971000000834465 ], [ 440927.830599999986589, 4482100.746400001458824 ], [ 440917.833999999798834, 4482115.715900001116097 ], [ 440899.838100000284612, 4482145.1360999988392 ], [ 440887.94510000012815, 4482169.705 ], [ 440877.304100000299513, 4482192.709000000730157 ], [ 440865.411199999973178, 4482223.380999999120831 ], [ 440857.117499999701977, 4482248.419399999082088 ], [ 440848.354399999603629, 4482280.656300001777709 ], [ 440838.495900000445545, 4482321.343499999493361 ], [ 440825.961400000378489, 4482388.804999998770654 ], [ 440814.549300000013318, 4482472.643699999898672 ], [ 440809.372100000327919, 4482515.421699999831617 ], [ 440801.859199999831617, 4482578.4079 ], [ 440797.727099999785423, 4482602.325099999085069 ], [ 440792.593200000061188, 4482624.238800000399351 ], [ 440783.82799999974668, 4482653.03969999961555 ], [ 440775.188000000081956, 4482675.579500001855195 ], [ 440763.217199999897275, 4482701.85190000012517 ], [ 440746.513000000268221, 4482731.803999999538064 ], [ 440727.354500000365078, 4482761.481500000692904 ], [ 440694.296799999661744, 4482809.441499999724329 ], [ 440675.889700000174344, 4482835.738099999725819 ], [ 440656.856399999989662, 4482863.53730000089854 ], [ 440644.960699999704957, 4482883.823200000450015 ], [ 440631.43709999974817, 4482912.624099999666214 ], [ 440622.5466, 4482935.16399999987334 ], [ 440616.168800000101328, 4482955.404600000940263 ], [ 440612.529299999587238, 4482969.850299999117851 ], [ 440608.522300000302494, 4482990.010800000280142 ], [ 440605.520600000396371, 4483015.068899999372661 ], [ 440603.744599999859929, 4483045.38230000063777 ], [ 440604.218299999833107, 4483069.301500000990927 ], [ 440607.297100000083447, 4483094.64159999974072 ], [ 440611.204800000414252, 4483117.731799999251962 ], [ 440618.428000000305474, 4483145.558499999344349 ], [ 440626.598500000312924, 4483170.424900000914931 ], [ 440639.218100000231061, 4483199.440800000913441 ], [ 440654.300200000405312, 4483228.964100000448525 ], [ 440671.139200000092387, 4483260.845799999311566 ], [ 440690.672399999632034, 4483295.421699999831617 ], [ 440710.879200000315905, 4483325.058099999092519 ], [ 440730.636900000274181, 4483349.081599999219179 ], [ 440749.047600000165403, 4483369.288200000301003 ], [ 440785.868700000457466, 4483401.394200000911951 ], [ 440817.590200000442564, 4483427.3918999992311 ], [ 440848.509700000286102, 4483452.584100000560284 ], [ 440883.983799999579787, 4483485.139099999330938 ], [ 440910.70160000026226, 4483512.530300000682473 ], [ 440927.989600000029895, 4483533.185999999754131 ], [ 440947.747399999760091, 4483559.903699999675155 ], [ 440981.425499999895692, 4483609.297800001688302 ], [ 441010.347799999639392, 4483655.6234 ], [ 441210.291699999943376, 4483961.269799999892712 ], [ 441316.402300000190735, 4484125.399299998767674 ], [ 441331.621600000187755, 4484148.847500000149012 ], [ 441345.53249999973923, 4484170.279100000858307 ], [ 441445.13300000037998, 4484323.648600000888109 ], [ 441472.683199999853969, 4484364.91850000154227 ], [ 441500.803299999795854, 4484406.118400000967085 ], [ 441545.723500000312924, 4484471.9181999983266 ], [ 441552.783499999903142, 4484480.278100000694394 ], [ 441567.493599999696016, 4484497.658000000752509 ], [ 441570.533599999733269, 4484501.257999999448657 ], [ 441583.083599999547005, 4484516.097899999469519 ], [ 441628.973699999973178, 4484556.867599999532104 ], [ 441630.963700000196695, 4484558.437599998898804 ], [ 441660.423700000159442, 4484581.767300000414252 ], [ 441669.743700000457466, 4484589.137299999594688 ], [ 441702.963700000196695, 4484609.746999998576939 ], [ 441794.712299999780953, 4484667.2039 ], [ 441850.566999999806285, 4484648.993599999696016 ], [ 441859.940100000239909, 4484646.733899998478591 ], [ 441868.225300000049174, 4484645.478399998508394 ], [ 441877.765800000168383, 4484645.394599999301136 ], [ 441885.799899999983609, 4484645.980399999767542 ], [ 441893.415599999949336, 4484647.57039999961853 ], [ 441901.61710000038147, 4484650.332000000402331 ], [ 441910.739199999719858, 4484655.35329999960959 ], [ 441921.200299999676645, 4484662.550499998964369 ], [ 441985.683000000193715, 4484731.814300000667572 ], [ 442028.599600000365172, 4484776.988399999216199 ], [ 442045.123300000152085, 4484792.973800000734627 ], [ 442057.753299999982119, 4484804.543600000441074 ], [ 442076.753100000321865, 4484818.105100000277162 ], [ 442097.201799999922514, 4484830.418099999427795 ], [ 442119.409500000067055, 4484840.532199998386204 ], [ 442161.332799999974668, 4484856.17259999923408 ], [ 442196.68850000022212, 4484866.839199999347329 ], [ 442475.189299999736249, 4484950.128199999220669 ], [ 442569.069099999964237, 4484983.967499998398125 ], [ 442591.629300000146031, 4484991.244699999690056 ], [ 442760.831199999840464, 4485042.185199999250472 ], [ 442783.937300000339746, 4485051.099900000728667 ], [ 442800.493599999696016, 4485058.559099999256432 ], [ 442818.14159999974072, 4485067.291900000534952 ], [ 442846.705799999646842, 4485083.665999999269843 ], [ 442940.767699999792967, 4485137.154699999839067 ], [ 443123.115399999544024, 4485241.873099998570979 ], [ 443224.12540000025183, 4485293.267699998803437 ], [ 443263.497499999590218, 4485312.201899999752641 ], [ 443297.459699999541044, 4485330.535099999047816 ], [ 443330.820899999700487, 4485352.474899998866022 ], [ 443362.979799999913666, 4485376.5186 ], [ 443384.920099999755621, 4485394.551400000229478 ], [ 443413.472400000318885, 4485420.097899999469519 ], [ 443446.501000000163913, 4485451.406199998222291 ], [ 443492.911399999633431, 4485494.264199999161065 ], [ 443532.691800000146031, 4485527.414000000804663 ], [ 443554.949900000356138, 4485543.988900000229478 ], [ 443581.706899999640882, 4485561.27409999910742 ], [ 443616.277800000272691, 4485579.506299999542534 ], [ 443745.563699999824166, 4485639.175200000405312 ], [ 443808.312300000339746, 4485668.2994 ], [ 443848.964200000278652, 4485689.433600000105798 ], [ 443965.511500000022352, 4485381.430699999444187 ], [ 444158.057900000421796, 4484972.246299999766052 ], [ 444160.635499999858439, 4484960.206599999219179 ], [ 444203.866200000047684, 4484758.284699999727309 ] ] ] } },
{ "type": "Feature", "properties": { "tau": -0.53846156597137451, "two_sided_pval": 0.00012544690980575979, "name": "El Goloso", "classification": "negative trend with prob > 99%" }, "geometry": { "type": "Polygon", "coordinates": [ [ [ 438443.634200000204146, 4484411.503200000151992 ], [ 438481.72719999961555, 4484366.418199999257922 ], [ 438492.712799999862909, 4484354.71889999974519 ], [ 438499.560999999754131, 4484349.1546 ], [ 438606.135900000110269, 4484266.54590000025928 ], [ 438615.837500000372529, 4484260.410900000482798 ], [ 438625.111100000329316, 4484255.559899999760091 ], [ 438635.668700000271201, 4484252.278300002217293 ], [ 438647.510399999970105, 4484250.566099998541176 ], [ 438710.143000000156462, 4484243.431799999438226 ], [ 438736.822599999606609, 4484239.579299999400973 ], [ 438762.931400000117719, 4484233.444099999032915 ], [ 438830.256299999542534, 4484214.838199998252094 ], [ 438856.951500000432134, 4484206.905899999663234 ], [ 438883.488300000317395, 4484199.201299999840558 ], [ 438901.322200000286102, 4484191.924799998290837 ], [ 438921.010800000280142, 4484181.652100001461804 ], [ 438954.68099999986589, 4484159.965500000864267 ], [ 439003.189000000245869, 4484125.010099999606609 ], [ 439073.668300000019372, 4484078.355399998836219 ], [ 439152.565200000070035, 4484034.2686 ], [ 439200.502600000239909, 4484008.872300000861287 ], [ 439243.018500000238419, 4483988.184299998916686 ], [ 439378.543600000441074, 4483931.515799998305738 ], [ 439406.5565, 4483918.715700000524521 ], [ 439427.1091, 4483908.329300000332296 ], [ 439459.969600000418723, 4483892.149800000712276 ], [ 439489.380599999800324, 4483876.869199999608099 ], [ 439518.242600000463426, 4483866.564300000667572 ], [ 439530.120199999772012, 4483863.078600001521409 ], [ 439572.459999999962747, 4483857.298100000247359 ], [ 439615.306599999777973, 4483865.279899999499321 ], [ 439655.209699999541044, 4483892.26729999948293 ], [ 439677.964200000278652, 4483903.135099999606609 ], [ 439701.950299999676645, 4483910.80390000063926 ], [ 439723.488800000399351, 4483914.393400000408292 ], [ 439743.395499999634922, 4483916.514400000683963 ], [ 439765.912999999709427, 4483915.698300001211464 ], [ 439868.710199999564793, 4483907.538499999791384 ], [ 440106.987999999895692, 4483888.539599999785423 ], [ 440108.33530000038445, 4483888.439400000497699 ], [ 440289.517900000326335, 4483874.966299998573959 ], [ 440290.006199999712408, 4483874.929999998770654 ], [ 440478.584999999962747, 4483859.207700000144541 ], [ 440575.164499999955297, 4483852.476600001566112 ], [ 440647.01410000026226, 4483852.155799999833107 ], [ 440699.623800000175834, 4483855.365199999883771 ], [ 440766.023500000068452, 4483869.79450000077486 ], [ 440837.41330000013113, 4483897.713700000196695 ], [ 440885.451299999840558, 4483785.824799998663366 ], [ 440886.302299999631941, 4483783.842700001783669 ], [ 440908.801900000311434, 4483750.93229999858886 ], [ 440939.391499999910593, 4483719.833599998615682 ], [ 441010.347799999639392, 4483655.6234 ], [ 440981.425499999895692, 4483609.297800001688302 ], [ 440947.747399999760091, 4483559.903699999675155 ], [ 440927.989600000029895, 4483533.185999999754131 ], [ 440910.70160000026226, 4483512.530300000682473 ], [ 440883.983799999579787, 4483485.139099999330938 ], [ 440848.509700000286102, 4483452.584100000560284 ], [ 440817.590200000442564, 4483427.3918999992311 ], [ 440785.868700000457466, 4483401.394200000911951 ], [ 440749.047600000165403, 4483369.288200000301003 ], [ 440730.636900000274181, 4483349.081599999219179 ], [ 440710.879200000315905, 4483325.058099999092519 ], [ 440690.672399999632034, 4483295.421699999831617 ], [ 440671.139200000092387, 4483260.845799999311566 ], [ 440654.300200000405312, 4483228.964100000448525 ], [ 440639.218100000231061, 4483199.440800000913441 ], [ 440626.598500000312924, 4483170.424900000914931 ], [ 440618.428000000305474, 4483145.558499999344349 ], [ 440611.204800000414252, 4483117.731799999251962 ], [ 440607.297100000083447, 4483094.64159999974072 ], [ 440604.218299999833107, 4483069.301500000990927 ], [ 440603.744599999859929, 4483045.38230000063777 ], [ 440605.520600000396371, 4483015.068899999372661 ], [ 440608.522300000302494, 4482990.010800000280142 ], [ 440612.529299999587238, 4482969.850299999117851 ], [ 440616.168800000101328, 4482955.404600000940263 ], [ 440622.5466, 4482935.16399999987334 ], [ 440631.43709999974817, 4482912.624099999666214 ], [ 440644.960699999704957, 4482883.823200000450015 ], [ 440656.856399999989662, 4482863.53730000089854 ], [ 440675.889700000174344, 4482835.738099999725819 ], [ 440694.296799999661744, 4482809.441499999724329 ], [ 440727.354500000365078, 4482761.481500000692904 ], [ 440746.513000000268221, 4482731.803999999538064 ], [ 440763.217199999897275, 4482701.85190000012517 ], [ 440775.188000000081956, 4482675.579500001855195 ], [ 440783.82799999974668, 4482653.03969999961555 ], [ 440792.593200000061188, 4482624.238800000399351 ], [ 440797.727099999785423, 4482602.325099999085069 ], [ 440801.859199999831617, 4482578.4079 ], [ 440809.372100000327919, 4482515.421699999831617 ], [ 440814.549300000013318, 4482472.643699999898672 ], [ 440825.961400000378489, 4482388.804999998770654 ], [ 440777.726400000043213, 4482371.159900000318885 ], [ 440597.265399999974761, 4482302.550199999473989 ], [ 440577.615500000305474, 4482291.940400000661612 ], [ 440562.215499999932945, 4482282.910499999299645 ], [ 440546.285600000119302, 4482272.830700001679361 ], [ 440536.195600000210106, 4482264.8607 ], [ 440521.855600000359118, 4482252.650900000706315 ], [ 440508.99560000008205, 4482242.441000000573695 ], [ 440470.87569999974221, 4482210.561299999244511 ], [ 440446.62569999974221, 4482189.771500000730157 ], [ 440431.365699999965727, 4482178.681599999777973 ], [ 440405.025799999944866, 4482162.741800002753735 ], [ 440389.785899999551475, 4482154.421999999321997 ], [ 440371.765900000056718, 4482146.102099999785423 ], [ 440321.166100000031292, 4482126.702599999494851 ], [ 440313.556200000457466, 4482123.732699999585748 ], [ 440276.806300000287592, 4482109.373099998570979 ], [ 440048.787200000137091, 4482024.815300000831485 ], [ 440021.057300000451505, 4482012.34559999871999 ], [ 439996.807400000281632, 4481998.48579999897629 ], [ 439982.937400000228081, 4481988.78590000141412 ], [ 439971.847400000318885, 4481980.466 ], [ 439960.067499999888241, 4481971.4561 ], [ 439948.977500000037253, 4481961.7462 ], [ 439939.277499999850988, 4481953.436300000175834 ], [ 439935.117499999701977, 4481948.576299999840558 ], [ 439916.407499999681022, 4481927.096400000154972 ], [ 439884.207499999552965, 4481895.616699999198318 ], [ 439874.997600000351667, 4481887.736800001002848 ], [ 439865.127600000239909, 4481879.156799999065697 ], [ 439855.26759999996284, 4481871.4369 ], [ 439843.6776, 4481862.857000001706183 ], [ 439807.647699999623001, 4481838.4073 ], [ 439655.407999999879394, 4481707.998499999754131 ], [ 439653.237999999895692, 4481706.1985 ], [ 439647.608, 4481701.548599998466671 ], [ 439642.417999999597669, 4481697.958599999547005 ], [ 439638.777999999874737, 4481695.448699999600649 ], [ 439630.648000000044703, 4481688.998699999414384 ], [ 439620.808000000193715, 4481682.898800000548363 ], [ 439611.318099999800324, 4481677.128899999894202 ], [ 439605.888100000098348, 4481673.739 ], [ 439603.628100000380073, 4481672.528999999165535 ], [ 439601.478099999949336, 4481671.369000000879169 ], [ 439587.918200000189245, 4481664.579099998809397 ], [ 439584.828200000280049, 4481663.029100000858307 ], [ 439579.778199999593198, 4481660.509199999272823 ], [ 439573.928200000023935, 4481658.00929999910295 ], [ 439572.648199999704957, 4481657.459300000220537 ], [ 439562.138299999758601, 4481653.389399998821318 ], [ 439556.888299999758601, 4481651.559400000609457 ], [ 439546.538300000189338, 4481647.959500000812113 ], [ 439532.678399999625981, 4481643.799699999392033 ], [ 439522.79839999973774, 4481640.839800000190735 ], [ 439512.928500000329223, 4481637.92989999987185 ], [ 439502.108500000147615, 4481634.740000000223517 ], [ 439492.408599999733269, 4481632.120100000873208 ], [ 439480.738599999807775, 4481628.970199999399483 ], [ 439472.348700000031386, 4481626.930299998261034 ], [ 439465.298700000159442, 4481625.220300000160933 ], [ 439450.14879999961704, 4481621.870500000193715 ], [ 439403.669300000183284, 4481669.471200000494719 ], [ 439380.709499999880791, 4481692.981599999591708 ], [ 439377.259600000455976, 4481696.571599999442697 ], [ 439367.269700000062585, 4481706.981800000183284 ], [ 439351.029900000430644, 4481726.581999999471009 ], [ 439347.169900000095367, 4481731.462100000120699 ], [ 439340.389999999664724, 4481740.022199998609722 ], [ 439336.190100000239909, 4481745.462300000712276 ], [ 439330.8701, 4481752.352399998344481 ], [ 439316.740299999713898, 4481773.942599999718368 ], [ 439306.780500000400934, 4481790.982800000347197 ], [ 439299.500599999970291, 4481804.412900000810623 ], [ 439295.92059999977937, 4481812.682999999262393 ], [ 439293.920699999667704, 4481817.302999999374151 ], [ 439288.590800000354648, 4481830.173100000247359 ], [ 439287.190799999982119, 4481833.543199999257922 ], [ 439281.590900000184774, 4481850.343299999833107 ], [ 439277.671000000089407, 4481864.333399999886751 ], [ 439274.321100000292063, 4481879.453499999828637 ], [ 439271.521200000308454, 4481892.333599998615682 ], [ 439267.14130000025034, 4481920.333699999377131 ], [ 439064.132500000298023, 4481911.235999999567866 ], [ 438991.142900000326335, 4481907.966800001449883 ], [ 438967.163099999539554, 4481906.896999998949468 ], [ 438748.784300000406802, 4481899.619400000199676 ], [ 438529.763799999840558, 4481902.5152000002563 ], [ 438335.696800000034273, 4481905.084199999459088 ], [ 438319.686900000087917, 4481908.894400000572205 ], [ 438312.776999999769032, 4481912.0044 ], [ 438216.607800000347197, 4481955.12569999974221 ], [ 437982.189600000157952, 4482055.948800000362098 ], [ 437959.489799999631941, 4482065.709100000560284 ], [ 437950.719899999967311, 4482063.759199999272823 ], [ 437941.079900000244379, 4482062.789300000295043 ], [ 437934.329900000244379, 4482062.789400001056492 ], [ 437928.080000000074506, 4482065.199500000104308 ], [ 437925.190000000409782, 4482068.589500000700355 ], [ 437918.460099999792874, 4482075.789599999785423 ], [ 437915.080099999904633, 4482079.179700000211596 ], [ 437909.147099999710917, 4482086.923100000247359 ], [ 437908.820199999958277, 4482087.349799999035895 ], [ 437899.680300000181887, 4482096.019899998791516 ], [ 437891.980399999767542, 4482102.269999999552965 ], [ 437877.060499999672174, 4482110.94019999820739 ], [ 437852.99069999990752, 4482122.970499999821186 ], [ 437831.330900000408292, 4482137.42090000025928 ], [ 437808.701100000180304, 4482154.511199998669326 ], [ 437773.691399999894202, 4482169.681600000709295 ], [ 437755.001600000075996, 4482187.201899999752641 ], [ 437735.161799999885261, 4482223.3723 ], [ 437716.472099999897182, 4482250.242600000463426 ], [ 437703.642199999711011, 4482261.922799999825656 ], [ 437683.792399999685585, 4482272.403100001625717 ], [ 437658.112599999643862, 4482288.763499998487532 ], [ 437633.602800000458956, 4482295.763799998909235 ], [ 437610.262900000438094, 4482303.934099999256432 ], [ 437590.413099999539554, 4482310.934299998916686 ], [ 437575.233199999667704, 4482317.944499998353422 ], [ 437563.563299999572337, 4482326.114700000733137 ], [ 437554.223399999551475, 4482331.954800000414252 ], [ 437527.373599999584258, 4482344.79520000051707 ], [ 437498.193799999542534, 4482357.625600001774728 ], [ 437483.014000000432134, 4482366.975799999199808 ], [ 437458.504200000315905, 4482391.486199998296797 ], [ 437450.324300000444055, 4482396.156300000846386 ], [ 437289.475499999709427, 4482469.0784 ], [ 437340.51549999974668, 4482529.89809999987483 ], [ 437369.825699999928474, 4482604.948100000619888 ], [ 437396.155799999833107, 4482672.418099999427795 ], [ 437408.915900000371039, 4482705.377999999560416 ], [ 437424.315999999642372, 4482745.278000000864267 ], [ 437429.525999999605119, 4482758.197999999858439 ], [ 437441.516099999658763, 4482789.907999998889863 ], [ 437442.586099999956787, 4482792.657999998889863 ], [ 437455.226099999621511, 4482824.837999999523163 ], [ 437456.566200000233948, 4482828.267999998293817 ], [ 437457.166199999861419, 4482829.767999998293817 ], [ 437457.79619999974966, 4482831.367999999783933 ], [ 437458.356200000271201, 4482832.787999999709427 ], [ 437460.406200000084937, 4482837.977999999187887 ], [ 437466.79619999974966, 4482854.587999999523163 ], [ 437466.826200000010431, 4482854.677999998442829 ], [ 437470.866200000047684, 4482865.187999998219311 ], [ 437475.36629999987781, 4482876.868000000715256 ], [ 437479.806300000287592, 4482888.407999998889863 ], [ 437484.256299999542534, 4482899.907999998889863 ], [ 437489.976300000213087, 4482914.708000001497567 ], [ 437496.316399999894202, 4482931.068 ], [ 437502.066399999952409, 4482945.877999999560416 ], [ 437506.646399999968708, 4482957.757999998517334 ], [ 437511.356499999761581, 4482969.937999999150634 ], [ 437516.116499999538064, 4482982.28800000064075 ], [ 437526.916600000113249, 4483009.738000000827014 ], [ 437532.166600000113249, 4483023.597999999299645 ], [ 437536.166600000113249, 4483034.177999999374151 ], [ 437552.226700000464916, 4483074.427999998442829 ], [ 437558.926699999719858, 4483091.308000000193715 ], [ 437567.296799999661744, 4483112.737999999895692 ], [ 437576.206799999868963, 4483135.958000001497567 ], [ 437583.766900000162423, 4483155.438 ], [ 437588.016900000162423, 4483166.317999999038875 ], [ 437593.596900000236928, 4483180.307999999262393 ], [ 437595.47690000012517, 4483185.078000000678003 ], [ 437605.286999999545515, 4483212.158000000752509 ], [ 437614.577100000344217, 4483244.037999999709427 ], [ 437617.957100000232458, 4483255.507999999448657 ], [ 437619.147099999769125, 4483259.528000000864267 ], [ 437644.33739999961108, 4483344.658099999651313 ], [ 437685.438000000081956, 4483484.808199998922646 ], [ 437733.368700000457466, 4483647.9583 ], [ 437763.279199999757111, 4483749.188400000333786 ], [ 437809.629200000315905, 4483792.58809999935329 ], [ 437837.189199999906123, 4483818.337900000624359 ], [ 437887.699199999682605, 4483865.387499998323619 ], [ 437918.549200000241399, 4483893.837300000712276 ], [ 437951.81940000038594, 4483941.457100000232458 ], [ 437948.139600000286009, 4483981.427299999631941 ], [ 437947.629700000397861, 4483986.997300000861287 ], [ 437947.159699999727309, 4483992.097300000488758 ], [ 437946.729700000025332, 4483996.737400000914931 ], [ 437946.359799999801908, 4484000.747399999760091 ], [ 437946.07980000047246, 4484003.837400000542402 ], [ 437945.719800000020768, 4484007.14740000013262 ], [ 437945.409799999557436, 4484010.067399999126792 ], [ 437944.979799999855459, 4484014.137499998323619 ], [ 437944.649899999669287, 4484017.177500000223517 ], [ 437944.319899999478366, 4484020.287499999627471 ], [ 437943.979899999685585, 4484023.47749999910593 ], [ 437943.539900000265334, 4484027.567499999888241 ], [ 437943.190000000409782, 4484030.8476 ], [ 437942.349999999627471, 4484036.657600000500679 ], [ 437941.480000000505242, 4484042.697600000537932 ], [ 437940.730100000277162, 4484047.957699997350574 ], [ 437940.570100000186358, 4484048.937699999660254 ], [ 437939.810100000409875, 4484054.2577 ], [ 437939.160199999809265, 4484058.797700000926852 ], [ 437938.620199999772012, 4484062.477700000628829 ], [ 437938.080199999734759, 4484066.267799998633564 ], [ 437937.540199999697506, 4484069.92780000064522 ], [ 437936.93030000012368, 4484074.137800000607967 ], [ 437936.290300000458956, 4484078.61780000012368 ], [ 437935.580299999564886, 4484083.537899999879301 ], [ 437935.390300000144634, 4484084.877900000661612 ], [ 437934.840400000102818, 4484088.677899999544024 ], [ 437934.060399999900255, 4484094.037899999879301 ], [ 437933.380400000198279, 4484098.778000000864267 ], [ 437933.170400000177324, 4484100.247999998740852 ], [ 437919.220800000242889, 4484149.948299999348819 ], [ 437919.110799999907613, 4484151.028399999253452 ], [ 437918.560899999924004, 4484156.608399999327958 ], [ 437918.070899999700487, 4484161.688399999402463 ], [ 437917.830900000408292, 4484164.078400000929832 ], [ 437912.671299999579787, 4484211.108699998818338 ], [ 437887.911399999633431, 4484219.178999999538064 ], [ 437897.091799999587238, 4484286.519200000911951 ], [ 437905.741899999789894, 4484300.479100001044571 ], [ 437903.061900000087917, 4484305.659199999645352 ], [ 437897.111999999731779, 4484319.53929999936372 ], [ 437873.442200000397861, 4484332.139599998481572 ], [ 437860.402300000190735, 4484334.009800000116229 ], [ 437856.942300000227988, 4484335.589900000952184 ], [ 437846.25239999970654, 4484340.46000000089407 ], [ 437837.59250000026077, 4484344.380100000649691 ], [ 437822.732599999755621, 4484351.140299999155104 ], [ 437819.332600000314415, 4484352.690400000661612 ], [ 437810.312699999660254, 4484356.790500000119209 ], [ 437804.172799999767449, 4484359.490599999204278 ], [ 437777.742999999783933, 4484371.120899999514222 ], [ 437774.233, 4484364.130899999290705 ], [ 437770.792899999767542, 4484357.320899999700487 ], [ 437767.912899999879301, 4484351.560900001786649 ], [ 437764.762900000438094, 4484345.250900000333786 ], [ 437762.742899999953806, 4484341.231000000610948 ], [ 437759.172899999655783, 4484334.110999999567866 ], [ 437756.472799999639392, 4484328.710999999195337 ], [ 437752.822800000198185, 4484321.420999999158084 ], [ 437750.872800000011921, 4484317.530999999493361 ], [ 437748.582799999974668, 4484312.950999999418855 ], [ 437746.27280000038445, 4484308.321000000461936 ], [ 437744.002700000070035, 4484303.821000000461936 ], [ 437741.492700000293553, 4484298.790999999269843 ], [ 437729.60259999986738, 4484274.680999998934567 ], [ 437718.162700000219047, 4484279.041199999861419 ], [ 437706.452800000086427, 4484283.481399999000132 ], [ 437698.442900000198279, 4484286.481500000692904 ], [ 437684.082999999634922, 4484291.771600000560284 ], [ 437667.543100000359118, 4484297.841900000348687 ], [ 437652.333200000284705, 4484303.832100000232458 ], [ 437631.843399999663234, 4484311.88230000063777 ], [ 437610.82359999982873, 4484320.162599999457598 ], [ 437601.293600000441074, 4484323.9227 ], [ 437589.753700000233948, 4484328.392899999395013 ], [ 437576.923800000047777, 4484333.362999998964369 ], [ 437570.723899999691639, 4484335.773099998943508 ], [ 437558.713999999745283, 4484340.653299999423325 ], [ 437550.19400000013411, 4484343.74339999910444 ], [ 437545.714100000448525, 4484345.383500000461936 ], [ 437532.764200000092387, 4484350.603599998168647 ], [ 437521.434299999848008, 4484355.123799999244511 ], [ 437506.424399999901652, 4484361.073999998159707 ], [ 437491.794499999843538, 4484366.864199999719858 ], [ 437486.854500000365078, 4484368.884199999272823 ], [ 437475.684600000269711, 4484373.674400000832975 ], [ 437464.784699999669101, 4484377.944500000216067 ], [ 437454.864799999631941, 4484381.8147 ], [ 437447.864799999690149, 4484384.524700001813471 ], [ 437439.004900000058115, 4484388.364900000393391 ], [ 437425.865000000223517, 4484393.835000001825392 ], [ 437415.965099999622907, 4484398.045199998654425 ], [ 437405.155199999921024, 4484402.755300000309944 ], [ 437391.755300000309944, 4484407.555499999783933 ], [ 437382.575400000438094, 4484411.485599999316037 ], [ 437370.765399999916553, 4484416.365800000727177 ], [ 437346.445600000210106, 4484426.406099999323487 ], [ 437327.385800000280142, 4484434.216299999505281 ], [ 437309.855899999849498, 4484441.266599998809397 ], [ 437225.74650000029942, 4484475.747599999420345 ], [ 437208.606700000353158, 4484482.817799999378622 ], [ 437196.306800000427756, 4484487.907999999821186 ], [ 437188.596800000406802, 4484491.068099999800324 ], [ 437133.277200000360608, 4484513.628800000995398 ], [ 437137.157200000248849, 4484521.498700000345707 ], [ 437139.057300000451505, 4484525.568700001575053 ], [ 437140.717299999669194, 4484529.088700000196695 ], [ 437142.257299999706447, 4484532.368700000457466 ], [ 437144.187300000397954, 4484536.498700000345707 ], [ 437146.447300000174437, 4484541.278699998743832 ], [ 437148.157300000078976, 4484544.918700000271201 ], [ 437149.967400000488851, 4484548.748700000345707 ], [ 437151.607400000095367, 4484552.198700000531971 ], [ 437153.087399999669287, 4484555.288699998520315 ], [ 437155.417399999685585, 4484560.35869999974966 ], [ 437156.547399999573827, 4484562.778699999675155 ], [ 437157.527400000020862, 4484564.878699998371303 ], [ 437159.177400000393391, 4484568.438700000755489 ], [ 437161.477400000207126, 4484573.298700000159442 ], [ 437163.397500000020955, 4484577.35869999974966 ], [ 437165.587500000430737, 4484581.938699999824166 ], [ 437167.707499999611173, 4484586.538699998520315 ], [ 437174.267599999904633, 4484600.668699999339879 ], [ 437176.097599999979138, 4484604.638699998147786 ], [ 437178.067599999718368, 4484608.888699998147786 ], [ 437179.967600000090897, 4484612.958699999377131 ], [ 437186.117700000293553, 4484626.228699999861419 ], [ 437187.507699999958277, 4484629.228699999861419 ], [ 437189.357699999585748, 4484633.278699998743832 ], [ 437190.947700000368059, 4484636.728700000792742 ], [ 437192.007699999958277, 4484638.998700000345707 ], [ 437192.737700000405312, 4484640.558700000867248 ], [ 437196.497700000181794, 4484648.60869999974966 ], [ 437198.327800000086427, 4484652.60869999974966 ], [ 437199.777800000272691, 4484655.79869999922812 ], [ 437204.677799999713898, 4484666.458699999377131 ], [ 437206.967799999751151, 4484671.338599999435246 ], [ 437209.017900000326335, 4484675.678599999286234 ], [ 437211.537899999879301, 4484680.988600000739098 ], [ 437214.00789999961853, 4484686.1886 ], [ 437215.587899999693036, 4484689.47859999909997 ], [ 437216.447900000028312, 4484691.318599999882281 ], [ 437218.847900000400841, 4484696.478599998168647 ], [ 437220.928000000305474, 4484700.928600000217557 ], [ 437222.898000000044703, 4484705.048599999397993 ], [ 437224.858, 4484709.168600000441074 ], [ 437225.478000000061002, 4484710.448599999770522 ], [ 437226.247999999672174, 4484712.088600001297891 ], [ 437228.50800000037998, 4484716.8986 ], [ 437232.338000000454485, 4484725.068600000813603 ], [ 437233.848100000061095, 4484728.348599999211729 ], [ 437235.888100000098348, 4484732.67860000114888 ], [ 437239.13810000004014, 4484739.568600000813603 ], [ 437242.098100000061095, 4484745.868599998764694 ], [ 437244.358099999837577, 4484750.658600000664592 ], [ 437252.258200000040233, 4484767.568600000813603 ], [ 437335.518899999558926, 4484946.158399998210371 ], [ 437358.409099999815226, 4484994.498400000855327 ], [ 437381.735600000247359, 4484985.201999998651445 ], [ 437479.893099999986589, 4484938.974999999627471 ], [ 437568.491700000187848, 4484896.457499999552965 ], [ 437591.747000000439584, 4484882.4753 ], [ 437605.728799999691546, 4484871.631999999284744 ], [ 437928.734699999913573, 4484581.574899998493493 ], [ 437945.569799999706447, 4484568.448799999430776 ], [ 437957.126199999824166, 4484561.457699999213219 ], [ 437974.674700000323355, 4484553.182500000111759 ], [ 437985.089700000418816, 4484549.187499999068677 ], [ 437995.9326, 4484545.905900001525879 ], [ 438060.134600000455976, 4484528.499199999496341 ], [ 438145.879900000058115, 4484505.385199999436736 ], [ 438289.834999999962747, 4484467.147299998439848 ], [ 438397.551599999889731, 4484438.468900001607835 ], [ 438413.5307, 4484432.333699998445809 ], [ 438427.084400000050664, 4484425.057299999520183 ], [ 438435.787299999967217, 4484418.636900001205504 ], [ 438443.634200000204146, 4484411.503200000151992 ] ] ] } },
{ "type": "Feature", "properties": { "tau": -0.52000004053115845, "two_sided_pval": 0.00021308124996721745, "name": "El Pardo", "classification": "negative trend with prob > 99%" }, "geometry": { "type": "Polygon", "coordinates": [ [ [ 440445.096400000154972, 4492212.71309999935329 ], [ 440620.416299999749754, 4492208.432099999859929 ], [ 440620.784199999645352, 4492208.432900000363588 ], [ 440620.465400000102818, 4492184.191099999472499 ], [ 440625.270999999716878, 4492184.017900000326335 ], [ 440634.342000000178814, 4492183.774900000542402 ], [ 440666.063000000081956, 4492183.154899998567998 ], [ 440680.674999999813735, 4492182.954899999313056 ], [ 440703.919999999983702, 4492182.810000001452863 ], [ 440724.15500000026077, 4492182.434899999760091 ], [ 440731.03000000026077, 4492182.288899998180568 ], [ 440733.017, 4492181.205900000408292 ], [ 440741.839900000020862, 4492176.708499999716878 ], [ 440745.567099999636412, 4492174.734099999070168 ], [ 440752.682500000111759, 4492170.964999998919666 ], [ 440760.53110000025481, 4492164.598899999633431 ], [ 440766.324500000104308, 4492159.89989999961108 ], [ 440777.471800000406802, 4492150.684299999848008 ], [ 440799.485500000417233, 4492130.66440000012517 ], [ 440809.52309999987483, 4492120.947699999436736 ], [ 440816.622800000070129, 4492113.98860000167042 ], [ 440817.694699999934528, 4492112.937999999150634 ], [ 440820.051599999889731, 4492110.477399999275804 ], [ 440829.259499999636319, 4492100.864799999631941 ], [ 440833.675499999895692, 4492095.411699999123812 ], [ 440840.059600000269711, 4492086.37599999923259 ], [ 440851.737200000381563, 4492069.36739999987185 ], [ 440855.414099999703467, 4492065.04829999897629 ], [ 440861.395999999716878, 4492059.416200001724064 ], [ 440868.036899999715388, 4492053.755100000649691 ], [ 440880.085799999535084, 4492044.233899999409914 ], [ 440887.447700000368059, 4492038.681799999438226 ], [ 440897.559600000269711, 4492031.057900000363588 ], [ 440901.530000000318978, 4492028.160000000149012 ], [ 440906.649500000290573, 4492024.204500000923872 ], [ 440911.944400000444148, 4492016.6064 ], [ 440917.424700000323355, 4492006.831199999898672 ], [ 440929.106900000013411, 4491986.208000001497567 ], [ 440935.332999999634922, 4491975.964999999850988 ], [ 440941.199900000356138, 4491969.13289999961853 ], [ 440945.928999999538064, 4491964.16190000064671 ], [ 440955.927099999971688, 4491953.530499999411404 ], [ 440965.013000000268221, 4491943.975500001572073 ], [ 440970.534599999897182, 4491938.120999999344349 ], [ 440978.785400000400841, 4491929.210200000554323 ], [ 440981.559299999848008, 4491925.46720000077039 ], [ 440981.432199999690056, 4491915.060200000181794 ], [ 440981.22829999960959, 4491899.991299998946488 ], [ 440981.167600000277162, 4491895.502800000831485 ], [ 440981.077700000314508, 4491888.860400000587106 ], [ 440981.042000000365078, 4491886.222100000828505 ], [ 440981.298000000417233, 4491882.527899998240173 ], [ 440983.05599999986589, 4491867.673899999819696 ], [ 440984.669999999925494, 4491855.009999999776483 ], [ 440984.839700000360608, 4491852.666899999603629 ], [ 440985.28760000038892, 4491849.476600000634789 ], [ 440985.709699999541044, 4491846.47690000012517 ], [ 440987.730000000447035, 4491839.691899999044836 ], [ 440990.088999999687076, 4491832.574799998663366 ], [ 440994.495699999853969, 4491819.584199999459088 ], [ 440998.955000000132713, 4491806.337899998761714 ], [ 441001.659199999645352, 4491798.906500000506639 ], [ 441004.928000000305474, 4491792.8109 ], [ 441007.675999999977648, 4491789.472900000400841 ], [ 441012.265999999828637, 4491784.874900001101196 ], [ 441018.50899999961257, 4491778.684900001622736 ], [ 441049.150000000314321, 4491748.849999999627471 ], [ 441057.639999999664724, 4491740.289999998174608 ], [ 441064.769999999552965, 4491735.050000000745058 ], [ 441067.809999999590218, 4491731.730000000447035 ], [ 441079.570000000239816, 4491723.820000000298023 ], [ 441132.849999999627471, 4491692.538899999111891 ], [ 441171.411899999715388, 4491670.874199999496341 ], [ 441176.034300000406802, 4491668.212799998931587 ], [ 441178.311999999918044, 4491666.367900000885129 ], [ 441179.591199999675155, 4491664.786699998192489 ], [ 441182.899000000208616, 4491659.922900000587106 ], [ 441198.436999999918044, 4491636.981899999082088 ], [ 441212.81500000046799, 4491615.1469 ], [ 441242.25, 4491569.79 ], [ 441254.426900000311434, 4491551.15430000051856 ], [ 441264.0, 4491536.869999998249114 ], [ 441284.261400000192225, 4491506.507799999788404 ], [ 441298.541199999803212, 4491485.859499999321997 ], [ 441305.411100000143051, 4491477.7314000017941 ], [ 441314.858, 4491467.854299999773502 ], [ 441322.127899999730289, 4491460.395099998451769 ], [ 441328.599999999627471, 4491454.329999999143183 ], [ 441332.349999999627471, 4491451.369999998249114 ], [ 441334.75999999983469, 4491449.83 ], [ 441336.929999999760184, 4491448.250000000931323 ], [ 441337.240000000223517, 4491448.019999998621643 ], [ 441337.370000000111759, 4491447.929999999701977 ], [ 441338.769999999552965, 4491446.939999999478459 ], [ 441339.580000000074506, 4491446.369999999180436 ], [ 441341.400000000430737, 4491445.079999999143183 ], [ 441361.040000000037253, 4491430.429999999701977 ], [ 441365.349999999685679, 4491426.099999998696148 ], [ 441370.346099999733269, 4491430.539799999445677 ], [ 441372.964200000336859, 4491430.875800000503659 ], [ 441373.238900000229478, 4491429.225999999791384 ], [ 441376.3125, 4491411.771500002592802 ], [ 441378.178500000329223, 4491390.584499999880791 ], [ 441378.812199999578297, 4491381.8256 ], [ 441380.0318, 4491373.83049999922514 ], [ 441382.606499999761581, 4491362.583100000396371 ], [ 441384.36809999961406, 4491354.04590000025928 ], [ 441386.671799999661744, 4491345.915299999527633 ], [ 441389.653, 4491338.597699999809265 ], [ 441392.363300000259187, 4491333.448299999348819 ], [ 441397.377199999988079, 4491325.995200000703335 ], [ 441410.115199999883771, 4491306.481699998490512 ], [ 441419.600899999961257, 4491291.440000000409782 ], [ 441435.809799999988172, 4491262.69370000064373 ], [ 441445.076899999752641, 4491245.230799999088049 ], [ 441448.735700000077486, 4491240.21690000128001 ], [ 441452.394500000402331, 4491236.5581 ], [ 441455.646800000278745, 4491233.983399999327958 ], [ 441460.796199999807868, 4491231.408700001426041 ], [ 441467.436200000345707, 4491229.105099999345839 ], [ 441479.767699999734759, 4491223.955600000917912 ], [ 441484.375, 4491222.19400000013411 ], [ 441489.659900000318885, 4491219.754799999296665 ], [ 441494.809399999736343, 4491215.9605 ], [ 441499.416699999943376, 4491211.488699999637902 ], [ 441504.70160000026226, 4491204.577600001357496 ], [ 441511.748200000263751, 4491193.19469999987632 ], [ 441523.131099999882281, 4491174.223200000822544 ], [ 441532.022900000214577, 4491162.279999998398125 ], [ 441532.125300000421703, 4491162.160699999891222 ], [ 441533.613199999555945, 4491163.457000000402331 ], [ 441536.599799999967217, 4491163.109300001524389 ], [ 441537.183400000445545, 4491168.262599999085069 ], [ 441537.291199999861419, 4491169.577299999073148 ], [ 441537.592899999581277, 4491172.745599999092519 ], [ 441539.755300000309944, 4491186.934899999760091 ], [ 441542.174399999901652, 4491200.213600000366569 ], [ 441546.197800000198185, 4491212.283999999053776 ], [ 441553.037800000049174, 4491226.16499999910593 ], [ 441559.676500000059605, 4491235.418999999761581 ], [ 441567.321100000292063, 4491243.868300000205636 ], [ 441574.362200000323355, 4491249.501199998892844 ], [ 441592.870199999772012, 4491266.399800000712276 ], [ 441604.829599999822676, 4491275.1151 ], [ 441616.206699999980628, 4491281.7297 ], [ 441632.702600000426173, 4491288.93129999935627 ], [ 441641.474499999545515, 4491291.651499999687076 ], [ 441645.6239, 4491292.846200000494719 ], [ 441637.453300000168383, 4491273.956899999640882 ], [ 441634.053500000329223, 4491264.638900000602007 ], [ 441630.653699999675155, 4491251.039599999785423 ], [ 441628.764899999834597, 4491237.440400000661612 ], [ 441627.883399999700487, 4491226.611400000751019 ], [ 441628.731800000183284, 4491213.920200001448393 ], [ 441629.42879999987781, 4491195.006399999372661 ], [ 441630.905500000342727, 4491151.437899999320507 ], [ 441630.7796, 4491140.734800000675023 ], [ 441630.275899999774992, 4491122.098899999633431 ], [ 441630.275899999774992, 4491107.869999999180436 ], [ 441632.668399999849498, 4491099.559399999678135 ], [ 441636.949599999934435, 4491092.381999999284744 ], [ 441641.838200000172947, 4491085.578199999406934 ], [ 441645.638000000326429, 4491075.005200000479817 ], [ 441650.926599999889731, 4491059.894999998621643 ], [ 441658.629800000227988, 4491032.944799999706447 ], [ 441665.267699999734759, 4491013.980399999767542 ], [ 441673.002199999988079, 4490988.413699999451637 ], [ 441677.94440000038594, 4490971.429100000299513 ], [ 441679.876299999654293, 4490964.5565 ], [ 441681.008500000461936, 4490958.005900000222027 ], [ 441681.628800000064075, 4490950.584300000220537 ], [ 441681.769799999892712, 4490945.951199999079108 ], [ 441681.295800000429153, 4490941.813699998892844 ], [ 441680.185600000433624, 4490938.150099999271333 ], [ 441684.440700000151992, 4490936.054400000721216 ], [ 441765.7182, 4490691.932399999350309 ], [ 441844.886199999600649, 4490491.00069999974221 ], [ 441870.505400000198279, 4490407.239999999292195 ], [ 441944.912399999855552, 4490101.437999999150634 ], [ 442013.00069999974221, 4489928.566500000655651 ], [ 442222.936099999584258, 4489453.711799999698997 ], [ 442243.935300000011921, 4489351.121099999174476 ], [ 442246.496899999678135, 4489350.836899998597801 ], [ 442245.047899999713991, 4489341.144899998791516 ], [ 442241.738800000399351, 4489323.073899999260902 ], [ 442239.376400000415742, 4489310.366499999538064 ], [ 442232.533699999621604, 4489270.777899999171495 ], [ 442231.474700000137091, 4489259.618200000375509 ], [ 442227.401700000278652, 4489246.666400000452995 ], [ 442213.635099999606609, 4489201.783100000582635 ], [ 442214.93819999974221, 4489175.553599999286234 ], [ 442218.685100000351667, 4489161.868599999696016 ], [ 442225.120199999772012, 4489141.748299999162555 ], [ 442234.894899999722838, 4489118.288299999199808 ], [ 442245.7286000000895, 4489103.951499999500811 ], [ 442253.222599999979138, 4489080.247099998407066 ], [ 442256.643699999898672, 4489067.458100000396371 ], [ 442259.250199999660254, 4489054.5877 ], [ 442262.671299999579787, 4489026.973299999721348 ], [ 442266.418300000077579, 4489019.397700000554323 ], [ 442276.633600000292063, 4489004.166900000534952 ], [ 442287.161999999603722, 4488989.251199999824166 ], [ 442297.719200000166893, 4488973.390200001187623 ], [ 442301.363199999555945, 4488967.915700000710785 ], [ 442311.728400000371039, 4488955.4715 ], [ 442326.451899999752641, 4488939.486400000751019 ], [ 442353.979899999685585, 4488916.0417 ], [ 442370.798899999819696, 4488906.408600000664592 ], [ 442390.217299999669194, 4488894.940700000151992 ], [ 442396.486300000047777, 4488891.270999998785555 ], [ 442402.296500000171363, 4488886.530899999663234 ], [ 442406.923700000101235, 4488878.69889999832958 ], [ 442411.16469999961555, 4488870.323099999688566 ], [ 442416.341300000436604, 4488858.726700000464916 ], [ 442425.31209999974817, 4488839.344100000336766 ], [ 442436.080299999564886, 4488818.436000000685453 ], [ 442447.948800000420306, 4488795.405699999071658 ], [ 442452.900600000284612, 4488786.523700000718236 ], [ 442458.717000000237022, 4488777.64159999974072 ], [ 442469.406600000336766, 4488760.270600000396371 ], [ 442473.415199999697506, 4488753.196399999782443 ], [ 442480.489199999719858, 4488745.25760000012815 ], [ 442491.886199999542441, 4488733.152799999341369 ], [ 442500.296400000341237, 4488723.170299998484552 ], [ 442503.283200000412762, 4488719.31880000140518 ], [ 442506.977400000207126, 4488713.0307 ], [ 442511.06460000021616, 4488704.934699998237193 ], [ 442522.854500000365078, 4488680.568099999800324 ], [ 442525.291100000031292, 4488674.3586 ], [ 442528.749499999918044, 4488663.9831000007689 ], [ 442537.631199999712408, 4488642.131799999624491 ], [ 442538.689699999988079, 4488638.625399999320507 ], [ 442537.179399999848101, 4488638.120699998922646 ], [ 442526.168499999679625, 4488513.423600000329316 ], [ 442560.489099999831524, 4488357.642900000326335 ], [ 442573.476800000295043, 4488298.702199999243021 ], [ 442571.888100000098348, 4488298.377299999818206 ], [ 442572.995600000023842, 4488292.661299998871982 ], [ 442574.271200000308454, 4488289.215900000184774 ], [ 442585.106200000271201, 4488260.975399999879301 ], [ 442588.874200000427663, 4488248.128199998289347 ], [ 442591.560200000181794, 4488243.378799999132752 ], [ 442602.239799999631941, 4488228.3268 ], [ 442612.511500000022352, 4488212.733200000599027 ], [ 442618.451700000092387, 4488203.9463 ], [ 442633.054800000041723, 4488174.491800000891089 ], [ 442648.895499999634922, 4488150.730100001208484 ], [ 442669.562699999660254, 4488120.656700001098216 ], [ 442675.379200000315905, 4488111.993599999696016 ], [ 442695.303899999707937, 4488089.345599999651313 ], [ 442703.553600000217557, 4488080.7654 ], [ 442713.605000000447035, 4488071.627499999478459 ], [ 442729.584300000220537, 4488059.890799999237061 ], [ 442745.425099999643862, 4488048.752399999648333 ], [ 442756.668600000441074, 4488038.8015 ], [ 442758.884399999922607, 4488036.978499999269843 ], [ 442764.120400000363588, 4488030.778800000436604 ], [ 442772.649400000518654, 4488020.127000001259148 ], [ 442778.368900000175927, 4488013.43610000051558 ], [ 442786.234199999831617, 4488000.83009999897331 ], [ 442792.336799999698997, 4487990.502699999138713 ], [ 442813.549100000411272, 4487948.145900000818074 ], [ 442823.47719999961555, 4487929.260399998165667 ], [ 442832.75789999961853, 4487912.2094 ], [ 442839.279299999587238, 4487901.077199999243021 ], [ 442849.371899999678135, 4487881.361399999819696 ], [ 442855.004999999888241, 4487869.625700000673532 ], [ 442859.699300000444055, 4487854.8388 ], [ 442863.081799999810755, 4487845.624299998395145 ], [ 442871.82290000008652, 4487825.87540000025183 ], [ 442877.650299999862909, 4487813.141100000590086 ], [ 442882.074699999764562, 4487802.02559999935329 ], [ 442884.664599999843631, 4487791.989299999549985 ], [ 442889.520700000284705, 4487772.9958999985829 ], [ 442892.542299999855459, 4487759.614199998788536 ], [ 442893.521999999880791, 4487749.725500001572073 ], [ 442899.340800000354648, 4487738.570299999788404 ], [ 442903.549499999731779, 4487730.044799999333918 ], [ 442911.31940000038594, 4487716.231400000862777 ], [ 442914.448900000192225, 4487711.914599999785423 ], [ 442928.585799999535084, 4487698.424800000153482 ], [ 442939.032200000248849, 4487688.192900000140071 ], [ 442949.124800000339746, 4487679.977900000289083 ], [ 442968.94620000012219, 4487665.509700001217425 ], [ 442980.92480000021169, 4487657.092000000178814 ], [ 442990.097599999979138, 4487652.343499999493361 ], [ 442997.71030000038445, 4487649.9347 ], [ 443010.601599999703467, 4487645.98970000166446 ], [ 443036.609299999661744, 4487639.15819999948144 ], [ 443056.03419999970356, 4487633.4572 ], [ 443068.485500000417233, 4487629.244399999268353 ], [ 443075.027400000020862, 4487626.766100000590086 ], [ 443085.387299999594688, 4487619.967199998907745 ], [ 443093.157100000418723, 4487610.9687 ], [ 443103.331000000238419, 4487598.532700000330806 ], [ 443112.484799999801908, 4487585.3887 ], [ 443119.526200000196695, 4487573.418400000780821 ], [ 443128.91469999961555, 4487555.580199999734759 ], [ 443139.94620000012219, 4487538.915600000880659 ], [ 443152.151200000196695, 4487520.6081000007689 ], [ 443164.949400000274181, 4487500.880699999630451 ], [ 443173.01410000026226, 4487485.069999999366701 ], [ 443179.165199999697506, 4487473.30699999909848 ], [ 443187.273699999786913, 4487454.255599999800324 ], [ 443190.712100000120699, 4487446.975099999457598 ], [ 443193.930100000463426, 4487434.468499999493361 ], [ 443197.920199999585748, 4487422.732900000177324 ], [ 443203.338000000454485, 4487412.0099 ], [ 443217.636099999770522, 4487389.168999999761581 ], [ 443229.137000000104308, 4487373.208499999716878 ], [ 443238.760200000309851, 4487358.186899999156594 ], [ 443246.270999999775086, 4487347.624900001101196 ], [ 443253.312400000169873, 4487339.644600000232458 ], [ 443264.34389999974519, 4487329.317299998365343 ], [ 443275.140599999576807, 4487320.867599999532104 ], [ 443297.90780000021914, 4487300.447600000537932 ], [ 443314.382699999958277, 4487286.069500000216067 ], [ 443312.207399999722838, 4487281.827799999155104 ], [ 443169.196000000461936, 4487030.008600000292063 ], [ 443056.195299999846611, 4486898.339599999599159 ], [ 442767.244199999608099, 4486624.352199998684227 ], [ 442698.163499999791384, 4486498.762599998153746 ], [ 442640.463499999605119, 4486471.153199999593198 ], [ 442777.332399999781046, 4486373.061000001616776 ], [ 442820.52180000016233, 4486312.4901 ], [ 443076.799999999813735, 4486176.306099998764694 ], [ 443244.929800000041723, 4486214.373999998904765 ], [ 443448.159400000178721, 4486244.691400001756847 ], [ 443589.44859999982873, 4486184.9693 ], [ 443592.315499999560416, 4486184.587599999271333 ], [ 443590.728000000119209, 4486160.060599999502301 ], [ 443590.728000000119209, 4486139.105599998496473 ], [ 443590.992300000041723, 4486130.231399999000132 ], [ 443591.727800000458956, 4486123.192399998195469 ], [ 443592.71239999961108, 4486119.182399999350309 ], [ 443600.132600000186358, 4486097.45240000076592 ], [ 443605.805900000035763, 4486083.584299999289215 ], [ 443611.286200000031386, 4486066.318600000813603 ], [ 443613.667399999685585, 4486058.0636 ], [ 443615.731200000271201, 4486047.109799998812377 ], [ 443617.239299999549985, 4486035.600400001741946 ], [ 443617.847900000400841, 4486029.298000000417233 ], [ 443618.273299999535084, 4486025.044099998660386 ], [ 443618.698699999600649, 4486020.534900001250207 ], [ 443618.443500000052154, 4486015.855599999427795 ], [ 443618.103199999779463, 4486013.133099998347461 ], [ 443617.507600000069942, 4486009.729999999515712 ], [ 443614.700000000186265, 4485992.612199999392033 ], [ 443610.070299999846611, 4485970.729499998502433 ], [ 443598.669999999925494, 4485928.0 ], [ 443594.38370000012219, 4485911.251800000667572 ], [ 443590.489900000393391, 4485887.232300000265241 ], [ 443587.870500000135507, 4485869.849199998192489 ], [ 443585.633899999782443, 4485861.014799999073148 ], [ 443579.280799999833107, 4485843.576899998821318 ], [ 443569.614199999719858, 4485823.891000000759959 ], [ 443564.472, 4485812.818399998359382 ], [ 443567.595900000073016, 4485811.497899999842048 ], [ 443848.964200000278652, 4485689.433600000105798 ], [ 443808.312300000339746, 4485668.2994 ], [ 443745.563699999824166, 4485639.175200000405312 ], [ 443616.277800000272691, 4485579.506299999542534 ], [ 443581.706899999640882, 4485561.27409999910742 ], [ 443554.949900000356138, 4485543.988900000229478 ], [ 443532.691800000146031, 4485527.414000000804663 ], [ 443492.911399999633431, 4485494.264199999161065 ], [ 443446.501000000163913, 4485451.406199998222291 ], [ 443413.472400000318885, 4485420.097899999469519 ], [ 443384.920099999755621, 4485394.551400000229478 ], [ 443362.979799999913666, 4485376.5186 ], [ 443330.820899999700487, 4485352.474899998866022 ], [ 443297.459699999541044, 4485330.535099999047816 ], [ 443263.497499999590218, 4485312.201899999752641 ], [ 443224.12540000025183, 4485293.267699998803437 ], [ 443123.115399999544024, 4485241.873099998570979 ], [ 442940.767699999792967, 4485137.154699999839067 ], [ 442846.705799999646842, 4485083.665999999269843 ], [ 442818.14159999974072, 4485067.291900000534952 ], [ 442800.493599999696016, 4485058.559099999256432 ], [ 442783.937300000339746, 4485051.099900000728667 ], [ 442760.831199999840464, 4485042.185199999250472 ], [ 442591.629300000146031, 4484991.244699999690056 ], [ 442569.069099999964237, 4484983.967499998398125 ], [ 442475.189299999736249, 4484950.128199999220669 ], [ 442196.68850000022212, 4484866.839199999347329 ], [ 442161.332799999974668, 4484856.17259999923408 ], [ 442119.409500000067055, 4484840.532199998386204 ], [ 442097.201799999922514, 4484830.418099999427795 ], [ 442076.753100000321865, 4484818.105100000277162 ], [ 442057.753299999982119, 4484804.543600000441074 ], [ 442045.123300000152085, 4484792.973800000734627 ], [ 442028.599600000365172, 4484776.988399999216199 ], [ 441985.683000000193715, 4484731.814300000667572 ], [ 441921.200299999676645, 4484662.550499998964369 ], [ 441910.739199999719858, 4484655.35329999960959 ], [ 441901.61710000038147, 4484650.332000000402331 ], [ 441893.415599999949336, 4484647.57039999961853 ], [ 441885.799899999983609, 4484645.980399999767542 ], [ 441877.765800000168383, 4484645.394599999301136 ], [ 441868.225300000049174, 4484645.478399998508394 ], [ 441859.940100000239909, 4484646.733899998478591 ], [ 441850.566999999806285, 4484648.993599999696016 ], [ 441794.712299999780953, 4484667.2039 ], [ 441702.963700000196695, 4484609.746999998576939 ], [ 441669.743700000457466, 4484589.137299999594688 ], [ 441660.423700000159442, 4484581.767300000414252 ], [ 441630.963700000196695, 4484558.437599998898804 ], [ 441628.973699999973178, 4484556.867599999532104 ], [ 441583.083599999547005, 4484516.097899999469519 ], [ 441570.533599999733269, 4484501.257999999448657 ], [ 441567.493599999696016, 4484497.658000000752509 ], [ 441552.783499999903142, 4484480.278100000694394 ], [ 441545.723500000312924, 4484471.9181999983266 ], [ 441500.803299999795854, 4484406.118400000967085 ], [ 441472.683199999853969, 4484364.91850000154227 ], [ 441445.13300000037998, 4484323.648600000888109 ], [ 441345.53249999973923, 4484170.279100000858307 ], [ 441331.621600000187755, 4484148.847500000149012 ], [ 441316.402300000190735, 4484125.399299998767674 ], [ 441210.291699999943376, 4483961.269799999892712 ], [ 441010.347799999639392, 4483655.6234 ], [ 440939.391499999910593, 4483719.833599998615682 ], [ 440908.801900000311434, 4483750.93229999858886 ], [ 440886.302299999631941, 4483783.842700001783669 ], [ 440885.451299999840558, 4483785.824799998663366 ], [ 440837.41330000013113, 4483897.713700000196695 ], [ 440766.023500000068452, 4483869.79450000077486 ], [ 440699.623800000175834, 4483855.365199999883771 ], [ 440647.01410000026226, 4483852.155799999833107 ], [ 440575.164499999955297, 4483852.476600001566112 ], [ 440478.584999999962747, 4483859.207700000144541 ], [ 440290.006199999712408, 4483874.929999998770654 ], [ 440289.517900000326335, 4483874.966299998573959 ], [ 440108.33530000038445, 4483888.439400000497699 ], [ 440106.987999999895692, 4483888.539599999785423 ], [ 439868.710199999564793, 4483907.538499999791384 ], [ 439765.912999999709427, 4483915.698300001211464 ], [ 439743.395499999634922, 4483916.514400000683963 ], [ 439723.488800000399351, 4483914.393400000408292 ], [ 439701.950299999676645, 4483910.80390000063926 ], [ 439677.964200000278652, 4483903.135099999606609 ], [ 439655.209699999541044, 4483892.26729999948293 ], [ 439615.306599999777973, 4483865.279899999499321 ], [ 439572.459999999962747, 4483857.298100000247359 ], [ 439530.120199999772012, 4483863.078600001521409 ], [ 439518.242600000463426, 4483866.564300000667572 ], [ 439489.380599999800324, 4483876.869199999608099 ], [ 439459.969600000418723, 4483892.149800000712276 ], [ 439427.1091, 4483908.329300000332296 ], [ 439406.5565, 4483918.715700000524521 ], [ 439378.543600000441074, 4483931.515799998305738 ], [ 439243.018500000238419, 4483988.184299998916686 ], [ 439200.502600000239909, 4484008.872300000861287 ], [ 439152.565200000070035, 4484034.2686 ], [ 439073.668300000019372, 4484078.355399998836219 ], [ 439003.189000000245869, 4484125.010099999606609 ], [ 438954.68099999986589, 4484159.965500000864267 ], [ 438921.010800000280142, 4484181.652100001461804 ], [ 438901.322200000286102, 4484191.924799998290837 ], [ 438883.488300000317395, 4484199.201299999840558 ], [ 438856.951500000432134, 4484206.905899999663234 ], [ 438830.256299999542534, 4484214.838199998252094 ], [ 438762.931400000117719, 4484233.444099999032915 ], [ 438736.822599999606609, 4484239.579299999400973 ], [ 438710.143000000156462, 4484243.431799999438226 ], [ 438647.510399999970105, 4484250.566099998541176 ], [ 438635.668700000271201, 4484252.278300002217293 ], [ 438625.111100000329316, 4484255.559899999760091 ], [ 438615.837500000372529, 4484260.410900000482798 ], [ 438606.135900000110269, 4484266.54590000025928 ], [ 438499.560999999754131, 4484349.1546 ], [ 438492.712799999862909, 4484354.71889999974519 ], [ 438481.72719999961555, 4484366.418199999257922 ], [ 438443.634200000204146, 4484411.503200000151992 ], [ 438435.787299999967217, 4484418.636900001205504 ], [ 438427.084400000050664, 4484425.057299999520183 ], [ 438413.5307, 4484432.333699998445809 ], [ 438397.551599999889731, 4484438.468900001607835 ], [ 438289.834999999962747, 4484467.147299998439848 ], [ 438145.879900000058115, 4484505.385199999436736 ], [ 438060.134600000455976, 4484528.499199999496341 ], [ 437995.9326, 4484545.905900001525879 ], [ 437985.089700000418816, 4484549.187499999068677 ], [ 437974.674700000323355, 4484553.182500000111759 ], [ 437957.126199999824166, 4484561.457699999213219 ], [ 437945.569799999706447, 4484568.448799999430776 ], [ 437928.734699999913573, 4484581.574899998493493 ], [ 437605.728799999691546, 4484871.631999999284744 ], [ 437591.747000000439584, 4484882.4753 ], [ 437568.491700000187848, 4484896.457499999552965 ], [ 437479.893099999986589, 4484938.974999999627471 ], [ 437381.735600000247359, 4484985.201999998651445 ], [ 437358.409099999815226, 4484994.498400000855327 ], [ 437361.459099999628961, 4485001.448399999178946 ], [ 437369.349200000055134, 4485018.6283 ], [ 437381.2193, 4485043.918299998156726 ], [ 437387.539300000295043, 4485057.178300000727177 ], [ 437397.489400000311434, 4485078.3783 ], [ 437401.62939999991795, 4485087.138299998827279 ], [ 437405.449400000274181, 4485094.7983 ], [ 437408.699500000104308, 4485101.008199999108911 ], [ 437408.529500000178814, 4485101.098199999891222 ], [ 437419.149500000290573, 4485120.198199999518692 ], [ 437457.479799999913666, 4485187.728000000119209 ], [ 437476.009899999946356, 4485220.318 ], [ 437494.070000000298023, 4485251.667899998836219 ], [ 437523.990100000053644, 4485304.627800000831485 ], [ 437532.080199999734759, 4485319.047800000756979 ], [ 437546.850300000049174, 4485345.097699999809265 ], [ 437567.310399999842048, 4485381.127599998377264 ], [ 437587.6705, 4485416.7675 ], [ 437609.240600000135601, 4485455.157500000670552 ], [ 437615.620699999853969, 4485466.347400000318885 ], [ 437627.520700000226498, 4485486.86739999987185 ], [ 437633.140800000168383, 4485496.927399999462068 ], [ 437641.250799999572337, 4485511.267300001345575 ], [ 437649.290900000371039, 4485525.227299999445677 ], [ 437659.990899999625981, 4485544.567299998365343 ], [ 437666.510999999940395, 4485556.007200000807643 ], [ 437676.970999999903142, 4485573.797200000844896 ], [ 437681.681099999696016, 4485582.067199999466538 ], [ 437692.0011, 4485600.6771 ], [ 437696.611100000387523, 4485609.147099998779595 ], [ 437702.531200000084937, 4485619.777099999599159 ], [ 437708.261199999542441, 4485629.997099998407066 ], [ 437716.081299999728799, 4485643.887000000104308 ], [ 437724.181300000287592, 4485658.226999999023974 ], [ 437733.541400000452995, 4485674.926999998278916 ], [ 437741.321399999782443, 4485688.826899999752641 ], [ 437745.5614, 4485696.456900001503527 ], [ 437763.14159999974072, 4485728.456900001503527 ], [ 437771.111600000411272, 4485743.356799999251962 ], [ 437777.70160000026226, 4485755.69679999910295 ], [ 437781.601700000464916, 4485762.68680000025779 ], [ 437792.251699999906123, 4485782.136800000444055 ], [ 437794.911799999885261, 4485786.966700001619756 ], [ 437796.171799999661744, 4485789.216700000688434 ], [ 437804.7818, 4485804.6667 ], [ 437810.391900000162423, 4485814.58669999986887 ], [ 437815.261900000274181, 4485822.966700000688434 ], [ 437820.251899999566376, 4485831.536599999293685 ], [ 437824.961900000460446, 4485839.946599999442697 ], [ 437827.552000000199769, 4485844.51659999974072 ], [ 437828.842000000178814, 4485846.726600001566112 ], [ 437833.181999999971595, 4485854.286599998362362 ], [ 437852.432099999859929, 4485889.236500001512468 ], [ 437856.652099999599159, 4485896.626499998383224 ], [ 437860.962199999950826, 4485904.126499999314547 ], [ 437865.63219999987632, 4485912.506500001065433 ], [ 437872.822200000286102, 4485925.556399998255074 ], [ 437877.372299999929965, 4485933.3564 ], [ 437880.292299999855459, 4485938.64640000090003 ], [ 437890.752299999818206, 4485958.056399999186397 ], [ 437906.932400000281632, 4485987.286299999803305 ], [ 437914.222500000149012, 4486000.046299999579787 ], [ 437917.262500000186265, 4486005.506299999542534 ], [ 437923.072599999664817, 4486016.286299999803305 ], [ 437928.112599999643862, 4486025.26619999948889 ], [ 437929.282599999569356, 4486027.356200000271201 ], [ 437930.712600000202656, 4486029.926200000569224 ], [ 437932.212600000202656, 4486032.706199999898672 ], [ 437934.652599999681115, 4486037.256199999712408 ], [ 437936.232599999755621, 4486040.216199999675155 ], [ 437936.942599999718368, 4486041.606200000271201 ], [ 437937.512600000016391, 4486042.656199999153614 ], [ 437939.342699999921024, 4486045.97620000038296 ], [ 437947.752600000239909, 4486048.076099998317659 ], [ 437958.252600000239909, 4486050.815999999642372 ], [ 437962.752600000239909, 4486051.915999998338521 ], [ 437975.802500000223517, 4486055.355799998156726 ], [ 437987.702499999664724, 4486058.505699998699129 ], [ 438000.282499999797437, 4486062.01560000050813 ], [ 438004.342400000430644, 4486063.205499998293817 ], [ 438013.702399999834597, 4486064.005400000140071 ], [ 438031.782300000078976, 4486065.885199999436736 ], [ 438046.392300000414252, 4486067.565099999308586 ], [ 438061.552199999801815, 4486068.914899999275804 ], [ 438110.052000000141561, 4486073.684399999678135 ], [ 438132.981900000013411, 4486076.034099998883903 ], [ 438155.991799999959767, 4486078.283900000154972 ], [ 438162.25169999996433, 4486078.763800001703203 ], [ 438168.041699999943376, 4486079.083700000308454 ], [ 438193.421900000481401, 4486122.773600001819432 ], [ 438195.911899999715388, 4486127.703600000590086 ], [ 438213.102099999843631, 4486167.9836 ], [ 438249.452399999834597, 4486251.343499999493361 ], [ 438257.682500000111759, 4486270.30350000038743 ], [ 438274.802699999883771, 4486309.313500000163913 ], [ 438283.032700000389013, 4486328.0335 ], [ 438291.682799999602139, 4486347.863500000908971 ], [ 438300.412899999821093, 4486367.863500000908971 ], [ 438312.983, 4486396.383400000631809 ], [ 438329.213200000114739, 4486433.293399999849498 ], [ 438331.283200000412762, 4486437.883399999700487 ], [ 438340.313299999572337, 4486458.413399999029934 ], [ 438347.473399999551475, 4486474.833399999886751 ], [ 438352.363400000147521, 4486485.873400000855327 ], [ 438360.763500000350177, 4486504.983300000429153 ], [ 438411.293399999849498, 4486532.652900000102818 ], [ 438473.483300000429153, 4486566.9222999997437 ], [ 438545.603199999779463, 4486605.981699999421835 ], [ 438590.453200000338256, 4486630.9012999990955 ], [ 438630.523099999816623, 4486652.480899999849498 ], [ 438685.423000000417233, 4486682.51039999909699 ], [ 438736.973000000230968, 4486710.029900000430644 ], [ 438797.742899999953806, 4486743.019400000572205 ], [ 438834.282800000160933, 4486762.459099999628961 ], [ 438934.692699999606702, 4486816.278100000694394 ], [ 438970.762600000016391, 4486826.527799999341369 ], [ 439059.872299999929965, 4486850.776900000870228 ], [ 439127.38219999987632, 4486880.746200000867248 ], [ 439240.752000000327826, 4486930.52519999910146 ], [ 439345.091799999587238, 4486976.444199999794364 ], [ 439417.321600000315811, 4487007.783500000834465 ], [ 439429.95160000026226, 4487013.4134 ], [ 439443.811599999666214, 4487019.633199999108911 ], [ 439459.32149999961257, 4487026.613099999725819 ], [ 439473.311499999836087, 4487032.792899999767542 ], [ 439490.081500000320375, 4487040.322800000198185 ], [ 439495.661500000394881, 4487042.692700000479817 ], [ 439509.011500000080559, 4487048.432600000873208 ], [ 439523.651399999798741, 4487055.0625 ], [ 439538.021400000026915, 4487061.462299999780953 ], [ 439553.181400000117719, 4487068.452200000174344 ], [ 439569.011300000362098, 4487075.322000001557171 ], [ 439588.14130000025034, 4487083.991900000721216 ], [ 439596.261300000420306, 4487087.631799999624491 ], [ 439607.39130000025034, 4487092.741699998266995 ], [ 439622.201200000010431, 4487099.541500000283122 ], [ 439635.591199999675155, 4487105.641399999149144 ], [ 439649.131199999712408, 4487111.841299998573959 ], [ 439663.401200000196695, 4487118.36119999922812 ], [ 439677.771200000308454, 4487124.921 ], [ 439687.921099999919534, 4487129.620899999514222 ], [ 439692.761099999770522, 4487131.86089999973774 ], [ 439695.221099999675062, 4487132.940899998880923 ], [ 439701.591099999845028, 4487135.680800000205636 ], [ 439709.481100000441074, 4487139.090699999593198 ], [ 439718.971099999733269, 4487143.2906 ], [ 439720.641099999658763, 4487144.360600000247359 ], [ 439722.51109999982873, 4487146.230599999427795 ], [ 439730.961099999956787, 4487156.810599999502301 ], [ 439737.651100000366569, 4487164.950500000268221 ], [ 439752.951200000010431, 4487183.100399999879301 ], [ 439760.951200000010431, 4487192.410399999469519 ], [ 439796.881299999542534, 4487235.590099999681115 ], [ 439839.671500000229571, 4487286.789900000207126 ], [ 439858.281499999575317, 4487309.439799998886883 ], [ 439872.281600000394974, 4487326.549699999392033 ], [ 439890.161600000283215, 4487347.539599998854101 ], [ 439917.821700000204146, 4487380.589400000870228 ], [ 439943.641800000332296, 4487411.64919999986887 ], [ 439976.741899999789894, 4487451.398999999277294 ], [ 440058.562199999578297, 4487549.298499998636544 ], [ 440073.772300000302494, 4487567.818399999290705 ], [ 440082.362300000095274, 4487580.268399999476969 ], [ 440093.852400000207126, 4487599.428300000727177 ], [ 440112.652499999850988, 4487629.768300000578165 ], [ 440118.902499999850988, 4487639.828199999406934 ], [ 440127.032599999569356, 4487652.878200001083314 ], [ 440136.232599999755621, 4487667.8881 ], [ 440169.922899999655783, 4487722.948000000789762 ], [ 440188.502999999560416, 4487752.857899998314679 ], [ 440209.823099999688566, 4487788.077800001017749 ], [ 440223.283200000412762, 4487809.557799999602139 ], [ 440233.583300000056624, 4487826.807700000703335 ], [ 440248.033400000073016, 4487850.277699999511242 ], [ 440257.683400000445545, 4487866.587600000202656 ], [ 440240.743599999696016, 4487882.757899998687208 ], [ 440205.44400000013411, 4487916.578400000929832 ], [ 440189.444199999794364, 4487932.00870000012219 ], [ 440177.564299999678042, 4487943.608899999409914 ], [ 440168.314399999566376, 4487952.778999998234212 ], [ 440156.324599999934435, 4487966.099199999123812 ], [ 440147.064700000046287, 4487976.979399999603629 ], [ 440142.024699999950826, 4487982.6294 ], [ 440138.744800000451505, 4487986.499500000849366 ], [ 440128.854899999685585, 4487998.409700001589954 ], [ 440125.054999999701977, 4488002.8997 ], [ 440121.714999999850988, 4488007.209799999371171 ], [ 440116.775100000202656, 4488014.039899999275804 ], [ 440112.955099999904633, 4488019.5099 ], [ 440103.375199999718461, 4488032.590099999681115 ], [ 440100.285299999639392, 4488037.11009999923408 ], [ 440072.215800000354648, 4488086.970699998550117 ], [ 440061.395899999886751, 4488106.110899998806417 ], [ 440054.006099999882281, 4488120.280999998562038 ], [ 440053.166100000031292, 4488121.930999998934567 ], [ 440050.916100000031292, 4488127.56110000051558 ], [ 440047.336199999786913, 4488135.701199999079108 ], [ 440043.106300000101328, 4488146.1913 ], [ 440034.376500000304077, 4488168.011499999091029 ], [ 440025.546699999831617, 4488189.931699999608099 ], [ 440019.876799999736249, 4488203.57179999910295 ], [ 440016.126899999566376, 4488212.951899999752641 ], [ 440007.307099999859929, 4488235.382099998183548 ], [ 440001.847199999727309, 4488248.162200001068413 ], [ 439999.427199999860022, 4488255.032199999317527 ], [ 439994.807300000451505, 4488266.322299999184906 ], [ 439967.487900000065565, 4488335.252899999730289 ], [ 439956.928100000135601, 4488362.363199999555945 ], [ 439953.058199999853969, 4488371.873299999162555 ], [ 439946.978400000371039, 4488387.313399999402463 ], [ 439937.088600000366569, 4488411.863600000739098 ], [ 439935.948599999770522, 4488415.023600000888109 ], [ 439930.778699999733362, 4488428.06379999872297 ], [ 439921.228900000452995, 4488451.604000000283122 ], [ 439917.699000000022352, 4488460.683999999426305 ], [ 439907.45920000039041, 4488486.944299998693168 ], [ 439896.169400000013411, 4488515.034499999135733 ], [ 439890.409599999897182, 4488529.684699999168515 ], [ 439880.799800000153482, 4488554.674900000914931 ], [ 439867.450100000016391, 4488587.945200000889599 ], [ 439858.3602, 4488611.235400000587106 ], [ 439856.060300000011921, 4488616.795399999246001 ], [ 439841.860600000247359, 4488652.395699999295175 ], [ 439831.090900000184774, 4488685.206000000238419 ], [ 439824.020999999716878, 4488706.146199999377131 ], [ 439821.151100000366569, 4488715.856200001202524 ], [ 439816.261300000362098, 4488733.146400001831353 ], [ 439812.931400000175927, 4488746.496500000357628 ], [ 439791.611999999673571, 4488834.957100000232458 ], [ 439780.752399999648333, 4488876.437400000169873 ], [ 439774.932599999941885, 4488903.487600001506507 ], [ 439767.132799999788404, 4488934.827799998223782 ], [ 439743.753600000345614, 4489031.728499999269843 ], [ 439716.554399999789894, 4489144.369300001300871 ], [ 439667.815999999642372, 4489346.290700000710785 ], [ 439640.296900000423193, 4489461.991499998606741 ], [ 439624.39740000013262, 4489528.471899999305606 ], [ 439607.117999999842141, 4489598.99239999987185 ], [ 439588.978699999861419, 4489674.88289999961853 ], [ 439583.518899999558926, 4489696.993000000715256 ], [ 439581.968999999575317, 4489703.343100000172853 ], [ 439557.719899999909103, 4489800.593699999153614 ], [ 439542.770100000314415, 4489817.873999999836087 ], [ 439500.480700000189245, 4489865.7346 ], [ 439467.821100000292063, 4489901.625099999830127 ], [ 439448.461400000320282, 4489922.63539999909699 ], [ 439451.641400000080466, 4489930.125399998389184 ], [ 439464.761599999852479, 4489957.8854 ], [ 439481.011800000502262, 4489991.175299999304116 ], [ 439497.281999999657273, 4490026.30530000012368 ], [ 439470.073099999746773, 4490142.096000000834465 ], [ 439461.063400000333786, 4490177.446199999190867 ], [ 439456.443599999882281, 4490197.386400000192225 ], [ 439449.333899999968708, 4490225.276599999517202 ], [ 439445.064000000304077, 4490244.846699999645352 ], [ 439440.27419999986887, 4490259.726800001226366 ], [ 439434.974399999715388, 4490286.326899998821318 ], [ 439433.154500000178814, 4490292.467000001110137 ], [ 439431.664499999955297, 4490297.127000000327826 ], [ 439425.314799999818206, 4490324.087200000882149 ], [ 439415.535099999979138, 4490364.047499998472631 ], [ 439409.405399999581277, 4490389.077600000426173 ], [ 439408.175400000123773, 4490392.587599999271333 ], [ 439402.765599999576807, 4490413.967799999751151 ], [ 439400.555700000375509, 4490424.817900000140071 ], [ 439394.195899999700487, 4490450.747999999672174 ], [ 439392.095999999903142, 4490458.598099999129772 ], [ 439389.136099999770522, 4490471.408200000412762 ], [ 439386.276200000196695, 4490482.848200001753867 ], [ 439381.546400000341237, 4490503.158399998210371 ], [ 439380.836500000208616, 4490506.688399999402463 ], [ 439372.667100000195205, 4490581.728800000622869 ], [ 439366.497600000351667, 4490641.418999999761581 ], [ 439365.407700000330806, 4490653.849099999293685 ], [ 439363.727900000289083, 4490670.359200000762939 ], [ 439362.617999999783933, 4490683.4792 ], [ 439361.428100000135601, 4490692.069299999624491 ], [ 439358.858300000429153, 4490715.0793999992311 ], [ 439358.318300000391901, 4490721.4594 ], [ 439357.638399999588728, 4490732.229499999433756 ], [ 439357.768400000408292, 4490734.499500001780689 ], [ 439364.278699999675155, 4490770.329600000753999 ], [ 439371.649000000208616, 4490807.669600000604987 ], [ 439381.679399999789894, 4490859.199700000695884 ], [ 439387.139600000344217, 4490888.389699999243021 ], [ 439385.479600000195205, 4490890.379799999296665 ], [ 439388.4496, 4490894.379799999296665 ], [ 439397.129700000456069, 4490911.209700000472367 ], [ 439466.520499999634922, 4491043.809399999678135 ], [ 439487.490799999795854, 4491080.739400001242757 ], [ 439521.01109999982873, 4491138.90919999871403 ], [ 439559.231499999761581, 4491204.338999998755753 ], [ 439588.821800000034273, 4491256.158900000154972 ], [ 439624.012099999934435, 4491312.308700000867248 ], [ 439637.612300000153482, 4491335.098600000143051 ], [ 439671.992600000521634, 4491389.228500000201166 ], [ 439686.68269999983022, 4491415.8684 ], [ 439689.572800000139978, 4491422.418400000780821 ], [ 439707.822999999858439, 4491458.228299998678267 ], [ 439715.403099999763072, 4491480.828299998305738 ], [ 439719.483300000429153, 4491498.378399998880923 ], [ 439729.02350000012666, 4491531.638399998657405 ], [ 439757.513799999840558, 4491583.168299998156726 ], [ 439769.87430000025779, 4491651.8083999985829 ], [ 439782.934899999760091, 4491722.158500000834465 ], [ 439794.575299999676645, 4491780.838600000366569 ], [ 439799.915599999949336, 4491812.828700000420213 ], [ 439810.596099999733269, 4491879.518799999728799 ], [ 439815.496299999766052, 4491905.768799999728799 ], [ 439823.07660000026226, 4491950.838900000788271 ], [ 439826.306699999608099, 4491967.119000000879169 ], [ 439828.98689999995986, 4491987.329000000841916 ], [ 439834.027099999599159, 4492015.6891 ], [ 439844.847599999979138, 4492082.089199999347329 ], [ 439848.777800000272691, 4492109.049300001002848 ], [ 439854.918100000359118, 4492139.749299999326468 ], [ 439858.358199999667704, 4492156.679300000891089 ], [ 439860.308299999684095, 4492166.989299999549985 ], [ 439863.258399999700487, 4492182.469399998895824 ], [ 439867.248499999754131, 4492203.5793999992311 ], [ 439868.358599999919534, 4492211.079399998299778 ], [ 439887.648500000184868, 4492211.129199999384582 ], [ 440445.096400000154972, 4492212.71309999935329 ] ] ] } },
{ "type": "Feature", "properties": { "tau": -0.50153851509094238, "two_sided_pval": 0.0003559861215762794, "name": "Argüelles", "classification": "negative trend with prob > 99%" }, "geometry": { "type": "Polygon", "coordinates": [ [ [ 436104.790400000289083, 4477445.274300000630319 ], [ 436340.630400000081863, 4477303.827299999073148 ], [ 436422.958899999968708, 4477254.875700000673532 ], [ 436472.23340000025928, 4477221.726600001566112 ], [ 436507.286500000394881, 4477192.514799999073148 ], [ 436749.555499999842141, 4476954.770899998955429 ], [ 436937.853400000429247, 4476766.458100001327693 ], [ 436996.382799999788404, 4476707.927300000563264 ], [ 437040.832299999892712, 4476663.476599999703467 ], [ 437088.42989999987185, 4476609.511600000783801 ], [ 437128.095099999569356, 4476552.011 ], [ 437201.170199999585748, 4476428.354000000283122 ], [ 437224.909900000318885, 4476392.263599999248981 ], [ 437249.729600000195205, 4476354.533200000412762 ], [ 437280.139200000150595, 4476319.592800000682473 ], [ 437327.708700000308454, 4476279.952199998311698 ], [ 437379.198300000280142, 4476251.5515 ], [ 437432.810999999754131, 4476236.525400000624359 ], [ 437476.473799999803305, 4476229.76029999833554 ], [ 437576.776899999938905, 4476220.317899999208748 ], [ 437629.600999999849591, 4476215.921800000593066 ], [ 437697.526100000424776, 4476211.066400000825524 ], [ 437724.613699999637902, 4476210.693600000813603 ], [ 437748.289999999979045, 4476214.3832 ], [ 437798.325299999676645, 4476228.027299999259412 ], [ 438001.9841, 4476295.535500000230968 ], [ 438254.872700000181794, 4476371.903199999593198 ], [ 438389.88190000038594, 4476413.4019 ], [ 438505.001299999654293, 4476475.370899999514222 ], [ 438667.140399999916553, 4476560.599499999545515 ], [ 438789.879300000146031, 4476475.308000000193715 ], [ 438946.787800000049174, 4476370.706199999898672 ], [ 438972.637400000356138, 4476295.715699999593198 ], [ 438976.667299999855459, 4476284.025699999183416 ], [ 438790.428299999795854, 4476183.67720000166446 ], [ 438592.929299999959767, 4476073.878900000825524 ], [ 438582.039300000295043, 4476067.819000001996756 ], [ 438489.789800000435207, 4476016.549799999222159 ], [ 438658.697800000198185, 4475781.467499999329448 ], [ 438680.28760000038892, 4475751.157199998386204 ], [ 438684.767500000074506, 4475744.877100000157952 ], [ 438707.987300000153482, 4475713.176799999549985 ], [ 438731.976999999955297, 4475680.426399999298155 ], [ 438782.376400000415742, 4475610.775800000876188 ], [ 438883.025299999862909, 4475471.694499999284744 ], [ 438946.954599999822676, 4475383.333599998615682 ], [ 439017.943799999542534, 4475285.24269999936223 ], [ 439057.953300000168383, 4475229.942199997603893 ], [ 439062.41330000013113, 4475228.582199999131262 ], [ 439159.002600000239909, 4475199.041200000792742 ], [ 439192.632299999706447, 4475188.770899998955429 ], [ 439241.38190000038594, 4475173.870399999432266 ], [ 439358.480700000189245, 4475013.848900000564754 ], [ 439365.880599999800324, 4475003.748800000175834 ], [ 439316.75069999974221, 4474931.459100000560284 ], [ 439307.160699999891222, 4474921.439200000837445 ], [ 439285.470800000242889, 4474898.78929999936372 ], [ 439224.451000000350177, 4474835.069700000807643 ], [ 439223.331000000238419, 4474833.909700000658631 ], [ 439219.690999999642372, 4474832.509800000116229 ], [ 439215.661000000312924, 4474830.959799998439848 ], [ 439205.011099999770522, 4474830.359899999573827 ], [ 439194.961099999956787, 4474830.96 ], [ 439188.081199999898672, 4474832.010099999606609 ], [ 439179.591300000436604, 4474833.32010000012815 ], [ 439167.771300000196788, 4474838.6403 ], [ 439133.411700000055134, 4474870.7807 ], [ 439103.922000000311527, 4474898.350999999791384 ], [ 439047.752399999648333, 4474932.641599998809397 ], [ 438966.752899999730289, 4474923.18229999858886 ], [ 439002.822499999776483, 4474871.16190000064671 ], [ 439034.152200000360608, 4474826.131500001065433 ], [ 439082.64159999974072, 4474756.460799999535084 ], [ 439083.751299999654293, 4474654.175699999555945 ], [ 438903.122399999760091, 4474652.072200001217425 ], [ 438902.612399999983609, 4474650.952199998311698 ], [ 438893.692400000058115, 4474631.452200000174344 ], [ 438884.922399999573827, 4474612.262299998663366 ], [ 438859.132399999536574, 4474565.24239999987185 ], [ 438827.662499999627471, 4474526.562599999830127 ], [ 438789.742600000463426, 4474488.27280000038445 ], [ 438761.332700000144541, 4474467.352999999187887 ], [ 438743.372800000011921, 4474454.113099998794496 ], [ 438733.862700000405312, 4474407.153100001625717 ], [ 438714.552500000223517, 4474311.722999998368323 ], [ 438503.113400000147521, 4474201.294499999843538 ], [ 438387.514000000432134, 4474146.895400000736117 ], [ 438101.545199999585748, 4474012.317399998195469 ], [ 437826.896499999857042, 4473887.459499999880791 ], [ 437708.977000000013504, 4473833.860200001858175 ], [ 437390.838399999774992, 4473688.922499998472631 ], [ 437338.828499999828637, 4473644.102699999697506 ], [ 437054.939799999818206, 4473440.854800000786781 ], [ 437043.730000000505242, 4473446.494899999350309 ], [ 437036.410000000149012, 4473450.195000001229346 ], [ 437022.850200000219047, 4473457.135199999436736 ], [ 437011.810300000011921, 4473462.175300000235438 ], [ 437004.460400000214577, 4473465.085400000214577 ], [ 436996.660500000230968, 4473468.175499998033047 ], [ 436968.270800000056624, 4473478.275800001807511 ], [ 436954.080900000466499, 4473481.426000001840293 ], [ 436946.510999999940395, 4473482.366099999286234 ], [ 436942.400999999605119, 4473482.826099999248981 ], [ 436940.831000000180211, 4473482.9962 ], [ 436936.310999999695923, 4473482.596200000494719 ], [ 436930.101099999621511, 4473482.046299999579787 ], [ 436910.551300000399351, 4473477.00650000013411 ], [ 436885.001500000245869, 4473469.746699999086559 ], [ 436878.361499999591615, 4473467.716799999587238 ], [ 436838.621799999848008, 4473455.5472 ], [ 436833.151899999938905, 4473452.937200002372265 ], [ 436830.741899999789894, 4473451.757200000807643 ], [ 436824.111899999901652, 4473448.297300000675023 ], [ 436821.271900000108872, 4473444.517300000414252 ], [ 436816.141900000162423, 4473435.967299999669194 ], [ 436577.543899999931455, 4473396.939799999818206 ], [ 436542.404199999815319, 4473391.190199999138713 ], [ 436374.345599999651313, 4473362.231799999251962 ], [ 436316.926099999807775, 4473352.922500000335276 ], [ 436308.436200000345707, 4473351.542599999345839 ], [ 436299.206199999898672, 4473349.642699998803437 ], [ 436288.246299999766052, 4473347.382799998857081 ], [ 436187.207000000402331, 4473285.173599999397993 ], [ 436136.827399999834597, 4473254.153999999165535 ], [ 435944.198699999600649, 4473128.465600000694394 ], [ 435877.869099999777973, 4473083.836200000718236 ], [ 435855.559299999848008, 4473073.996499999426305 ], [ 435841.579400000162423, 4473069.706599999219179 ], [ 435827.589499999769032, 4473067.546699999831617 ], [ 435808.769700000062585, 4473066.466900000348687 ], [ 435789.939899999648333, 4473063.767099999822676 ], [ 435776.5, 4473060.01729999948293 ], [ 435761.440100000239909, 4473053.567399999126792 ], [ 435736.1602999996976, 4473035.2676 ], [ 435710.130400000140071, 4473016.427799999713898 ], [ 435531.081700000038836, 4472882.569299999624491 ], [ 435522.101700000464916, 4472872.089300000108778 ], [ 435490.681900000199676, 4472836.309499999508262 ], [ 435471.932000000029802, 4472805.629600000567734 ], [ 435440.852099999785423, 4472752.399799999780953 ], [ 435314.332600000314415, 4472543.800300000235438 ], [ 435304.332700000144541, 4472537.2204 ], [ 435274.852900000289083, 4472510.610600001178682 ], [ 435135.973799999803305, 4472368.831599999219179 ], [ 435103.064100000075996, 4472357.921900000423193 ], [ 435038.55460000038147, 4472336.552500000223517 ], [ 435028.374800000339746, 4472355.652699998579919 ], [ 434910.775899999774992, 4472352.463999999687076 ], [ 434718.497800000011921, 4472396.966199999675155 ], [ 434602.478900000452995, 4472388.227399999275804 ], [ 434344.721499999985099, 4472473.520600000396371 ], [ 434331.841599999926984, 4472475.790699999779463 ], [ 434271.652200000418816, 4472477.72139999922365 ], [ 434271.562199999578297, 4472477.721400000154972 ], [ 434271.180700000375509, 4472477.718200000934303 ], [ 434271.026499999687076, 4472485.07010000012815 ], [ 434273.078999999910593, 4472504.755999999120831 ], [ 434280.981900000013411, 4472575.552400000393391 ], [ 434285.675200000405312, 4472620.284400000236928 ], [ 434291.357300000265241, 4472676.655600000172853 ], [ 434253.661500000394881, 4472723.564200001768768 ], [ 434239.531299999973271, 4472741.034800000488758 ], [ 434226.965599999821279, 4472757.111699999310076 ], [ 434167.481100000441074, 4472831.588699999265373 ], [ 434122.867300000041723, 4472892.403899999335408 ], [ 434119.38399999961257, 4472903.447000000625849 ], [ 434105.325899999588728, 4472948.7703 ], [ 434078.886500000022352, 4473031.729299999773502 ], [ 434061.957000000402331, 4473062.253000000491738 ], [ 434013.605000000447035, 4473152.07899999897927 ], [ 434008.658999999985099, 4473163.972999998368323 ], [ 433986.701000000350177, 4473216.646000000648201 ], [ 433954.919999999925494, 4473292.346000001765788 ], [ 433935.085400000214577, 4473358.750600000843406 ], [ 433905.299700000323355, 4473532.6765 ], [ 433891.429100000299513, 4473615.497300000861287 ], [ 433885.041000000201166, 4473668.429999998770654 ], [ 433876.238199999555945, 4473740.9831000007689 ], [ 433872.326399999670684, 4473773.118200000375509 ], [ 433866.379099999554455, 4473804.253199999220669 ], [ 433859.103099999949336, 4473822.107799998484552 ], [ 433853.008100000268314, 4473836.462100001052022 ], [ 433843.39130000025034, 4473860.8805 ], [ 433834.010999999940395, 4473884.298900000751019 ], [ 433815.848000000230968, 4473929.8037 ], [ 433775.185200000181794, 4474029.365199999883771 ], [ 433744.37540000025183, 4474197.279200000688434 ], [ 433708.182599999941885, 4474397.073200000450015 ], [ 433708.063699999824166, 4474397.903900000266731 ], [ 433708.153400000184774, 4474398.838300000876188 ], [ 433717.057000000029802, 4474444.948999999091029 ], [ 433729.833100000396371, 4474517.51170000154525 ], [ 433741.670599999837577, 4474574.908699999563396 ], [ 433797.738499999977648, 4474865.372999999672174 ], [ 433800.510200000368059, 4474878.109899998642504 ], [ 433845.646599999628961, 4474987.85869999974966 ], [ 433845.655500000284519, 4474987.879899998195469 ], [ 433851.807799999602139, 4475003.22309999819845 ], [ 433867.125400000193622, 4475041.197699999436736 ], [ 433869.96999999973923, 4475048.849299999885261 ], [ 433907.774799999780953, 4475140.6102 ], [ 433945.560999999754131, 4475171.8958 ], [ 433978.970200000330806, 4475197.49129999987781 ], [ 434013.037499999627471, 4475225.212099998258054 ], [ 434038.480499999597669, 4475245.246400001458824 ], [ 434101.356999999901745, 4475294.895300000905991 ], [ 434180.750199999660254, 4475358.253799999132752 ], [ 434246.025299999862909, 4475409.825500000268221 ], [ 434315.393799999728799, 4475464.940099998377264 ], [ 434379.835599999933038, 4475516.2971 ], [ 434428.432000000029802, 4475554.738799999468029 ], [ 434429.85329999960959, 4475555.862100000493228 ], [ 434453.884200000204146, 4475574.880799999460578 ], [ 434517.654799999727402, 4475625.224099999293685 ], [ 434533.184899999760091, 4475637.715600000694394 ], [ 434533.301799999549985, 4475637.808199999853969 ], [ 434559.306300000287592, 4475658.418399999849498 ], [ 434619.888600000180304, 4475706.426299999468029 ], [ 434623.899400000460446, 4476311.618899999186397 ], [ 434626.074000000022352, 4476685.208599998615682 ], [ 434627.264499999582767, 4476911.394700000993907 ], [ 434627.99210000038147, 4476999.964199999347329 ], [ 434628.60840000025928, 4477077.11849999986589 ], [ 434628.740600000135601, 4477108.921499998308718 ], [ 434629.084599999710917, 4477149.746799999848008 ], [ 434629.349200000055134, 4477210.521699999459088 ], [ 434629.719600000418723, 4477248.780500000342727 ], [ 434629.985100000165403, 4477293.5702 ], [ 434630.002199999929871, 4477316.762599998153746 ], [ 434630.180900000035763, 4477330.3903 ], [ 434630.110000000335276, 4477330.390000001527369 ], [ 434628.697399999946356, 4477330.295900001190603 ], [ 434633.476999999955297, 4477381.948199999518692 ], [ 434965.253999999666121, 4477745.395199998281896 ], [ 435018.449000000022352, 4477783.215600000694394 ], [ 435104.544800000265241, 4477829.337799999862909 ], [ 435320.737200000323355, 4477934.198699999600649 ], [ 435331.159099999873433, 4477921.740599999204278 ], [ 435351.455099999904633, 4477900.979800000786781 ], [ 435378.513700000010431, 4477880.992799999192357 ], [ 435434.475700000301003, 4477845.016099999658763 ], [ 435620.810899999924004, 4477733.7034 ], [ 435747.18680000025779, 4477659.289899998344481 ], [ 435876.637400000414345, 4477580.879000000655651 ], [ 435992.251299999712501, 4477512.000499999150634 ], [ 436104.790400000289083, 4477445.274300000630319 ] ] ] } },
{ "type": "Feature", "properties": { "tau": -0.47076928615570068, "two_sided_pval": 0.00080719467950984836, "name": "Casa de Campo", "classification": "negative trend with prob > 99%" }, "geometry": { "type": "Polygon", "coordinates": [ [ [ 439486.359299999661744, 4474830.467299999669194 ], [ 439482.049300000129733, 4474821.317299999296665 ], [ 439438.089399999938905, 4474783.487599999643862 ], [ 439300.729899999743793, 4474665.278599999845028 ], [ 439300.669900000095367, 4474665.258600000292063 ], [ 439260.3602, 4474660.108999998308718 ], [ 439190.540599999949336, 4474659.42960000038147 ], [ 439083.751299999654293, 4474654.175699999555945 ], [ 439082.64159999974072, 4474756.460799999535084 ], [ 439034.152200000360608, 4474826.131500001065433 ], [ 439002.822499999776483, 4474871.16190000064671 ], [ 438966.752899999730289, 4474923.18229999858886 ], [ 439047.752399999648333, 4474932.641599998809397 ], [ 439103.922000000311527, 4474898.350999999791384 ], [ 439133.411700000055134, 4474870.7807 ], [ 439167.771300000196788, 4474838.6403 ], [ 439179.591300000436604, 4474833.32010000012815 ], [ 439188.081199999898672, 4474832.010099999606609 ], [ 439194.961099999956787, 4474830.96 ], [ 439205.011099999770522, 4474830.359899999573827 ], [ 439215.661000000312924, 4474830.959799998439848 ], [ 439219.690999999642372, 4474832.509800000116229 ], [ 439223.331000000238419, 4474833.909700000658631 ], [ 439224.451000000350177, 4474835.069700000807643 ], [ 439285.470800000242889, 4474898.78929999936372 ], [ 439307.160699999891222, 4474921.439200000837445 ], [ 439316.75069999974221, 4474931.459100000560284 ], [ 439365.880599999800324, 4475003.748800000175834 ], [ 439358.480700000189245, 4475013.848900000564754 ], [ 439241.38190000038594, 4475173.870399999432266 ], [ 439192.632299999706447, 4475188.770899998955429 ], [ 439159.002600000239909, 4475199.041200000792742 ], [ 439062.41330000013113, 4475228.582199999131262 ], [ 439057.953300000168383, 4475229.942199997603893 ], [ 439017.943799999542534, 4475285.24269999936223 ], [ 438946.954599999822676, 4475383.333599998615682 ], [ 438883.025299999862909, 4475471.694499999284744 ], [ 438782.376400000415742, 4475610.775800000876188 ], [ 438731.976999999955297, 4475680.426399999298155 ], [ 438707.987300000153482, 4475713.176799999549985 ], [ 438684.767500000074506, 4475744.877100000157952 ], [ 438680.28760000038892, 4475751.157199998386204 ], [ 438658.697800000198185, 4475781.467499999329448 ], [ 438489.789800000435207, 4476016.549799999222159 ], [ 438582.039300000295043, 4476067.819000001996756 ], [ 438592.929299999959767, 4476073.878900000825524 ], [ 438790.428299999795854, 4476183.67720000166446 ], [ 438976.667299999855459, 4476284.025699999183416 ], [ 438972.637400000356138, 4476295.715699999593198 ], [ 438946.787800000049174, 4476370.706199999898672 ], [ 439079.666799999773502, 4476347.584799998439848 ], [ 439067.496600000187755, 4476262.884700000286102 ], [ 439165.465400000161026, 4476075.953200000338256 ], [ 439162.365399999544024, 4476075.883300000801682 ], [ 439133.255599999800324, 4476075.253599998541176 ], [ 439103.845700000412762, 4476065.013799999840558 ], [ 439133.105399999767542, 4476011.803400000557303 ], [ 439143.835199999623001, 4475992.263199998997152 ], [ 439169.80489999987185, 4475945.062899998389184 ], [ 439184.584699999482837, 4475918.102699999697506 ], [ 439248.503899999894202, 4475802.941800001077354 ], [ 439251.223899999691639, 4475797.921800000593066 ], [ 439301.373200000321958, 4475705.530999998562038 ], [ 439390.682099999859929, 4475543.519799999892712 ], [ 439423.711699999927077, 4475483.609299999661744 ], [ 439443.401499999687076, 4475447.869100000709295 ], [ 439503.790699999779463, 4475330.148199998773634 ], [ 439563.639999999664724, 4475213.467400001361966 ], [ 439626.279199999698903, 4475095.676599998958409 ], [ 439694.508399999700487, 4474998.585799998603761 ], [ 439692.568500000052154, 4474997.265799998305738 ], [ 439671.598500000312924, 4474983.025999999605119 ], [ 439623.868700000457466, 4474946.936300000175834 ], [ 439511.119199999608099, 4474861.677199999801815 ], [ 439499.819199999794364, 4474847.43720000050962 ], [ 439486.359299999661744, 4474830.467299999669194 ] ] ] } },
{ "type": "Feature", "properties": { "tau": -0.53230774402618408, "two_sided_pval": 0.00014995328092481941, "name": "Aravaca", "classification": "negative trend with prob > 99%" }, "geometry": { "type": "Polygon", "coordinates": [ [ [ 435850.488500000035856, 4481278.20890000090003 ], [ 435856.458399999886751, 4481277.798900000751019 ], [ 435858.018400000466499, 4481278.048900001682341 ], [ 435865.79839999973774, 4481279.328799999319017 ], [ 435873.848299999721348, 4481279.328700000420213 ], [ 435878.22829999960959, 4481277.868599999696016 ], [ 435889.838200000056531, 4481264.768500000238419 ], [ 435901.008100000268314, 4481252.168299999088049 ], [ 435902.098100000061095, 4481251.5883 ], [ 435904.798000000417233, 4481250.178200001828372 ], [ 435910.037999999767635, 4481248.118200000375509 ], [ 435912.537999999709427, 4481247.958100002259016 ], [ 435916.737999999895692, 4481247.718100000172853 ], [ 435917.718000000342727, 4481248.0581 ], [ 435924.247899999900255, 4481250.31800000090152 ], [ 435929.027900000102818, 4481254.75800000037998 ], [ 435929.017900000326335, 4481256.257999999448657 ], [ 435928.957999999634922, 4481264.847999999299645 ], [ 435929.298000000417233, 4481268.028 ], [ 435931.888000000268221, 4481271.54799999948591 ], [ 435933.978000000119209, 4481272.858 ], [ 435935.728000000119209, 4481273.948000000789762 ], [ 435940.517900000326335, 4481275.207900000736117 ], [ 435941.637900000496302, 4481275.407900000922382 ], [ 435949.747899999842048, 4481276.867900000885129 ], [ 435954.367899999953806, 4481277.507799998857081 ], [ 435955.517900000326335, 4481277.677799999713898 ], [ 435956.347900000342634, 4481277.64780000038445 ], [ 435959.877799999900162, 4481277.577699999324977 ], [ 435961.507799999788404, 4481277.547700001858175 ], [ 435962.427799999713898, 4481277.537699998356402 ], [ 435964.807799999602139, 4481277.067699999548495 ], [ 435966.477800000458956, 4481276.727699999697506 ], [ 435971.507799999788404, 4481274.54759999923408 ], [ 435976.367700000293553, 4481272.6875 ], [ 435979.697700000368059, 4481272.557499999180436 ], [ 435992.03760000038892, 4481273.817399999126792 ], [ 435996.427600000111852, 4481273.147299999371171 ], [ 435999.447599999664817, 4481272.01729999948293 ], [ 436002.267599999904633, 4481270.957299998961389 ], [ 436010.677500000223517, 4481266.147099998779595 ], [ 436015.617499999701977, 4481263.317099998705089 ], [ 436023.11739999987185, 4481258.337000000290573 ], [ 436037.307300000393298, 4481253.356800000183284 ], [ 436040.847299999557436, 4481251.876799999736249 ], [ 436045.887199999764562, 4481249.786699999123812 ], [ 436047.96719999978086, 4481248.616699998266995 ], [ 436049.72719999961555, 4481247.626599999144673 ], [ 436050.987200000381563, 4481245.916600000113249 ], [ 436051.397199999541044, 4481245.356599999591708 ], [ 436052.957200000062585, 4481244.686599999666214 ], [ 436055.547199999913573, 4481243.586600000970066 ], [ 436057.707200000062585, 4481243.086500000208616 ], [ 436059.877100000157952, 4481242.5965 ], [ 436061.387099999934435, 4481242.3065 ], [ 436064.407100000418723, 4481241.716499998234212 ], [ 436068.887099999934435, 4481239.356399999000132 ], [ 436070.027099999599159, 4481238.756300000473857 ], [ 436069.637000000104308, 4481225.546299998648465 ], [ 436066.286999999545515, 4481207.10630000103265 ], [ 436062.566899999976158, 4481186.706299998797476 ], [ 436061.546900000423193, 4481181.086200000718236 ], [ 436055.046799999661744, 4481159.016200000420213 ], [ 436048.93680000025779, 4481143.836200000718236 ], [ 436048.536700000055134, 4481121.9561 ], [ 436048.426699999719858, 4481120.5461 ], [ 436047.356700000353158, 4481106.976100000552833 ], [ 436051.496600000187755, 4481092.776000000536442 ], [ 436058.336600000038743, 4481093.655899998731911 ], [ 436082.4364, 4481096.755699999630451 ], [ 436128.54619999974966, 4481101.645200000144541 ], [ 436127.54619999974966, 4481108.735200000926852 ], [ 436127.086199999786913, 4481112.035200000740588 ], [ 436300.975300000049174, 4481134.903400000184774 ], [ 436300.81529999995837, 4481130.463399999774992 ], [ 436281.354700000025332, 4480956.962899999693036 ], [ 436278.154699999897275, 4480928.57279999833554 ], [ 436275.354500000365078, 4480881.302699999883771 ], [ 436278.154199999815319, 4480818.8224 ], [ 436287.373700000345707, 4480700.251800001598895 ], [ 436292.893500000238419, 4480655.281499999575317 ], [ 436295.793399999907706, 4480631.651399999856949 ], [ 436297.543300000019372, 4480618.551300000399351 ], [ 436299.793200000189245, 4480601.721200000494719 ], [ 436309.81290000025183, 4480543.640799999237061 ], [ 436361.24170000012964, 4480314.979300000704825 ], [ 436371.901399999856949, 4480267.629000000655651 ], [ 436394.351099999621511, 4480208.158500000834465 ], [ 436390.60120000038296, 4480229.808599999174476 ], [ 436385.421299999579787, 4480259.688799999654293 ], [ 436366.681900000199676, 4480367.799499998800457 ], [ 436364.292000000423286, 4480399.839600000530481 ], [ 436364.682099999859929, 4480425.879799998365343 ], [ 436367.10219999961555, 4480452.3098 ], [ 436375.502299999818206, 4480485.9699 ], [ 436383.912399999797344, 4480510.799900001846254 ], [ 436392.072399999946356, 4480528.609899999573827 ], [ 436401.132399999536574, 4480545.239899999462068 ], [ 436408.422399999573827, 4480557.249800000339746 ], [ 436419.662399999797344, 4480573.469799999147654 ], [ 436427.632399999536574, 4480583.799700000323355 ], [ 436437.442400000058115, 4480595.169700000435114 ], [ 436448.43240000033984, 4480606.679599999450147 ], [ 436460.982300000323448, 4480618.459499998949468 ], [ 436472.232300000265241, 4480627.599399999715388 ], [ 436482.562300000339746, 4480635.5793999992311 ], [ 436493.422199999913573, 4480642.909299999475479 ], [ 436509.502199999988079, 4480652.719099999405444 ], [ 436522.322100000514183, 4480659.50899999961257 ], [ 436543.292100000195205, 4480669.238799999468029 ], [ 436564.731999999843538, 4480675.918600000441074 ], [ 436583.051900000369642, 4480679.758400000631809 ], [ 436604.201799999922514, 4480683.878199999220669 ], [ 436639.861600000411272, 4480689.847899999469519 ], [ 436654.621500000357628, 4480690.407700000330806 ], [ 436711.991200000105891, 4480689.68709999974817 ], [ 436742.220999999903142, 4480688.556700001470745 ], [ 436789.520700000226498, 4480687.566199999302626 ], [ 436875.620199999772012, 4480685.245300000533462 ], [ 436963.809700000099838, 4480682.574300001375377 ], [ 436999.349499999545515, 4480681.343900000676513 ], [ 437081.409000000043306, 4480678.443 ], [ 437148.098500000312924, 4480673.462300000712276 ], [ 437152.698499999940395, 4480673.11219999846071 ], [ 437162.248499999754131, 4480672.402100000530481 ], [ 437202.118200000375509, 4480665.831599999219179 ], [ 437248.397900000272784, 4480653.371099998243153 ], [ 437325.557300000451505, 4480629.060099999420345 ], [ 437478.766099999658763, 4480580.7982 ], [ 437614.725100000447128, 4480537.506500001065433 ], [ 437638.934899999760091, 4480529.79619999974966 ], [ 437704.16440000012517, 4480511.925400000996888 ], [ 437726.514200000092387, 4480505.80519999936223 ], [ 437749.024000000266824, 4480500.984899998642504 ], [ 437784.703800000308547, 4480493.344500000588596 ], [ 437816.923499999626074, 4480487.784099998883903 ], [ 437829.373499999754131, 4480485.923900000751019 ], [ 437847.063299999572337, 4480483.283699999563396 ], [ 437913.922899999655783, 4480477.39299999922514 ], [ 437929.632799999788404, 4480476.7028 ], [ 437955.13260000012815, 4480475.592499999329448 ], [ 438001.2023, 4480473.581999999471009 ], [ 438086.071800000034273, 4480476.011099999770522 ], [ 438153.971400000154972, 4480483.630300000309944 ], [ 438182.681200000457466, 4480488.570000000298023 ], [ 438243.6508999998332, 4480499.0494 ], [ 438248.100599999539554, 4480441.709099999628961 ], [ 438330.939500000269618, 4480317.797700000926852 ], [ 438335.629399999976158, 4480309.507599999196827 ], [ 438356.119099999777973, 4480273.387199998833239 ], [ 438360.32909999974072, 4480270.647199998609722 ], [ 438366.748999999836087, 4480264.237100000493228 ], [ 438395.608599999919534, 4480220.00650000013411 ], [ 438445.93790000025183, 4480142.9057 ], [ 438460.387699999846518, 4480115.335399999283254 ], [ 438463.677699999883771, 4480109.055299999192357 ], [ 438478.827499999722932, 4480086.505099999718368 ], [ 438531.136800000385847, 4480008.624199999496341 ], [ 438550.69649999961257, 4479983.133899999782443 ], [ 438553.476499999931548, 4479979.513900000602007 ], [ 438563.896399999968708, 4479966.153699999675155 ], [ 438587.316100000403821, 4479936.193300000391901 ], [ 438590.025999999605119, 4479930.783299999311566 ], [ 438592.065999999642372, 4479923.323200000450015 ], [ 438594.475899999961257, 4479909.3931 ], [ 438594.7659, 4479907.763099999167025 ], [ 438595.755800000391901, 4479902.583100000396371 ], [ 438607.105499999597669, 4479842.972699999809265 ], [ 438626.574900000356138, 4479740.582100000232458 ], [ 438632.66469999961555, 4479714.1919 ], [ 438638.084499999880791, 4479668.831700000911951 ], [ 438645.203900000080466, 4479562.56110000051558 ], [ 438748.433000000193715, 4479519.969799998216331 ], [ 438773.762799999676645, 4479510.469499999657273 ], [ 438803.302600000053644, 4479503.079199999570847 ], [ 438826.52240000013262, 4479499.918899999000132 ], [ 438842.352300000376999, 4479493.578700000420213 ], [ 438852.902200000360608, 4479486.198599999770522 ], [ 438860.292100000195205, 4479480.918500000610948 ], [ 438866.611999999731779, 4479473.54839999973774 ], [ 438870.851900000183377, 4479460.868300000205636 ], [ 438875.071800000034273, 4479447.148199998773634 ], [ 438877.181800000369549, 4479441.878099999390543 ], [ 438882.451700000092387, 4479435.54799999948591 ], [ 438897.231599999591708, 4479419.707800001837313 ], [ 438914.121399999596179, 4479405.987600000575185 ], [ 438929.931200000457466, 4479394.387299998663366 ], [ 438967.680900000035763, 4479368.486799999140203 ], [ 438972.570799999812152, 4479359.176699998788536 ], [ 438984.810600000433624, 4479337.666500001214445 ], [ 438988.630499999970198, 4479330.93650000076741 ], [ 438999.25040000025183, 4479317.276200000196695 ], [ 439002.340300000272691, 4479310.146199998445809 ], [ 439015.020100000314415, 4479280.936000000685453 ], [ 439044.90959999995539, 4479212.085399999283254 ], [ 439044.309500000439584, 4479201.975299998186529 ], [ 439044.089499999769032, 4479198.225299999117851 ], [ 439035.939500000327826, 4479177.83530000038445 ], [ 439017.169499999843538, 4479154.185399999842048 ], [ 438996.799499999731779, 4479133.805600000545382 ], [ 438987.009499999752734, 4479112.605599999427795 ], [ 438985.379399999976158, 4479100.365599998272955 ], [ 438985.379300000146031, 4479076.725499999709427 ], [ 438985.839300000108778, 4479073.645399999804795 ], [ 438987.839200000278652, 4479060.415400000289083 ], [ 438992.509200000204146, 4479049.715299999341369 ], [ 438993.539099999703467, 4479047.365299998782575 ], [ 438993.989099999889731, 4479046.835199999623001 ], [ 439002.519000000378583, 4479036.765099999494851 ], [ 439019.038900000043213, 4479029.984899998642504 ], [ 439227.987099999561906, 4478944.172299998812377 ], [ 439302.576399999670684, 4478913.541300000622869 ], [ 439537.644299999810755, 4478814.358300001360476 ], [ 439673.403199999593198, 4478779.606799999251962 ], [ 439613.633100000210106, 4478665.656999998725951 ], [ 439555.862900000065565, 4478555.517200000584126 ], [ 439533.342799999751151, 4478492.357100000604987 ], [ 439541.972500000149012, 4478460.906999999657273 ], [ 439552.102300000376999, 4478435.5768 ], [ 439561.362200000323355, 4478412.446599999442697 ], [ 439570.512000000104308, 4478383.456399998627603 ], [ 439519.361800000013318, 4478286.356500000692904 ], [ 439631.550699999555945, 4478214.095000000670552 ], [ 439649.450500000268221, 4478202.154799999669194 ], [ 439711.169400000013411, 4478071.923599999397993 ], [ 439765.458499999716878, 4477957.372600000351667 ], [ 439769.538399999961257, 4477954.7725 ], [ 439778.218299999833107, 4477949.252399999648333 ], [ 439804.627899999730289, 4477893.1519 ], [ 439879.73649999970803, 4477733.58049999922514 ], [ 439886.396400000026915, 4477719.46030000038445 ], [ 439935.005599999742117, 4477622.67949999962002 ], [ 439858.626199999824166, 4477628.070299998857081 ], [ 439753.416799999773502, 4477598.921299998648465 ], [ 439596.747600000351667, 4477548.322699998505414 ], [ 439387.368800000287592, 4477480.694700000807643 ], [ 439322.419400000013411, 4477508.635500000789762 ], [ 439306.35950000025332, 4477517.09569999948144 ], [ 439187.100700000301003, 4477577.737299999222159 ], [ 439174.560800000093877, 4477583.217400000430644 ], [ 439160.460900000296533, 4477587.137599999085069 ], [ 439140.871100000164006, 4477588.707800000905991 ], [ 439112.671299999579787, 4477585.568099998869002 ], [ 439096.491399999707937, 4477582.658200000412762 ], [ 439028.251500000245869, 4477502.258600000292063 ], [ 438977.281499999575317, 4477442.17890000063926 ], [ 438960.311599999666214, 4477421.848999999463558 ], [ 438953.95160000026226, 4477414.229099999181926 ], [ 438951.321600000374019, 4477408.969099999405444 ], [ 438948.691499999724329, 4477402.389100001193583 ], [ 438948.301500000059605, 4477397.809099999256432 ], [ 438947.811499999836087, 4477392.31910000089556 ], [ 438958.330799999646842, 4477260.378399999812245 ], [ 438975.020499999693129, 4477228.038099999539554 ], [ 439010.410000000090804, 4477159.47749999910593 ], [ 439094.128700000233948, 4476949.806099999696016 ], [ 439116.978400000371039, 4476889.965700000524521 ], [ 439136.167999999597669, 4476839.685399999842048 ], [ 439137.127999999618623, 4476835.0154 ], [ 439138.978000000119209, 4476826.075300000607967 ], [ 439140.577899999916553, 4476801.645300000905991 ], [ 439140.177799999772105, 4476786.435200000181794 ], [ 439139.357800000347197, 4476778.855200001038611 ], [ 439136.977800000458956, 4476756.905200002714992 ], [ 439097.277099999599159, 4476469.304899998940527 ], [ 439092.967000000178814, 4476439.484900000505149 ], [ 439079.666799999773502, 4476347.584799998439848 ], [ 438946.787800000049174, 4476370.706199999898672 ], [ 438789.879300000146031, 4476475.308000000193715 ], [ 438667.140399999916553, 4476560.599499999545515 ], [ 438505.001299999654293, 4476475.370899999514222 ], [ 438389.88190000038594, 4476413.4019 ], [ 438254.872700000181794, 4476371.903199999593198 ], [ 438001.9841, 4476295.535500000230968 ], [ 437798.325299999676645, 4476228.027299999259412 ], [ 437748.289999999979045, 4476214.3832 ], [ 437724.613699999637902, 4476210.693600000813603 ], [ 437697.526100000424776, 4476211.066400000825524 ], [ 437629.600999999849591, 4476215.921800000593066 ], [ 437576.776899999938905, 4476220.317899999208748 ], [ 437476.473799999803305, 4476229.76029999833554 ], [ 437432.810999999754131, 4476236.525400000624359 ], [ 437379.198300000280142, 4476251.5515 ], [ 437327.708700000308454, 4476279.952199998311698 ], [ 437280.139200000150595, 4476319.592800000682473 ], [ 437249.729600000195205, 4476354.533200000412762 ], [ 437224.909900000318885, 4476392.263599999248981 ], [ 437201.170199999585748, 4476428.354000000283122 ], [ 437128.095099999569356, 4476552.011 ], [ 437088.42989999987185, 4476609.511600000783801 ], [ 437040.832299999892712, 4476663.476599999703467 ], [ 436996.382799999788404, 4476707.927300000563264 ], [ 436937.853400000429247, 4476766.458100001327693 ], [ 436749.555499999842141, 4476954.770899998955429 ], [ 436507.286500000394881, 4477192.514799999073148 ], [ 436472.23340000025928, 4477221.726600001566112 ], [ 436422.958899999968708, 4477254.875700000673532 ], [ 436340.630400000081863, 4477303.827299999073148 ], [ 436104.790400000289083, 4477445.274300000630319 ], [ 435992.251299999712501, 4477512.000499999150634 ], [ 435876.637400000414345, 4477580.879000000655651 ], [ 435747.18680000025779, 4477659.289899998344481 ], [ 435620.810899999924004, 4477733.7034 ], [ 435434.475700000301003, 4477845.016099999658763 ], [ 435378.513700000010431, 4477880.992799999192357 ], [ 435351.455099999904633, 4477900.979800000786781 ], [ 435331.159099999873433, 4477921.740599999204278 ], [ 435320.737200000323355, 4477934.198699999600649 ], [ 435336.519100000150502, 4477941.320599998347461 ], [ 435359.205299999564886, 4477950.965999999083579 ], [ 435376.069500000216067, 4477956.371099999174476 ], [ 435395.960500000044703, 4477958.965299998410046 ], [ 435411.959800000302494, 4477957.667899999767542 ], [ 435427.74280000012368, 4477954.208399998955429 ], [ 435432.931800000369549, 4477952.04619999974966 ], [ 435779.976800000295043, 4478118.556399998255074 ], [ 435785.167100000195205, 4478220.166800000704825 ], [ 435792.577100000344217, 4478237.206800000742078 ], [ 435777.757699999958277, 4478344.747400000691414 ], [ 435748.088000000454485, 4478385.527899998240173 ], [ 435732.528199999593198, 4478396.648100000806153 ], [ 435730.158200000412762, 4478400.4282 ], [ 435709.54839999973774, 4478428.3185 ], [ 435692.588700000196695, 4478461.038799999281764 ], [ 435610.169900000095367, 4478652.540599999018013 ], [ 435353.223299999721348, 4479114.33530000038445 ], [ 435378.133600000292063, 4479222.465500000864267 ], [ 435332.023900000378489, 4479230.145999998785555 ], [ 435337.543899999931455, 4479251.786100001074374 ], [ 435395.124400000087917, 4479478.136399999260902 ], [ 435350.225300000107381, 4479659.397600001655519 ], [ 435304.416299999691546, 4479844.338899999856949 ], [ 435238.307599999941885, 4480097.310699999332428 ], [ 435183.838700000196695, 4480292.602099999785423 ], [ 435170.028900000266731, 4480338.202400001697242 ], [ 435079.630499999970198, 4480642.364700000733137 ], [ 435268.599200000055134, 4480582.4024 ], [ 435275.639200000092387, 4480581.062300000339746 ], [ 435270.958800000196788, 4480484.101900001056492 ], [ 435280.978699999919627, 4480475.261799999512732 ], [ 435286.228699999861419, 4480473.511700000613928 ], [ 435290.528699999675155, 4480473.581700000911951 ], [ 435303.448599999770522, 4480473.801499999128282 ], [ 435309.848600000143051, 4480473.271500000730157 ], [ 435318.628499999642372, 4480472.53139999974519 ], [ 435340.518299999646842, 4480465.921100000850856 ], [ 435355.978199999779463, 4480461.240900000557303 ], [ 435362.458200000226498, 4480459.830799999646842 ], [ 435371.058100000023842, 4480457.940700000151992 ], [ 435383.108099999837577, 4480457.760600000619888 ], [ 435408.327899999916553, 4480458.120300001464784 ], [ 435443.127700000070035, 4480458.629899999126792 ], [ 435485.21750000026077, 4480459.13950000051409 ], [ 435507.037299999967217, 4480459.399299999698997 ], [ 435534.767199999652803, 4480460.958999999798834 ], [ 435542.447100000455976, 4480460.75889999885112 ], [ 435554.18709999974817, 4480458.338700000196695 ], [ 435555.097000000067055, 4480458.138699998147786 ], [ 435557.587000000290573, 4480457.958700000308454 ], [ 435567.347000000125263, 4480457.258600000292063 ], [ 435578.72690000012517, 4480454.728400000371039 ], [ 435583.706899999640882, 4480455.04839999973774 ], [ 435586.416899999603629, 4480455.218399999663234 ], [ 435589.176799999549985, 4480455.8383 ], [ 435598.576799999922514, 4480457.938200000673532 ], [ 435604.096800000406802, 4480461.22819999884814 ], [ 435609.366799999959767, 4480464.368200001306832 ], [ 435617.566700000315905, 4480472.738099999725819 ], [ 435618.116700000071432, 4480473.318099998869002 ], [ 435620.206700000038836, 4480474.408100000582635 ], [ 435623.666699999943376, 4480476.2281 ], [ 435632.326700000092387, 4480477.198000000789762 ], [ 435640.976599999703467, 4480482.44789999909699 ], [ 435645.686599999724422, 4480484.837800000794232 ], [ 435652.166600000113249, 4480488.107799999415874 ], [ 435656.616600000299513, 4480489.827699999324977 ], [ 435659.666600000113249, 4480491.017699999734759 ], [ 435669.486499999649823, 4480493.637599999085069 ], [ 435672.426500000117812, 4480493.6776 ], [ 435677.566499999724329, 4480493.737499999813735 ], [ 435679.776399999856949, 4480492.847499999217689 ], [ 435684.756400000303984, 4480490.817399999126792 ], [ 435693.316300000122283, 4480485.957300000824034 ], [ 435709.266200000420213, 4480484.697100000455976 ], [ 435712.116200000047684, 4480485.027100000530481 ], [ 435720.856200000329409, 4480486.04700000025332 ], [ 435723.796500000171363, 4480573.017399999313056 ], [ 435721.556599999719765, 4480593.067500001750886 ], [ 435714.816700000315905, 4480608.227600002661347 ], [ 435708.056699999608099, 4480617.2177 ], [ 435696.016900000162423, 4480626.607899998314679 ], [ 435653.107200000435114, 4480652.758500000461936 ], [ 435645.957299999950919, 4480657.118600000627339 ], [ 435647.227300000376999, 4480656.918499999679625 ], [ 435663.177199999801815, 4480654.458399998955429 ], [ 435674.627100000157952, 4480654.568199998699129 ], [ 435688.106999999843538, 4480656.618100000545382 ], [ 435698.276999999769032, 4480661.028 ], [ 435699.146999999880791, 4480661.58799999859184 ], [ 435708.156899999827147, 4480667.387899999506772 ], [ 435713.066900000034366, 4480672.027899998240173 ], [ 435715.776899999938905, 4480674.607899999246001 ], [ 435721.186900000087917, 4480682.74790000077337 ], [ 435723.706899999640882, 4480686.547799999825656 ], [ 435725.166899999603629, 4480689.887800000607967 ], [ 435729.866899999789894, 4480700.617799999192357 ], [ 435731.467000000178814, 4480706.747800000943244 ], [ 435734.167000000365078, 4480717.057900000363588 ], [ 435767.558400000445545, 4481129.349199999123812 ], [ 435770.808400000445545, 4481147.949299999512732 ], [ 435771.10840000025928, 4481149.689299999736249 ], [ 435773.628399999812245, 4481157.069299999624491 ], [ 435776.788399999961257, 4481166.259299998171628 ], [ 435785.4485, 4481183.959199999459088 ], [ 435792.87849999970058, 4481199.139199999161065 ], [ 435793.818500000052154, 4481203.319199999794364 ], [ 435796.188500000163913, 4481213.809299998916686 ], [ 435798.078599999658763, 4481233.20930000115186 ], [ 435788.138799999840558, 4481278.389599999412894 ], [ 435801.228699999861419, 4481282.269500000402331 ], [ 435807.308699999935925, 4481284.069399999454618 ], [ 435807.75870000012219, 4481284.1294 ], [ 435821.268600000068545, 4481285.739300000481308 ], [ 435825.238599999807775, 4481284.929199998266995 ], [ 435826.698599999770522, 4481284.629200000315905 ], [ 435829.848600000143051, 4481283.439200001768768 ], [ 435831.908599999733269, 4481282.659199999645352 ], [ 435832.228600000031292, 4481282.319199998863041 ], [ 435833.998599999584258, 4481280.449100000783801 ], [ 435841.64850000012666, 4481278.528999998234212 ], [ 435847.758500000461936, 4481278.389000000432134 ], [ 435850.488500000035856, 4481278.20890000090003 ] ] ] } },
{ "type": "Feature", "properties": { "tau": -0.54461544752120972, "two_sided_pval": 0.00010475188901182264, "name": "Valdezarza", "classification": "negative trend with prob > 99%" }, "geometry": { "type": "Polygon", "coordinates": [ [ [ 439758.56350000022212, 4478948.146499999798834 ], [ 439673.403199999593198, 4478779.606799999251962 ], [ 439537.644299999810755, 4478814.358300001360476 ], [ 439302.576399999670684, 4478913.541300000622869 ], [ 439227.987099999561906, 4478944.172299998812377 ], [ 439019.038900000043213, 4479029.984899998642504 ], [ 439002.519000000378583, 4479036.765099999494851 ], [ 438993.989099999889731, 4479046.835199999623001 ], [ 438993.539099999703467, 4479047.365299998782575 ], [ 438992.509200000204146, 4479049.715299999341369 ], [ 438987.839200000278652, 4479060.415400000289083 ], [ 438985.839300000108778, 4479073.645399999804795 ], [ 438985.379300000146031, 4479076.725499999709427 ], [ 438985.379399999976158, 4479100.365599998272955 ], [ 438987.009499999752734, 4479112.605599999427795 ], [ 438996.799499999731779, 4479133.805600000545382 ], [ 439017.169499999843538, 4479154.185399999842048 ], [ 439035.939500000327826, 4479177.83530000038445 ], [ 439044.089499999769032, 4479198.225299999117851 ], [ 439044.309500000439584, 4479201.975299998186529 ], [ 439044.90959999995539, 4479212.085399999283254 ], [ 439015.020100000314415, 4479280.936000000685453 ], [ 439002.340300000272691, 4479310.146199998445809 ], [ 438999.25040000025183, 4479317.276200000196695 ], [ 438988.630499999970198, 4479330.93650000076741 ], [ 438984.810600000433624, 4479337.666500001214445 ], [ 438972.570799999812152, 4479359.176699998788536 ], [ 438967.680900000035763, 4479368.486799999140203 ], [ 438929.931200000457466, 4479394.387299998663366 ], [ 438914.121399999596179, 4479405.987600000575185 ], [ 438897.231599999591708, 4479419.707800001837313 ], [ 438882.451700000092387, 4479435.54799999948591 ], [ 438877.181800000369549, 4479441.878099999390543 ], [ 438875.071800000034273, 4479447.148199998773634 ], [ 438870.851900000183377, 4479460.868300000205636 ], [ 438866.611999999731779, 4479473.54839999973774 ], [ 438860.292100000195205, 4479480.918500000610948 ], [ 438852.902200000360608, 4479486.198599999770522 ], [ 438842.352300000376999, 4479493.578700000420213 ], [ 438826.52240000013262, 4479499.918899999000132 ], [ 438803.302600000053644, 4479503.079199999570847 ], [ 438773.762799999676645, 4479510.469499999657273 ], [ 438748.433000000193715, 4479519.969799998216331 ], [ 438645.203900000080466, 4479562.56110000051558 ], [ 438638.084499999880791, 4479668.831700000911951 ], [ 438632.66469999961555, 4479714.1919 ], [ 438626.574900000356138, 4479740.582100000232458 ], [ 438607.105499999597669, 4479842.972699999809265 ], [ 438595.755800000391901, 4479902.583100000396371 ], [ 438594.7659, 4479907.763099999167025 ], [ 438594.475899999961257, 4479909.3931 ], [ 438592.065999999642372, 4479923.323200000450015 ], [ 438590.025999999605119, 4479930.783299999311566 ], [ 438587.316100000403821, 4479936.193300000391901 ], [ 438563.896399999968708, 4479966.153699999675155 ], [ 438553.476499999931548, 4479979.513900000602007 ], [ 438550.69649999961257, 4479983.133899999782443 ], [ 438531.136800000385847, 4480008.624199999496341 ], [ 438478.827499999722932, 4480086.505099999718368 ], [ 438463.677699999883771, 4480109.055299999192357 ], [ 438460.387699999846518, 4480115.335399999283254 ], [ 438445.93790000025183, 4480142.9057 ], [ 438395.608599999919534, 4480220.00650000013411 ], [ 438366.748999999836087, 4480264.237100000493228 ], [ 438360.32909999974072, 4480270.647199998609722 ], [ 438356.119099999777973, 4480273.387199998833239 ], [ 438335.629399999976158, 4480309.507599999196827 ], [ 438330.939500000269618, 4480317.797700000926852 ], [ 438248.100599999539554, 4480441.709099999628961 ], [ 438243.6508999998332, 4480499.0494 ], [ 438288.630599999800324, 4480507.838899999856949 ], [ 438928.865600000193808, 4480297.321000000461936 ], [ 438958.985299999825656, 4480287.280500000342727 ], [ 438990.515100000367966, 4480276.6102 ], [ 439164.413700000441168, 4480217.788000001572073 ], [ 439328.49239999987185, 4480162.266000000759959 ], [ 439426.70160000026226, 4480129.044800001196563 ], [ 439454.581299999728799, 4480111.834499999880791 ], [ 439469.221099999733269, 4480094.154200001619756 ], [ 439489.710799999535084, 4480063.2939 ], [ 439501.870699999853969, 4480046.413699999451637 ], [ 439512.430499999783933, 4480031.763499999418855 ], [ 439525.180399999953806, 4480014.063300000503659 ], [ 439532.740299999713898, 4480004.103199999779463 ], [ 439575.189699999988079, 4479948.162399998866022 ], [ 439690.79800000047544, 4479753.14049999974668 ], [ 439709.217799999809358, 4479739.170199998654425 ], [ 439722.557699999772012, 4479730.909999999217689 ], [ 439730.177600000053644, 4479723.91990000102669 ], [ 439824.196299999952316, 4479592.428399999625981 ], [ 439855.805800000205636, 4479531.517699999734759 ], [ 439862.275700000114739, 4479517.787700000219047 ], [ 439868.575600000098348, 4479504.467499999329448 ], [ 439881.825199999846518, 4479443.107200000435114 ], [ 439930.564299999736249, 4479343.426200000569224 ], [ 439931.544300000183284, 4479339.856200000271201 ], [ 439933.184299999848008, 4479333.846200000494719 ], [ 439934.484199999831617, 4479322.966099998913705 ], [ 439933.614099999889731, 4479311.216099999845028 ], [ 439930.494099999777973, 4479301.846099999733269 ], [ 439928.814100000075996, 4479296.846099999733269 ], [ 439923.314100000134204, 4479284.246099999174476 ], [ 439886.193900000303984, 4479199.486099998466671 ], [ 439818.563699999824166, 4479066.296299999579787 ], [ 439758.56350000022212, 4478948.146499999798834 ] ] ] } },
{ "type": "Feature", "properties": { "tau": -0.52000004053115845, "two_sided_pval": 0.00021308124996721745, "name": "Valdemarín", "classification": "negative trend with prob > 99%" }, "geometry": { "type": "Polygon", "coordinates": [ [ [ 435337.543899999931455, 4479251.786100001074374 ], [ 435332.023900000378489, 4479230.145999998785555 ], [ 434566.019199999980628, 4479353.2949 ], [ 433955.634300000034273, 4479448.723699999041855 ], [ 433195.67850000038743, 4479567.540900001302361 ], [ 432883.9205, 4479616.154499999247491 ], [ 432359.583100000454579, 4479699.730399998836219 ], [ 432329.193199999630451, 4479704.520600000396371 ], [ 432257.073300000338349, 4479715.901399998925626 ], [ 432160.253399999870453, 4479731.062400000169873 ], [ 432170.803600000217557, 4479793.992600000463426 ], [ 432176.3136, 4479826.902599999681115 ], [ 432176.713700000254903, 4479833.682700000703335 ], [ 432177.13370000012219, 4479840.772699999623001 ], [ 432173.323699999600649, 4479848.962799999862909 ], [ 432170.543700000271201, 4479854.922799999825656 ], [ 432158.653800000436604, 4479870.052999999374151 ], [ 432144.95380000025034, 4479887.493199999444187 ], [ 432097.274000000208616, 4479949.713899998925626 ], [ 432075.944099999964237, 4479977.08420000039041 ], [ 432004.394500000402331, 4480068.905300000682473 ], [ 432016.7045, 4480076.995200000703335 ], [ 432026.904500000178814, 4480083.345100000500679 ], [ 432035.354500000365078, 4480088.605000000447035 ], [ 432053.604500000365078, 4480095.7949 ], [ 432058.514499999582767, 4480097.734899999573827 ], [ 432088.604500000365078, 4480110.044600000604987 ], [ 432150.694500000216067, 4480131.7741 ], [ 432164.014499999582767, 4480136.433999999426305 ], [ 432166.364500000141561, 4480143.573999999091029 ], [ 432169.944500000216067, 4480145.073999999091029 ], [ 432181.254499999806285, 4480149.81389999948442 ], [ 432231.974499999545515, 4480161.863399998284876 ], [ 432233.814500000327826, 4480162.213400001637638 ], [ 432235.654500000178814, 4480162.4534 ], [ 432246.674399999901652, 4480163.133300000801682 ], [ 432252.964399999938905, 4480163.623199999332428 ], [ 432276.014399999752641, 4480165.183000000193715 ], [ 432322.714399999938905, 4480168.232599999755621 ], [ 432381.514299999980722, 4480172.072000000625849 ], [ 432452.084300000278745, 4480188.401399999856949 ], [ 432499.034300000406802, 4480199.280999999493361 ], [ 432512.774299999757204, 4480203.010900001041591 ], [ 432552.30420000012964, 4480212.33049999922514 ], [ 432552.994199999608099, 4480212.490499999374151 ], [ 432561.684100000187755, 4480214.54039999935776 ], [ 432563.17410000046948, 4480215.0304000005126 ], [ 432569.76410000026226, 4480217.21030000038445 ], [ 432583.014000000432134, 4480221.220200000330806 ], [ 432593.774000000208616, 4480224.380100001581013 ], [ 432606.113900000229478, 4480228.020000000484288 ], [ 432640.91370000038296, 4480238.579600001685321 ], [ 432652.373700000345707, 4480242.839499999769032 ], [ 432660.743599999696016, 4480245.939500000327826 ], [ 432742.823200000508223, 4480280.128599999472499 ], [ 432744.103199999779463, 4480280.658700000494719 ], [ 432748.873200000263751, 4480282.928600000217557 ], [ 432818.972900000400841, 4480311.81800000090152 ], [ 432823.762799999676645, 4480313.587899999693036 ], [ 432827.362800000235438, 4480315.037900000810623 ], [ 432832.2928, 4480317.017900000326335 ], [ 432835.882799999846611, 4480318.817800000309944 ], [ 432838.962799999862909, 4480320.357799998484552 ], [ 432845.512699999846518, 4480324.537699999287724 ], [ 432846.812699999660254, 4480325.367699998430908 ], [ 432850.612700000405312, 4480327.58769999910146 ], [ 432870.16260000038892, 4480338.977499998174608 ], [ 432885.722599999979138, 4480350.277399999089539 ], [ 432904.222500000149012, 4480363.707300000824034 ], [ 432940.042399999685585, 4480390.717000000178814 ], [ 432946.382299999706447, 4480395.496899999678135 ], [ 432947.142300000414252, 4480395.97690000012517 ], [ 432951.812300000339746, 4480398.8969 ], [ 433040.061900000146125, 4480441.976099998690188 ], [ 433091.651700000278652, 4480463.435599999502301 ], [ 433132.501500000245869, 4480480.405200000852346 ], [ 433159.701299999898765, 4480491.224999999627471 ], [ 433181.031200000084937, 4480499.364800001494586 ], [ 433192.591199999733362, 4480503.654699999839067 ], [ 433230.841000000014901, 4480517.834299999289215 ], [ 433240.800999999977648, 4480521.294199999421835 ], [ 433247.300900000147521, 4480523.554199998266995 ], [ 433248.400899999774992, 4480523.974199999123812 ], [ 433266.35080000013113, 4480530.734000000171363 ], [ 433308.220599999651313, 4480545.183600000105798 ], [ 433368.720300000160933, 4480566.602999999187887 ], [ 433383.058100000023842, 4480571.022399998269975 ], [ 433416.410099999979138, 4480581.3026 ], [ 433541.569500000216067, 4480620.94129999820143 ], [ 433607.919099999591708, 4480641.960699999704957 ], [ 433638.81900000013411, 4480657.440400000661612 ], [ 433654.878899999894202, 4480665.490299999713898 ], [ 433717.28870000038296, 4480696.9397 ], [ 433800.448300000280142, 4480731.928999999538064 ], [ 433860.077899999916553, 4480729.958299999125302 ], [ 433890.527800000272691, 4480728.918000000528991 ], [ 433957.137400000356138, 4480727.137200000695884 ], [ 433970.927299999631941, 4480726.917099999263883 ], [ 433980.487200000323355, 4480726.756999999284744 ], [ 433989.367200000211596, 4480726.566899999044836 ], [ 434017.986999999731779, 4480725.966600000858307 ], [ 434033.486899999901652, 4480725.696399999782443 ], [ 434040.95689999969909, 4480725.5663 ], [ 434061.916799999773502, 4480725.096100000664592 ], [ 434073.33669999986887, 4480724.80599999986589 ], [ 434107.926500000117812, 4480723.945600000210106 ], [ 434136.846300000324845, 4480723.565300001762807 ], [ 434147.706199999898672, 4480723.425200000405312 ], [ 434154.456199999898672, 4480723.315099998377264 ], [ 434159.066200000233948, 4480723.245000000111759 ], [ 434248.055700000375509, 4480720.684099999256432 ], [ 434497.144199999922421, 4480713.531300001777709 ], [ 434520.423999999649823, 4480712.81110000051558 ], [ 434530.614000000059605, 4480712.770900000818074 ], [ 434539.363900000229478, 4480712.730900000780821 ], [ 434558.203800000308547, 4480712.270600000396371 ], [ 434584.843700000084937, 4480711.600399999879301 ], [ 434598.453599999658763, 4480711.160199998877943 ], [ 434605.503499999642372, 4480710.930100000463426 ], [ 434639.863300000317395, 4480709.419700000435114 ], [ 434657.393199999874923, 4480707.10950000025332 ], [ 434701.932900000363588, 4480701.239 ], [ 434765.102500000095461, 4480693.608300000429153 ], [ 434776.682500000111759, 4480691.4682 ], [ 434785.312400000169873, 4480689.86809999961406 ], [ 434810.202300000062678, 4480688.18779999949038 ], [ 434821.452200000174344, 4480686.627699999138713 ], [ 434836.692099999636412, 4480684.5175 ], [ 434852.191999999806285, 4480683.227299999445677 ], [ 434871.411899999715388, 4480680.517099999822676 ], [ 434889.991799999959767, 4480677.896899999119341 ], [ 434891.261800000444055, 4480677.716900000348687 ], [ 434931.341500000155065, 4480672.486400000751019 ], [ 434995.341099999845028, 4480664.135700000450015 ], [ 435028.480899999849498, 4480660.0153 ], [ 435029.560899999924004, 4480659.535299998708069 ], [ 435030.350899999961257, 4480659.175300000235438 ], [ 435032.020899999886751, 4480657.485300001688302 ], [ 435075.600599999597762, 4480643.6447 ], [ 435079.630499999970198, 4480642.364700000733137 ], [ 435170.028900000266731, 4480338.202400001697242 ], [ 435183.838700000196695, 4480292.602099999785423 ], [ 435238.307599999941885, 4480097.310699999332428 ], [ 435304.416299999691546, 4479844.338899999856949 ], [ 435350.225300000107381, 4479659.397600001655519 ], [ 435395.124400000087917, 4479478.136399999260902 ], [ 435337.543899999931455, 4479251.786100001074374 ] ] ] } },
{ "type": "Feature", "properties": { "tau": -0.52000004053115845, "two_sided_pval": 0.00021308124996721745, "name": "Ciudad Universitaria", "classification": "negative trend with prob > 99%" }, "geometry": { "type": "Polygon", "coordinates": [ [ [ 432173.323699999600649, 4479848.962799999862909 ], [ 432177.13370000012219, 4479840.772699999623001 ], [ 432176.713700000254903, 4479833.682700000703335 ], [ 432176.3136, 4479826.902599999681115 ], [ 432170.803600000217557, 4479793.992600000463426 ], [ 432160.253399999870453, 4479731.062400000169873 ], [ 432132.333499999775086, 4479735.592700000852346 ], [ 432087.30350000038743, 4479742.923199999146163 ], [ 432054.313000000140164, 4479545.442700000479817 ], [ 432074.242999999783933, 4479528.262399998493493 ], [ 432083.872899999842048, 4479518.452299998141825 ], [ 432096.232900000177324, 4479505.872099998407066 ], [ 432105.932900000363588, 4479495.082000000402331 ], [ 432115.612800000293646, 4479484.291899999603629 ], [ 432120.052799999713898, 4479478.801799998618662 ], [ 432138.692699999548495, 4479455.701499999500811 ], [ 432153.262600000016391, 4479435.92130000051111 ], [ 432159.672600000165403, 4479426.401200001128018 ], [ 432162.60259999986738, 4479422.041199999861419 ], [ 432175.932500000169966, 4479400.880899999290705 ], [ 432187.602500000037253, 4479380.140699999406934 ], [ 432204.24239999987185, 4479347.700499999336898 ], [ 432218.582299999892712, 4479315.260200000368059 ], [ 432223.512199999764562, 4479301.750099999830127 ], [ 432225.952200000232551, 4479295.060000000521541 ], [ 432233.012099999934435, 4479274.969900000840425 ], [ 432241.582100000232458, 4479245.179700000211596 ], [ 432246.271999999880791, 4479225.369599999859929 ], [ 432248.101999999897089, 4479217.649499998427927 ], [ 432252.751899999566376, 4479194.749399999156594 ], [ 432256.661799999885261, 4479169.629200001247227 ], [ 432259.451799999922514, 4479143.369100000709295 ], [ 432260.201700000092387, 4479129.049000000581145 ], [ 432260.941700000315905, 4479114.718999999575317 ], [ 432261.311599999666214, 4479083.628899999894202 ], [ 432261.111600000411272, 4479077.978799999691546 ], [ 432260.551599999889731, 4479062.228800001554191 ], [ 432259.261499999964144, 4479040.448699999600649 ], [ 432258.549899999983609, 4479034.173100000247359 ], [ 432258.411500000394881, 4479033.085899999365211 ], [ 432125.46999999973923, 4479163.299999999813735 ], [ 431964.629999999888241, 4479355.019999999552965 ], [ 431824.75, 4479461.660000001080334 ], [ 431554.46999999973923, 4479514.17 ], [ 431319.009999999776483, 4479606.320000000298023 ], [ 431082.929999999701977, 4479549.21999999973923 ], [ 430889.879999999888241, 4479555.720000002533197 ], [ 430701.071700000204146, 4479633.49479999858886 ], [ 430582.427500000223517, 4479638.5132 ], [ 430492.230000000447035, 4479628.660000001080334 ], [ 430397.929999999701977, 4479640.089999999850988 ], [ 430292.830000000074506, 4479668.879999999888241 ], [ 430174.78000000026077, 4479662.890000001527369 ], [ 430076.589999999850988, 4479678.779999998398125 ], [ 429983.629999999888241, 4479741.310000000521541 ], [ 429879.0, 4479809.970000000670552 ], [ 429827.900799999944866, 4479821.58909999858588 ], [ 429722.259999999776483, 4479845.609999998472631 ], [ 429556.809999999590218, 4479804.939999999478459 ], [ 429264.33629999961704, 4479639.3301 ], [ 429156.976800000295043, 4479797.9518 ], [ 429049.767300000414252, 4479925.373400001786649 ], [ 428936.867600000463426, 4480014.334799999371171 ], [ 428950.638399999588728, 4480364.686099999584258 ], [ 429003.788800000213087, 4480548.446300000883639 ], [ 429019.768899999617133, 4480588.606300000101328 ], [ 429016.413800000271294, 4480590.206899999640882 ], [ 429060.732400000095367, 4480676.3723 ], [ 429084.544300000183284, 4480723.135500000789762 ], [ 429115.778500000014901, 4480784.112800001166761 ], [ 429125.949300000444055, 4480803.666199999861419 ], [ 429074.409400000236928, 4480829.606799999251962 ], [ 429018.064700000046287, 4480899.10429999884218 ], [ 429018.830299999564886, 4480904.067900000140071 ], [ 429022.457200000062585, 4480925.972799999639392 ], [ 429023.78870000038296, 4480934.350600000470877 ], [ 429025.570600000210106, 4480946.908199998550117 ], [ 429026.205799999646842, 4480951.384299998171628 ], [ 429026.39259999996284, 4480952.664899999275804 ], [ 429027.373800000175834, 4480958.915799998678267 ], [ 429031.759100000374019, 4480987.102900000289083 ], [ 429033.675999999977648, 4480999.568 ], [ 429034.608900000341237, 4481006.205799999646842 ], [ 429036.2193, 4481018.115000000223517 ], [ 429038.570000000298023, 4481031.367799998261034 ], [ 429041.197900000028312, 4481045.120200000703335 ], [ 429048.004800000227988, 4481080.122300000861287 ], [ 429054.379099999554455, 4481121.199500000104308 ], [ 429058.392500000074506, 4481148.524399998597801 ], [ 429061.178700000047684, 4481169.556900000199676 ], [ 429067.277200000418816, 4481205.748700000345707 ], [ 429071.548200000135694, 4481232.270400000736117 ], [ 429074.388500000350177, 4481251.567600000649691 ], [ 429076.702200000174344, 4481269.566600000485778 ], [ 429085.526200000196695, 4481324.392700000666082 ], [ 429162.300499999895692, 4481295.097799999639392 ], [ 429208.700400000438094, 4481277.387299999594688 ], [ 429234.180399999953806, 4481267.637000000104308 ], [ 429252.960300000442658, 4481260.446799998171628 ], [ 429291.370199999772012, 4481245.626299999654293 ], [ 429298.950199999846518, 4481242.696199999190867 ], [ 429343.130099999718368, 4481225.455700000748038 ], [ 429362.650100000202656, 4481217.825500000268221 ], [ 429386.930100000463426, 4481208.335200000554323 ], [ 429414.120000000111759, 4481198.754899999126792 ], [ 429416.820000000298023, 4481197.774900001473725 ], [ 429417.610000000335276, 4481197.484899998642504 ], [ 429421.71999999973923, 4481195.864899999462068 ], [ 429458.559899999760091, 4481182.404399999417365 ], [ 429491.909900000318885, 4481169.164099998772144 ], [ 429501.209800000302494, 4481165.604000000283122 ], [ 429541.239799999631941, 4481150.273499999195337 ], [ 429572.859699999913573, 4481138.163199999369681 ], [ 429589.009700000286102, 4481131.972999999299645 ], [ 429598.659599999897182, 4481128.2029 ], [ 429625.979600000195205, 4481117.472600000910461 ], [ 429650.189500000327826, 4481108.402300000190735 ], [ 429665.409500000067055, 4481102.442099998705089 ], [ 429683.129499999806285, 4481095.551900000311434 ], [ 429708.739400000311434, 4481085.89159999974072 ], [ 429710.939399999624584, 4481085.051599998958409 ], [ 429743.229399999603629, 4481072.801199999637902 ], [ 429754.399299999698997, 4481068.591099998913705 ], [ 429756.579300000332296, 4481067.771099998615682 ], [ 429771.689299999736249, 4481061.780899998731911 ], [ 429775.419300000183284, 4481060.300899998284876 ], [ 429776.259300000034273, 4481059.980899999849498 ], [ 429799.14919999986887, 4481051.140599999576807 ], [ 429831.069199999852572, 4481039.2303 ], [ 429837.819199999794364, 4481036.710200000554323 ], [ 429857.019100000150502, 4481029.449999999254942 ], [ 429891.189100000075996, 4481016.369599999859929 ], [ 429925.918999999819789, 4481003.049200001172721 ], [ 429935.00899999961257, 4480999.559100000187755 ], [ 429942.489000000059605, 4480996.688999999314547 ], [ 429974.418899999931455, 4480984.458599999547005 ], [ 430012.268799999728799, 4480969.948200001381338 ], [ 430053.838700000196695, 4480954.0877 ], [ 430095.75870000012219, 4480937.997300000861287 ], [ 430106.078599999658763, 4480934.037200000137091 ], [ 430168.61849999986589, 4480909.966499999165535 ], [ 430195.68850000022212, 4480899.716099998913705 ], [ 430206.128399999812245, 4480895.765999999828637 ], [ 430211.118400000035763, 4480893.825999999418855 ], [ 430242.158400000073016, 4480881.7956000007689 ], [ 430264.168300000019372, 4480873.345399999059737 ], [ 430280.578300000226591, 4480867.055200000293553 ], [ 430328.698200000450015, 4480848.434599999338388 ], [ 430345.128200000093784, 4480842.084499999880791 ], [ 430386.508100000268314, 4480826.20399999897927 ], [ 430418.627999999560416, 4480813.753599999472499 ], [ 430443.997999999672174, 4480803.923399998806417 ], [ 430473.557900000421796, 4480792.733 ], [ 430473.747899999842048, 4480792.663000001572073 ], [ 430483.437900000310037, 4480788.962899999693036 ], [ 430516.537800000049174, 4480776.502499999478459 ], [ 430548.657800000160933, 4480764.212200000882149 ], [ 430555.507799999788404, 4480761.582100000232458 ], [ 430562.397699999623001, 4480758.941999999806285 ], [ 430584.718799999915063, 4480750.392300000414252 ], [ 430586.5477, 4480749.691799999214709 ], [ 430600.737700000405312, 4480744.231599999591708 ], [ 430635.347599999979138, 4480730.901200001128018 ], [ 430674.267500000074506, 4480715.730799999088049 ], [ 430689.977500000037253, 4480709.630599999800324 ], [ 430694.287499999627471, 4480707.950499999336898 ], [ 430703.877500000409782, 4480704.51039999909699 ], [ 430718.637400000356138, 4480699.1903 ], [ 430761.187300000339746, 4480682.759800000116229 ], [ 430791.097299999557436, 4480671.219399999827147 ], [ 430817.287200000137091, 4480660.839199999347329 ], [ 430831.597199999785516, 4480655.448999998159707 ], [ 430840.3372, 4480652.148900001309812 ], [ 430860.65710000047693, 4480644.478700000792742 ], [ 430936.847000000067055, 4480615.067799999378622 ], [ 430951.137000000104308, 4480609.617699998430908 ], [ 430960.746899999678135, 4480605.947499999776483 ], [ 430986.866899999789894, 4480595.857200000435114 ], [ 431020.726800000295043, 4480582.7769 ], [ 431029.146800000220537, 4480579.476800000295043 ], [ 431039.066800000146031, 4480575.606699999421835 ], [ 431062.126699999906123, 4480566.816400000825524 ], [ 431075.846699999645352, 4480561.596199999563396 ], [ 431090.236700000241399, 4480556.1261 ], [ 431103.676599999889731, 4480551.125900000333786 ], [ 431112.616600000299513, 4480547.775800000876188 ], [ 431118.536600000225008, 4480545.545799999497831 ], [ 431121.606599999591708, 4480544.295700001530349 ], [ 431126.456600000208709, 4480542.305700001306832 ], [ 431134.976599999703467, 4480539.09559999871999 ], [ 431139.51659999974072, 4480537.385500001721084 ], [ 431172.586500000208616, 4480525.175200001336634 ], [ 431275.246299999766052, 4480485.844000000506639 ], [ 431315.236200000159442, 4480470.533599999733269 ], [ 431669.7955, 4480334.49959999974817 ], [ 431713.025399999693036, 4480317.879099999554455 ], [ 431754.365299999713898, 4480301.998599999584258 ], [ 431860.405100000090897, 4480261.117399998940527 ], [ 431922.184999999590218, 4480237.306700001470745 ], [ 431939.33490000013262, 4480230.696500000543892 ], [ 431959.454900000244379, 4480222.896299999207258 ], [ 431982.234899999573827, 4480214.196100000292063 ], [ 432004.704800000414252, 4480205.715799999423325 ], [ 432027.594800000078976, 4480197.035599999129772 ], [ 432093.684600000269711, 4480171.574799999594688 ], [ 432166.364500000141561, 4480143.573999999091029 ], [ 432164.014499999582767, 4480136.433999999426305 ], [ 432150.694500000216067, 4480131.7741 ], [ 432088.604500000365078, 4480110.044600000604987 ], [ 432058.514499999582767, 4480097.734899999573827 ], [ 432053.604500000365078, 4480095.7949 ], [ 432035.354500000365078, 4480088.605000000447035 ], [ 432026.904500000178814, 4480083.345100000500679 ], [ 432016.7045, 4480076.995200000703335 ], [ 432004.394500000402331, 4480068.905300000682473 ], [ 432075.944099999964237, 4479977.08420000039041 ], [ 432097.274000000208616, 4479949.713899998925626 ], [ 432144.95380000025034, 4479887.493199999444187 ], [ 432158.653800000436604, 4479870.052999999374151 ], [ 432170.543700000271201, 4479854.922799999825656 ], [ 432173.323699999600649, 4479848.962799999862909 ] ] ] } },
{ "type": "Feature", "properties": { "tau": -0.52000004053115845, "two_sided_pval": 0.00021308124996721745, "name": "El Plantío", "classification": "negative trend with prob > 99%" }, "geometry": { "type": "Polygon", "coordinates": [ [ [ 435779.976800000295043, 4478118.556399998255074 ], [ 435432.931800000369549, 4477952.04619999974966 ], [ 435427.74280000012368, 4477954.208399998955429 ], [ 435411.959800000302494, 4477957.667899999767542 ], [ 435395.960500000044703, 4477958.965299998410046 ], [ 435376.069500000216067, 4477956.371099999174476 ], [ 435359.205299999564886, 4477950.965999999083579 ], [ 435336.519100000150502, 4477941.320599998347461 ], [ 435320.737200000323355, 4477934.198699999600649 ], [ 435104.544800000265241, 4477829.337799999862909 ], [ 435018.449000000022352, 4477783.215600000694394 ], [ 434965.253999999666121, 4477745.395199998281896 ], [ 434633.476999999955297, 4477381.948199999518692 ], [ 434628.697399999946356, 4477330.295900001190603 ], [ 434207.919999999925494, 4477302.269999999552965 ], [ 434062.019999999552965, 4477294.119999999180436 ], [ 433965.849999999627471, 4477313.370000000111759 ], [ 433896.330000000074506, 4477354.259999999776483 ], [ 433886.876699999906123, 4477354.682500000111759 ], [ 433586.392199999652803, 4477368.111700000241399 ], [ 433455.309999999590218, 4477373.96999999973923 ], [ 433234.209999999962747, 4477262.609999998472631 ], [ 432995.000000000058208, 4477156.620000000111759 ], [ 433109.139999999606516, 4477533.630000000819564 ], [ 432987.469999999797437, 4477539.479999999515712 ], [ 432987.879999999888241, 4477628.58 ], [ 432987.865899999625981, 4477628.784999999217689 ], [ 432979.46999999973923, 4477750.510000000707805 ], [ 432926.580000000132713, 4477727.46999999973923 ], [ 432926.521700000332203, 4477727.676199999637902 ], [ 432922.933400000445545, 4477740.368599999696016 ], [ 432908.799999999813735, 4477790.359999999403954 ], [ 432891.96999999973923, 4477942.820000001229346 ], [ 432842.299999999813735, 4478082.730000000447035 ], [ 432838.058799999766052, 4478095.631499999202788 ], [ 432806.759999999776483, 4478190.839999999850988 ], [ 432765.650000000372529, 4478282.050000000745058 ], [ 432725.981100000441074, 4478368.9221 ], [ 432723.549999999755528, 4478374.239999999292195 ], [ 432762.42850000038743, 4478417.879500000737607 ], [ 432754.658099999651313, 4478442.62120000179857 ], [ 432696.282100000360515, 4478532.016200000420213 ], [ 432692.418800000101328, 4478537.932299999520183 ], [ 432667.658999999985099, 4478563.622700000181794 ], [ 432641.659400000295136, 4478631.623200000263751 ], [ 432604.659799999557436, 4478682.623800000175834 ], [ 432541.6602999996976, 4478720.624700001440942 ], [ 432568.119599999859929, 4478785.898 ], [ 432527.206500000320375, 4478881.405599999241531 ], [ 432524.75, 4478887.139999999664724 ], [ 432265.350999999791384, 4479026.288699998520315 ], [ 432258.411500000394881, 4479033.085899999365211 ], [ 432258.549899999983609, 4479034.173100000247359 ], [ 432259.261499999964144, 4479040.448699999600649 ], [ 432260.551599999889731, 4479062.228800001554191 ], [ 432261.111600000411272, 4479077.978799999691546 ], [ 432261.311599999666214, 4479083.628899999894202 ], [ 432260.941700000315905, 4479114.718999999575317 ], [ 432260.201700000092387, 4479129.049000000581145 ], [ 432259.451799999922514, 4479143.369100000709295 ], [ 432256.661799999885261, 4479169.629200001247227 ], [ 432252.751899999566376, 4479194.749399999156594 ], [ 432248.101999999897089, 4479217.649499998427927 ], [ 432246.271999999880791, 4479225.369599999859929 ], [ 432241.582100000232458, 4479245.179700000211596 ], [ 432233.012099999934435, 4479274.969900000840425 ], [ 432225.952200000232551, 4479295.060000000521541 ], [ 432223.512199999764562, 4479301.750099999830127 ], [ 432218.582299999892712, 4479315.260200000368059 ], [ 432204.24239999987185, 4479347.700499999336898 ], [ 432187.602500000037253, 4479380.140699999406934 ], [ 432175.932500000169966, 4479400.880899999290705 ], [ 432162.60259999986738, 4479422.041199999861419 ], [ 432159.672600000165403, 4479426.401200001128018 ], [ 432153.262600000016391, 4479435.92130000051111 ], [ 432138.692699999548495, 4479455.701499999500811 ], [ 432120.052799999713898, 4479478.801799998618662 ], [ 432115.612800000293646, 4479484.291899999603629 ], [ 432105.932900000363588, 4479495.082000000402331 ], [ 432096.232900000177324, 4479505.872099998407066 ], [ 432083.872899999842048, 4479518.452299998141825 ], [ 432074.242999999783933, 4479528.262399998493493 ], [ 432054.313000000140164, 4479545.442700000479817 ], [ 432087.30350000038743, 4479742.923199999146163 ], [ 432132.333499999775086, 4479735.592700000852346 ], [ 432160.253399999870453, 4479731.062400000169873 ], [ 432257.073300000338349, 4479715.901399998925626 ], [ 432329.193199999630451, 4479704.520600000396371 ], [ 432359.583100000454579, 4479699.730399998836219 ], [ 432883.9205, 4479616.154499999247491 ], [ 433195.67850000038743, 4479567.540900001302361 ], [ 433955.634300000034273, 4479448.723699999041855 ], [ 434566.019199999980628, 4479353.2949 ], [ 435332.023900000378489, 4479230.145999998785555 ], [ 435378.133600000292063, 4479222.465500000864267 ], [ 435353.223299999721348, 4479114.33530000038445 ], [ 435610.169900000095367, 4478652.540599999018013 ], [ 435692.588700000196695, 4478461.038799999281764 ], [ 435709.54839999973774, 4478428.3185 ], [ 435730.158200000412762, 4478400.4282 ], [ 435732.528199999593198, 4478396.648100000806153 ], [ 435748.088000000454485, 4478385.527899998240173 ], [ 435777.757699999958277, 4478344.747400000691414 ], [ 435792.577100000344217, 4478237.206800000742078 ], [ 435785.167100000195205, 4478220.166800000704825 ], [ 435779.976800000295043, 4478118.556399998255074 ] ] ] } },
{ "type": "Feature", "properties": { "tau": -0.50769233703613281, "two_sided_pval": 0.00030056302784942091, "name": "Cuatro Vientos", "classification": "negative trend with prob > 99%" }, "geometry": { "type": "Polygon", "coordinates": [ [ [ 438681.388399999588728, 4473052.169799999333918 ], [ 438672.838299999944866, 4472984.729799999855459 ], [ 438674.108, 4472910.079600000753999 ], [ 438599.488400000147521, 4472911.310200000181794 ], [ 438500.748999999836087, 4472911.310900000855327 ], [ 438500.549200000241399, 4472966.2111 ], [ 438511.189299999736249, 4473016.601099998690188 ], [ 438475.549499999731779, 4473020.291500001214445 ], [ 438466.309600000269711, 4473017.171499999240041 ], [ 438437.319699999934528, 4473007.3717 ], [ 438425.689699999988079, 4472998.001800000667572 ], [ 438396.439799999818206, 4472974.392000001855195 ], [ 438380.389899999834597, 4472957.621999999508262 ], [ 438367.39989999961108, 4472944.052100001834333 ], [ 438342.339900000079069, 4472907.122199999168515 ], [ 438326.169900000095367, 4472890.392300000414252 ], [ 438304.099999999627471, 4472867.542400001548231 ], [ 438260.560100000351667, 4472838.522600000724196 ], [ 438243.1102, 4472818.722700000740588 ], [ 438211.760200000426266, 4472783.13289999961853 ], [ 438197.190200000070035, 4472763.7029 ], [ 438197.150200000032783, 4472763.642900000326335 ], [ 438172.18030000012368, 4472730.352999999187887 ], [ 438089.080599999986589, 4472680.243499998934567 ], [ 438027.790699999779463, 4472620.393799999728799 ], [ 438027.360700000077486, 4472619.973799999803305 ], [ 437976.960799999535084, 4472570.754100000485778 ], [ 437872.390999999886844, 4472469.834499999880791 ], [ 437754.231300000101328, 4472355.814999998547137 ], [ 437702.191399999894202, 4472305.595300000160933 ], [ 437646.651499999687076, 4472251.995400000363588 ], [ 437445.571800000034273, 4472052.326299999840558 ], [ 437411.651899999938905, 4472006.986400000751019 ], [ 437404.261900000274181, 4471997.0965 ], [ 437381.071899999864399, 4471966.096599999815226 ], [ 437341.731800000183284, 4471890.346599999815226 ], [ 437332.231800000183284, 4471872.066499999724329 ], [ 437320.641800000332296, 4471849.766600001603365 ], [ 437315.011699999682605, 4471838.9265 ], [ 437308.541699999943376, 4471830.196599999442697 ], [ 437285.201799999922514, 4471798.696699997410178 ], [ 437270.481800000183284, 4471784.846699999645352 ], [ 437269.251799999736249, 4471783.686699999496341 ], [ 437218.221900000236928, 4471735.676899998448789 ], [ 437125.892300000414252, 4471644.667500000447035 ], [ 437122.582299999892712, 4471641.417499999515712 ], [ 437100.872600000351667, 4471663.627800000831485 ], [ 436921.144999999552965, 4471847.600400001741946 ], [ 436907.935200000181794, 4471865.820599999278784 ], [ 436901.465300000330899, 4471874.730699999257922 ], [ 436896.725399999879301, 4471899.830900000408292 ], [ 436894.015599999576807, 4471922.210999999195337 ], [ 436884.475899999961257, 4471985.9413 ], [ 436881.985999999567866, 4472002.541400000452995 ], [ 436878.186099999584258, 4472027.87150000128895 ], [ 436864.566599999554455, 4472118.792000000365078 ], [ 436843.617300000041723, 4472258.642699998803437 ], [ 436833.967600000149105, 4472323.052999999374151 ], [ 436826.267900000384543, 4472374.4134 ], [ 436809.798499999567866, 4472484.38389999885112 ], [ 436808.718500000482891, 4472497.924000000581145 ], [ 436804.988699999637902, 4472544.874199998565018 ], [ 436794.769299999810755, 4472673.084799999371171 ], [ 436794.469600000418723, 4472741.574999999254942 ], [ 436795.079599999822676, 4472757.015000000596046 ], [ 436796.799599999561906, 4472764.155099999159575 ], [ 436830.269600000232458, 4472838.615000000223517 ], [ 436852.92960000038147, 4472883.254899998195469 ], [ 436861.099600000306964, 4472922.8849 ], [ 436949.798800000047777, 4472921.744000000879169 ], [ 436965.128700000233948, 4472921.543800000101328 ], [ 437011.628200000151992, 4472919.343299999833107 ], [ 437119.617200000269804, 4472914.242199999280274 ], [ 437179.606700000353158, 4472908.521500000730157 ], [ 437230.926300000399351, 4472901.471 ], [ 437284.495900000445545, 4472890.120500001125038 ], [ 437381.135300000198185, 4472864.45960000064224 ], [ 437449.474799999967217, 4472847.469100001268089 ], [ 437475.644700000062585, 4472843.838899998925626 ], [ 437508.594499999657273, 4472840.938600000925362 ], [ 437530.154299999587238, 4472841.648399998433888 ], [ 437558.494199999608099, 4472845.0482 ], [ 437596.774000000208616, 4472853.287900000810623 ], [ 437635.543800000101328, 4472866.60770000051707 ], [ 437661.683699999935925, 4472878.967499999329448 ], [ 437686.403599999845028, 4472892.757400000467896 ], [ 437791.453300000168383, 4472960.686699998565018 ], [ 437810.513199999928474, 4472973.316600000485778 ], [ 437816.973199999891222, 4472977.596599999815226 ], [ 437890.63300000037998, 4473032.076199999079108 ], [ 438007.642599999904633, 4473117.835499999113381 ], [ 438016.85259999986738, 4473121.94539999961853 ], [ 438042.77240000013262, 4473129.715200000442564 ], [ 438171.751799999794457, 4473163.294299998320639 ], [ 438302.061099999584258, 4473195.863399998284876 ], [ 438335.531000000424683, 4473209.413100000470877 ], [ 438360.190899999870453, 4473223.462999999523163 ], [ 438387.990799999795854, 4473244.9528 ], [ 438407.770800000056624, 4473268.182700000703335 ], [ 438466.330799999646842, 4473368.372399999760091 ], [ 438485.740699999965727, 4473371.662399999797344 ], [ 438511.830500000156462, 4473376.822200000286102 ], [ 438527.020499999634922, 4473377.682 ], [ 438555.110299999825656, 4473377.681799999438226 ], [ 438580.720099999627564, 4473376.961600000970066 ], [ 438590.500099999830127, 4473375.411399999633431 ], [ 438613.559899999760091, 4473373.521299999207258 ], [ 438693.049399999901652, 4473355.2006 ], [ 438719.829199999570847, 4473352.480399998836219 ], [ 438753.889000000432134, 4473349.020099998451769 ], [ 438719.078700000420213, 4473201.480000000447035 ], [ 438715.368700000457466, 4473187.7999 ], [ 438706.128600000403821, 4473153.729999999515712 ], [ 438681.388399999588728, 4473052.169799999333918 ] ] ] } },
{ "type": "Feature", "properties": { "tau": -0.48307695984840393, "two_sided_pval": 0.00058498518774285913, "name": "Águilas", "classification": "negative trend with prob > 99%" }, "geometry": { "type": "Polygon", "coordinates": [ [ [ 438689.610500000417233, 4473668.521499999798834 ], [ 438753.889000000432134, 4473349.020099998451769 ], [ 438719.829199999570847, 4473352.480399998836219 ], [ 438693.049399999901652, 4473355.2006 ], [ 438613.559899999760091, 4473373.521299999207258 ], [ 438590.500099999830127, 4473375.411399999633431 ], [ 438580.720099999627564, 4473376.961600000970066 ], [ 438555.110299999825656, 4473377.681799999438226 ], [ 438527.020499999634922, 4473377.682 ], [ 438511.830500000156462, 4473376.822200000286102 ], [ 438485.740699999965727, 4473371.662399999797344 ], [ 438466.330799999646842, 4473368.372399999760091 ], [ 438407.770800000056624, 4473268.182700000703335 ], [ 438387.990799999795854, 4473244.9528 ], [ 438360.190899999870453, 4473223.462999999523163 ], [ 438335.531000000424683, 4473209.413100000470877 ], [ 438302.061099999584258, 4473195.863399998284876 ], [ 438171.751799999794457, 4473163.294299998320639 ], [ 438042.77240000013262, 4473129.715200000442564 ], [ 438016.85259999986738, 4473121.94539999961853 ], [ 438007.642599999904633, 4473117.835499999113381 ], [ 437890.63300000037998, 4473032.076199999079108 ], [ 437816.973199999891222, 4472977.596599999815226 ], [ 437810.513199999928474, 4472973.316600000485778 ], [ 437791.453300000168383, 4472960.686699998565018 ], [ 437686.403599999845028, 4472892.757400000467896 ], [ 437661.683699999935925, 4472878.967499999329448 ], [ 437635.543800000101328, 4472866.60770000051707 ], [ 437596.774000000208616, 4472853.287900000810623 ], [ 437558.494199999608099, 4472845.0482 ], [ 437530.154299999587238, 4472841.648399998433888 ], [ 437508.594499999657273, 4472840.938600000925362 ], [ 437475.644700000062585, 4472843.838899998925626 ], [ 437449.474799999967217, 4472847.469100001268089 ], [ 437381.135300000198185, 4472864.45960000064224 ], [ 437284.495900000445545, 4472890.120500001125038 ], [ 437230.926300000399351, 4472901.471 ], [ 437179.606700000353158, 4472908.521500000730157 ], [ 437119.617200000269804, 4472914.242199999280274 ], [ 437011.628200000151992, 4472919.343299999833107 ], [ 437012.5883, 4472941.103399999439716 ], [ 437014.548499999567866, 4472985.333499999716878 ], [ 437015.918600000441074, 4473016.703700000420213 ], [ 437016.108599999977741, 4473020.813599999062717 ], [ 437020.398599999956787, 4473033.453700000420213 ], [ 437023.758600000292063, 4473043.323699998669326 ], [ 437024.668600000441074, 4473044.893699999898672 ], [ 437031.46860000025481, 4473056.683599999174476 ], [ 437041.178600000217557, 4473073.50349999871105 ], [ 437044.448599999770522, 4473085.8936 ], [ 437052.598600000143051, 4473116.713600000366569 ], [ 437061.158800000324845, 4473188.753699998371303 ], [ 437070.498999999836087, 4473255.913899999111891 ], [ 437091.939199999906123, 4473359.95409999974072 ], [ 437099.719200000166893, 4473376.053999998606741 ], [ 437121.239099999889731, 4473410.853799999691546 ], [ 437054.939799999818206, 4473440.854800000786781 ], [ 437338.828499999828637, 4473644.102699999697506 ], [ 437390.838399999774992, 4473688.922499998472631 ], [ 437708.977000000013504, 4473833.860200001858175 ], [ 437826.896499999857042, 4473887.459499999880791 ], [ 438101.545199999585748, 4474012.317399998195469 ], [ 438387.514000000432134, 4474146.895400000736117 ], [ 438503.113400000147521, 4474201.294499999843538 ], [ 438714.552500000223517, 4474311.722999998368323 ], [ 438672.922100000141654, 4474107.442799999378622 ], [ 438662.901600000448525, 4473958.512500000186265 ], [ 438663.890999999828637, 4473779.411999999545515 ], [ 438663.890999999828637, 4473778.282000000588596 ], [ 438664.11089999973774, 4473739.121899998746812 ], [ 438665.60080000013113, 4473734.66190000064671 ], [ 438668.030799999774899, 4473727.361799999140203 ], [ 438676.860700000077486, 4473705.78169999923557 ], [ 438689.610500000417233, 4473668.521499999798834 ] ] ] } },
{ "type": "Feature", "properties": { "tau": -0.48307695984840393, "two_sided_pval": 0.00058498518774285913, "name": "Campamento", "classification": "negative trend with prob > 99%" }, "geometry": { "type": "Polygon", "coordinates": [ [ [ 437012.5883, 4472941.103399999439716 ], [ 437011.628200000151992, 4472919.343299999833107 ], [ 436965.128700000233948, 4472921.543800000101328 ], [ 436949.798800000047777, 4472921.744000000879169 ], [ 436861.099600000306964, 4472922.8849 ], [ 436852.92960000038147, 4472883.254899998195469 ], [ 436830.269600000232458, 4472838.615000000223517 ], [ 436796.799599999561906, 4472764.155099999159575 ], [ 436795.079599999822676, 4472757.015000000596046 ], [ 436794.469600000418723, 4472741.574999999254942 ], [ 436794.769299999810755, 4472673.084799999371171 ], [ 436804.988699999637902, 4472544.874199998565018 ], [ 436808.718500000482891, 4472497.924000000581145 ], [ 436809.798499999567866, 4472484.38389999885112 ], [ 436826.267900000384543, 4472374.4134 ], [ 436833.967600000149105, 4472323.052999999374151 ], [ 436843.617300000041723, 4472258.642699998803437 ], [ 436864.566599999554455, 4472118.792000000365078 ], [ 436878.186099999584258, 4472027.87150000128895 ], [ 436881.985999999567866, 4472002.541400000452995 ], [ 436884.475899999961257, 4471985.9413 ], [ 436894.015599999576807, 4471922.210999999195337 ], [ 436811.496199999935925, 4471879.0417 ], [ 436808.096199999563396, 4471878.391699998639524 ], [ 436794.976300000213087, 4471875.831899999640882 ], [ 436684.167500000447035, 4471890.753100000321865 ], [ 436634.808000000193715, 4471897.403699999675155 ], [ 436588.818400000222027, 4471905.004200001247227 ], [ 436570.648599999956787, 4471908.014399999752641 ], [ 436195.592400000488851, 4471970.148600000888109 ], [ 436139.383000000438187, 4471979.459300000220537 ], [ 436132.753100000263657, 4471980.559399999678135 ], [ 436077.313600000052247, 4471984.669999998994172 ], [ 436054.723799999861512, 4471978.500200000591576 ], [ 436040.963899999856949, 4471972.520399999804795 ], [ 436031.114000000059605, 4471968.240299999713898 ], [ 435996.484600000141654, 4472036.79109999909997 ], [ 435969.764999999664724, 4472088.011599999852479 ], [ 435945.725300000049174, 4472114.721899999305606 ], [ 435915.445700000098441, 4472141.872300002723932 ], [ 435882.936099999584258, 4472166.3728 ], [ 435848.206500000378583, 4472193.983300000429153 ], [ 435809.017000000050757, 4472217.583699999377131 ], [ 435758.047500000335276, 4472248.864399998448789 ], [ 435696.92819999990752, 4472287.6952 ], [ 435658.098699999973178, 4472323.635800000280142 ], [ 435636.529000000096858, 4472351.696100000292063 ], [ 435592.669700000435114, 4472432.946899999864399 ], [ 435490.261300000362098, 4472647.59880000166595 ], [ 435440.852099999785423, 4472752.399799999780953 ], [ 435471.932000000029802, 4472805.629600000567734 ], [ 435490.681900000199676, 4472836.309499999508262 ], [ 435522.101700000464916, 4472872.089300000108778 ], [ 435531.081700000038836, 4472882.569299999624491 ], [ 435710.130400000140071, 4473016.427799999713898 ], [ 435736.1602999996976, 4473035.2676 ], [ 435761.440100000239909, 4473053.567399999126792 ], [ 435776.5, 4473060.01729999948293 ], [ 435789.939899999648333, 4473063.767099999822676 ], [ 435808.769700000062585, 4473066.466900000348687 ], [ 435827.589499999769032, 4473067.546699999831617 ], [ 435841.579400000162423, 4473069.706599999219179 ], [ 435855.559299999848008, 4473073.996499999426305 ], [ 435877.869099999777973, 4473083.836200000718236 ], [ 435944.198699999600649, 4473128.465600000694394 ], [ 436136.827399999834597, 4473254.153999999165535 ], [ 436187.207000000402331, 4473285.173599999397993 ], [ 436288.246299999766052, 4473347.382799998857081 ], [ 436299.206199999898672, 4473349.642699998803437 ], [ 436308.436200000345707, 4473351.542599999345839 ], [ 436316.926099999807775, 4473352.922500000335276 ], [ 436374.345599999651313, 4473362.231799999251962 ], [ 436542.404199999815319, 4473391.190199999138713 ], [ 436577.543899999931455, 4473396.939799999818206 ], [ 436816.141900000162423, 4473435.967299999669194 ], [ 436821.271900000108872, 4473444.517300000414252 ], [ 436824.111899999901652, 4473448.297300000675023 ], [ 436830.741899999789894, 4473451.757200000807643 ], [ 436833.151899999938905, 4473452.937200002372265 ], [ 436838.621799999848008, 4473455.5472 ], [ 436878.361499999591615, 4473467.716799999587238 ], [ 436885.001500000245869, 4473469.746699999086559 ], [ 436910.551300000399351, 4473477.00650000013411 ], [ 436930.101099999621511, 4473482.046299999579787 ], [ 436936.310999999695923, 4473482.596200000494719 ], [ 436940.831000000180211, 4473482.9962 ], [ 436942.400999999605119, 4473482.826099999248981 ], [ 436946.510999999940395, 4473482.366099999286234 ], [ 436954.080900000466499, 4473481.426000001840293 ], [ 436968.270800000056624, 4473478.275800001807511 ], [ 436996.660500000230968, 4473468.175499998033047 ], [ 437004.460400000214577, 4473465.085400000214577 ], [ 437011.810300000011921, 4473462.175300000235438 ], [ 437022.850200000219047, 4473457.135199999436736 ], [ 437036.410000000149012, 4473450.195000001229346 ], [ 437043.730000000505242, 4473446.494899999350309 ], [ 437054.939799999818206, 4473440.854800000786781 ], [ 437121.239099999889731, 4473410.853799999691546 ], [ 437099.719200000166893, 4473376.053999998606741 ], [ 437091.939199999906123, 4473359.95409999974072 ], [ 437070.498999999836087, 4473255.913899999111891 ], [ 437061.158800000324845, 4473188.753699998371303 ], [ 437052.598600000143051, 4473116.713600000366569 ], [ 437044.448599999770522, 4473085.8936 ], [ 437041.178600000217557, 4473073.50349999871105 ], [ 437031.46860000025481, 4473056.683599999174476 ], [ 437024.668600000441074, 4473044.893699999898672 ], [ 437023.758600000292063, 4473043.323699998669326 ], [ 437020.398599999956787, 4473033.453700000420213 ], [ 437016.108599999977741, 4473020.813599999062717 ], [ 437015.918600000441074, 4473016.703700000420213 ], [ 437014.548499999567866, 4472985.333499999716878 ], [ 437012.5883, 4472941.103399999439716 ] ] ] } },
{ "type": "Feature", "properties": { "tau": -0.48307695984840393, "two_sided_pval": 0.00058498518774285913, "name": "Aluche", "classification": "negative trend with prob > 99%" }, "geometry": { "type": "Polygon", "coordinates": [ [ [ 435996.484600000141654, 4472036.79109999909997 ], [ 436031.114000000059605, 4471968.240299999713898 ], [ 436040.963899999856949, 4471972.520399999804795 ], [ 436054.723799999861512, 4471978.500200000591576 ], [ 436077.313600000052247, 4471984.669999998994172 ], [ 436132.753100000263657, 4471980.559399999678135 ], [ 436139.383000000438187, 4471979.459300000220537 ], [ 436195.592400000488851, 4471970.148600000888109 ], [ 436570.648599999956787, 4471908.014399999752641 ], [ 436588.818400000222027, 4471905.004200001247227 ], [ 436634.808000000193715, 4471897.403699999675155 ], [ 436684.167500000447035, 4471890.753100000321865 ], [ 436794.976300000213087, 4471875.831899999640882 ], [ 436808.096199999563396, 4471878.391699998639524 ], [ 436811.496199999935925, 4471879.0417 ], [ 436894.015599999576807, 4471922.210999999195337 ], [ 436896.725399999879301, 4471899.830900000408292 ], [ 436901.465300000330899, 4471874.730699999257922 ], [ 436907.935200000181794, 4471865.820599999278784 ], [ 436921.144999999552965, 4471847.600400001741946 ], [ 437100.872600000351667, 4471663.627800000831485 ], [ 437122.582299999892712, 4471641.417499999515712 ], [ 437005.192999999970198, 4471520.128200000151992 ], [ 436953.933199999853969, 4471460.058599998243153 ], [ 436917.153300000354648, 4471393.528799999505281 ], [ 436891.663400000019465, 4471355.498899999074638 ], [ 436870.583499999716878, 4471306.18889999948442 ], [ 436816.913499999791384, 4471161.32899999897927 ], [ 436790.573499999940395, 4471090.248899999074638 ], [ 436776.703599999600556, 4471086.089199999347329 ], [ 436756.80379999987781, 4471080.1294 ], [ 436738.1239, 4471074.519500000402331 ], [ 436666.984199999831617, 4471019.170199999585748 ], [ 436608.564299999736249, 4470973.710699999704957 ], [ 436382.324900000356138, 4470797.692800001241267 ], [ 436379.704900000244379, 4470795.642900000326335 ], [ 436205.385300000198185, 4470667.464500000700355 ], [ 436195.145399999804795, 4470661.9446 ], [ 436081.73589999973774, 4470600.885700000450015 ], [ 436034.856399999931455, 4470599.526200001128018 ], [ 435933.627500000409782, 4470606.997199998237193 ], [ 435861.598199999891222, 4470613.797900000587106 ], [ 435605.881299999542534, 4470667.180800000205636 ], [ 435549.721300000324845, 4470614.521199999377131 ], [ 435341.535600000061095, 4470833.583800001069903 ], [ 435263.457299999892712, 4470926.845000000670552 ], [ 434878.503499999642372, 4471386.66059999819845 ], [ 434860.073599999770522, 4471370.8608 ], [ 434643.026399999856949, 4471617.94410000089556 ], [ 434626.82660000026226, 4471636.38429999910295 ], [ 434601.926900000311434, 4471664.244699998758733 ], [ 434519.048000000417233, 4471756.975899999029934 ], [ 434620.457299999892712, 4471860.955199999734759 ], [ 434764.826299999840558, 4472004.664100001566112 ], [ 434839.7758, 4472078.903699999675155 ], [ 434949.514999999664724, 4472187.602900001220405 ], [ 435071.324199999682605, 4472308.691999998874962 ], [ 435075.874200000427663, 4472312.921999999321997 ], [ 435135.903800000436604, 4472368.761600000783801 ], [ 435135.973799999803305, 4472368.831599999219179 ], [ 435274.852900000289083, 4472510.610600001178682 ], [ 435304.332700000144541, 4472537.2204 ], [ 435314.332600000314415, 4472543.800300000235438 ], [ 435440.852099999785423, 4472752.399799999780953 ], [ 435490.261300000362098, 4472647.59880000166595 ], [ 435592.669700000435114, 4472432.946899999864399 ], [ 435636.529000000096858, 4472351.696100000292063 ], [ 435658.098699999973178, 4472323.635800000280142 ], [ 435696.92819999990752, 4472287.6952 ], [ 435758.047500000335276, 4472248.864399998448789 ], [ 435809.017000000050757, 4472217.583699999377131 ], [ 435848.206500000378583, 4472193.983300000429153 ], [ 435882.936099999584258, 4472166.3728 ], [ 435915.445700000098441, 4472141.872300002723932 ], [ 435945.725300000049174, 4472114.721899999305606 ], [ 435969.764999999664724, 4472088.011599999852479 ], [ 435996.484600000141654, 4472036.79109999909997 ] ] ] } },
{ "type": "Feature", "properties": { "tau": -0.50153851509094238, "two_sided_pval": 0.0003559861215762794, "name": "Los Cármenes", "classification": "negative trend with prob > 99%" }, "geometry": { "type": "Polygon", "coordinates": [ [ [ 434344.721499999985099, 4472473.520600000396371 ], [ 434602.478900000452995, 4472388.227399999275804 ], [ 434718.497800000011921, 4472396.966199999675155 ], [ 434910.775899999774992, 4472352.463999999687076 ], [ 435028.374800000339746, 4472355.652699998579919 ], [ 435038.55460000038147, 4472336.552500000223517 ], [ 435103.064100000075996, 4472357.921900000423193 ], [ 435135.973799999803305, 4472368.831599999219179 ], [ 435135.903800000436604, 4472368.761600000783801 ], [ 435075.874200000427663, 4472312.921999999321997 ], [ 435071.324199999682605, 4472308.691999998874962 ], [ 434949.514999999664724, 4472187.602900001220405 ], [ 434839.7758, 4472078.903699999675155 ], [ 434764.826299999840558, 4472004.664100001566112 ], [ 434620.457299999892712, 4471860.955199999734759 ], [ 434519.048000000417233, 4471756.975899999029934 ], [ 434510.368099999672268, 4471748.485999999567866 ], [ 434463.388399999588728, 4471702.5263 ], [ 434363.469100000336766, 4471604.79700000025332 ], [ 434024.611600000411272, 4471273.3293999992311 ], [ 433784.02309999987483, 4471037.991100000217557 ], [ 433518.072999999916647, 4470770.652899999171495 ], [ 433137.803199999965727, 4470418.47550000064075 ], [ 433062.703200000338256, 4470348.865899999625981 ], [ 432755.143000000098255, 4470040.247700000181794 ], [ 432397.092699999921024, 4469683.279600000940263 ], [ 432003.561999999918044, 4469297.471199999563396 ], [ 431489.910500000230968, 4468743.662799999117851 ], [ 431182.759899999946356, 4468442.713700000196695 ], [ 431151.396800000220537, 4468540.641200000420213 ], [ 431107.460900000296533, 4468655.032899999059737 ], [ 431074.602500000037253, 4468738.877299998886883 ], [ 431053.540900000371039, 4468806.112200000323355 ], [ 431043.322700000426266, 4468845.784300000406802 ], [ 430992.934100000187755, 4469001.254400000907481 ], [ 430959.828599999658763, 4469098.249099998734891 ], [ 430953.451399999670684, 4469123.771099999547005 ], [ 430939.201700000092387, 4469147.271299998275936 ], [ 430876.640900000056718, 4469255.585000001825392 ], [ 430814.792399999685585, 4469355.911699998192489 ], [ 430779.627799999900162, 4469421.102399998344481 ], [ 430672.614699999801815, 4469590.026099999435246 ], [ 430637.131299999542534, 4469642.651799998246133 ], [ 430625.319000000192318, 4469658.198799998499453 ], [ 430597.522699999623001, 4469700.808599999174476 ], [ 430583.695000000298023, 4469719.152699999511242 ], [ 430569.558500000275671, 4469739.086100000888109 ], [ 430553.101900000183377, 4469764.997099999338388 ], [ 430504.728000000119209, 4469836.529200001619756 ], [ 430462.479100000113249, 4469899.811200000345707 ], [ 430441.995199999772012, 4469930.733400001190603 ], [ 430421.051900000311434, 4469962.227099999785423 ], [ 430376.192200000397861, 4470032.283399998210371 ], [ 430343.151899999938905, 4470086.544800000265241 ], [ 430307.156700000225101, 4470138.442399999126792 ], [ 430282.642599999904633, 4470172.626499999314547 ], [ 430265.781100000196602, 4470189.607699999585748 ], [ 430252.093799999973271, 4470202.439200001768768 ], [ 430231.482599999755621, 4470223.786500000394881 ], [ 430218.96860000025481, 4470239.981100000441074 ], [ 430191.364299999549985, 4470278.259099998511374 ], [ 430158.975200000219047, 4470319.1135 ], [ 430123.64159999974072, 4470382.787500000558794 ], [ 430095.669300000183284, 4470456.3991 ], [ 430079.880499999970198, 4470497.735200000926852 ], [ 429650.620500000193715, 4471189.093499998562038 ], [ 429642.19680000009248, 4471202.527699999511242 ], [ 429631.729100000113249, 4471220.520899999886751 ], [ 429622.341400000266731, 4471236.9070999994874 ], [ 429608.32079999987036, 4471261.529400000348687 ], [ 429607.885800000280142, 4471262.5384 ], [ 429597.568099999800324, 4471280.826600001193583 ], [ 429597.250099999830127, 4471281.77559999935329 ], [ 429588.208300000056624, 4471297.0938 ], [ 429587.714399999938905, 4471298.221799999475479 ], [ 429578.119599999859929, 4471314.579999999143183 ], [ 429568.115899999625981, 4471331.504199999384582 ], [ 429567.560899999924004, 4471332.337200000882149 ], [ 429558.989199999719858, 4471347.177300000563264 ], [ 429549.223399999551475, 4471364.3355 ], [ 429548.641400000080466, 4471365.46550000179559 ], [ 429541.347599999979138, 4471377.512700000777841 ], [ 429540.912700000277255, 4471378.49269999936223 ], [ 429536.365799999795854, 4471386.61079999897629 ], [ 429535.931800000369549, 4471387.768799999728799 ], [ 429535.880800000391901, 4471388.715799999423325 ], [ 429536.157800000160933, 4471389.956800000742078 ], [ 429538.518799999728799, 4471392.628799999132752 ], [ 429540.073800000362098, 4471394.538799998350441 ], [ 429540.137799999676645, 4471395.10080000013113 ], [ 429539.813900000415742, 4471396.154799998737872 ], [ 429539.558899999537971, 4471396.006099999882281 ], [ 429535.718100000172853, 4471402.585000001825392 ], [ 429534.4989, 4471404.675399999134243 ], [ 429529.192900000140071, 4471413.711899998597801 ], [ 429527.688299999572337, 4471416.275200000964105 ], [ 429510.573099999688566, 4471445.805000000633299 ], [ 429503.298000000417233, 4471458.311699999496341 ], [ 429498.223399999551475, 4471466.9814 ], [ 429490.774799999780953, 4471479.887199999764562 ], [ 429486.594600000418723, 4471487.068800000473857 ], [ 429484.612700000405312, 4471490.473699999041855 ], [ 429483.171900000423193, 4471492.953099999576807 ], [ 429479.906200000084937, 4471491.020900000818074 ], [ 429479.828499999828637, 4471490.974999999627471 ], [ 429479.662399999797344, 4471491.281899998895824 ], [ 429479.276100000308361, 4471491.059399998746812 ], [ 429417.415000000095461, 4471603.39879999961704 ], [ 429415.166199999861419, 4471607.26729999948293 ], [ 429406.834800000302494, 4471622.518999999389052 ], [ 429401.967699999921024, 4471631.260399998165667 ], [ 429394.7599, 4471644.399000000208616 ], [ 429387.730000000447035, 4471657.683399999514222 ], [ 429380.817599999718368, 4471670.980100000277162 ], [ 429378.061499999836087, 4471676.826800000853837 ], [ 429372.04619999974966, 4471688.978700000792742 ], [ 429363.504300000146031, 4471706.8739 ], [ 429357.250400000310037, 4471720.725600000470877 ], [ 429354.669900000095367, 4471726.561899999156594 ], [ 429346.004999999888241, 4471746.84360000025481 ], [ 429334.415000000037253, 4471776.2434 ], [ 429333.949799999594688, 4471776.060000000521541 ], [ 429330.117999999783933, 4471783.22309999819845 ], [ 429325.646099999547005, 4471793.832200000993907 ], [ 429320.976300000213087, 4471806.875299998559058 ], [ 429320.706299999728799, 4471807.702299998141825 ], [ 429313.459599999710917, 4471829.9715 ], [ 429313.070600000210106, 4471831.331500000320375 ], [ 429307.9989, 4471849.09669999871403 ], [ 429304.083100000396371, 4471861.9688 ], [ 429299.14130000025034, 4471877.660900000482798 ], [ 429295.94539999961853, 4471888.92299999948591 ], [ 429292.603600000031292, 4471899.576099998317659 ], [ 429289.817699999548495, 4471909.498200000263751 ], [ 429287.14879999961704, 4471918.47829999960959 ], [ 429285.117899999953806, 4471925.792400000616908 ], [ 429282.323099999688566, 4471935.642399999313056 ], [ 429279.811200000345707, 4471943.657500000670552 ], [ 429275.855399999767542, 4471958.01560000050813 ], [ 429274.097400000318885, 4471963.782700000330806 ], [ 429272.021499999798834, 4471971.011800000444055 ], [ 429269.592699999921024, 4471979.054799999110401 ], [ 429267.838700000196695, 4471984.701899998821318 ], [ 429268.131500000192318, 4471985.78969999961555 ], [ 429208.862300000153482, 4472051.281199999153614 ], [ 429224.502199999988079, 4472059.57109999936074 ], [ 429238.900000000372529, 4472063.799999999813735 ], [ 429255.400000000372529, 4472061.800000000745058 ], [ 429320.036399999633431, 4472049.755999999120831 ], [ 429382.119300000369549, 4472046.572300000116229 ], [ 429475.855399999767542, 4472059.136599999852479 ], [ 429566.549700000323355, 4472080.9353 ], [ 429648.458999999798834, 4472086.406999999657273 ], [ 429671.194199999794364, 4472086.1096 ], [ 429704.480999999679625, 4472084.732200000435114 ], [ 429747.638899999670684, 4472081.977800000458956 ], [ 429820.869800000451505, 4472084.042600000277162 ], [ 429879.458300000114832, 4472089.327600001357496 ], [ 429921.691800000146031, 4472094.654299999587238 ], [ 429960.907800000160933, 4472100.951099998317659 ], [ 430000.530199999921024, 4472101.153799998573959 ], [ 430026.017799999564886, 4472099.9496 ], [ 430078.426500000059605, 4472098.268000000156462 ], [ 430129.714200000278652, 4472092.38370000012219 ], [ 430144.287700000219047, 4472092.10329999960959 ], [ 430161.944199999794364, 4472094.624800000339746 ], [ 430191.091199999675155, 4472099.667799999006093 ], [ 430214.534900000318885, 4472104.651500000618398 ], [ 430249.928100000193808, 4472106.801699999719858 ], [ 430285.246399999596179, 4472103.651000000536442 ], [ 430355.074000000022352, 4472102.662899999879301 ], [ 430469.589999999909196, 4472073.649900000542402 ], [ 430557.860000000335276, 4472027.25999999884516 ], [ 430845.540000000037253, 4471811.21000000089407 ], [ 431182.910000000149012, 4471671.750000000931323 ], [ 431390.28000000026077, 4471626.519999999552965 ], [ 431742.71999999973923, 4471583.609999999403954 ], [ 432015.190000000409782, 4471590.769999999552965 ], [ 432404.179999999701977, 4471600.730000000447035 ], [ 432632.75999999983469, 4471750.659999999217689 ], [ 433074.549999999813735, 4471784.320000001229346 ], [ 433004.490000000223517, 4471612.429999999701977 ], [ 433228.549999999813735, 4471655.730000000447035 ], [ 433637.518799999670591, 4471789.214000000618398 ], [ 433677.519999999552965, 4471802.269999999552965 ], [ 433744.0, 4471929.78999999910593 ], [ 433748.656499999633525, 4471934.73369999974966 ], [ 433795.889999999664724, 4471984.880000000819564 ], [ 433833.709999999962747, 4472096.449999999254942 ], [ 433967.019999999552965, 4472185.21000000089407 ], [ 433967.809999999590218, 4472228.400000000372529 ], [ 434007.78000000026077, 4472349.21 ], [ 434009.947599999664817, 4472350.684399998746812 ], [ 434161.230000000505242, 4472453.589999998919666 ], [ 434271.200000000244472, 4472476.800000000745058 ], [ 434271.180700000375509, 4472477.718200000934303 ], [ 434271.562199999578297, 4472477.721400000154972 ], [ 434271.652200000418816, 4472477.72139999922365 ], [ 434331.841599999926984, 4472475.790699999779463 ], [ 434344.721499999985099, 4472473.520600000396371 ] ] ] } },
{ "type": "Feature", "properties": { "tau": -0.49538466334342957, "two_sided_pval": 0.00042085585300810635, "name": "Lucero", "classification": "negative trend with prob > 99%" }, "geometry": { "type": "Polygon", "coordinates": [ [ [ 434709.375599999970291, 4468226.032999999821186 ], [ 434575.215300000272691, 4468068.773800000548363 ], [ 434556.485399999655783, 4468060.753900000825524 ], [ 434481.131699999794364, 4467981.191100000403821 ], [ 434419.095800000242889, 4467975.22480000089854 ], [ 434328.357599999755621, 4468062.435799999162555 ], [ 434047.481100000441074, 4468145.92850000038743 ], [ 433744.874699999578297, 4468214.131300000473857 ], [ 433706.448400000110269, 4468194.2774 ], [ 433692.323900000192225, 4468187.977900000289083 ], [ 433685.422199999913573, 4468185.381799998693168 ], [ 433676.131400000303984, 4468183.374099999666214 ], [ 433666.475599999539554, 4468182.724600000306964 ], [ 433656.712600000202656, 4468180.621200000867248 ], [ 433648.319600000046194, 4468177.739900000393391 ], [ 433639.796500000171363, 4468173.371400000527501 ], [ 433633.051500000059605, 4468169.474000000394881 ], [ 433626.9364, 4468165.352900000289083 ], [ 433613.853600000031292, 4468157.873700000345707 ], [ 433601.780399999581277, 4468150.336299998685718 ], [ 433559.380900000222027, 4468125.538099999539554 ], [ 433521.88370000012219, 4468101.486700000241399 ], [ 433482.554999999701977, 4468076.780299999751151 ], [ 433446.278800000436604, 4468054.950400000438094 ], [ 433424.097400000318885, 4468041.08699999935925 ], [ 433391.518400000408292, 4468020.753999999724329 ], [ 433370.105600000359118, 4468005.243599999696016 ], [ 433356.601400000043213, 4467998.629100000485778 ], [ 433333.185700000263751, 4467986.193600000813603 ], [ 433294.754900000058115, 4467965.159199999645352 ], [ 433258.50690000038594, 4467945.117000001482666 ], [ 433202.172100000083447, 4467912.723600000143051 ], [ 433185.389499999582767, 4467903.025699999183416 ], [ 433167.776300000026822, 4467892.139799999073148 ], [ 433155.911799999885261, 4467885.901799999177456 ], [ 433141.234199999831617, 4467878.685300000943244 ], [ 433131.449099999852479, 4467874.52659999858588 ], [ 433109.477099999785423, 4467867.985400000587106 ], [ 433102.959800000302494, 4467869.165799998678267 ], [ 433097.271300000196788, 4467871.547000001184642 ], [ 433085.761900000274181, 4467876.309499998576939 ], [ 433054.144100000150502, 4467892.3169 ], [ 433012.901800000108778, 4467913.029200000688434 ], [ 432964.112599999643862, 4467938.640900001861155 ], [ 432926.859199999831617, 4467958.855100000277162 ], [ 432893.961900000460446, 4467976.804599999450147 ], [ 432851.401100000366569, 4467999.824899999424815 ], [ 432824.767099999880884, 4468015.082600000314415 ], [ 432803.352800000458956, 4468026.860399999655783 ], [ 432784.191999999806285, 4468037.398700000718236 ], [ 432764.953999999910593, 4468048.950500000268221 ], [ 432752.783099999651313, 4468057.152599999681115 ], [ 432739.4216, 4468065.751599999144673 ], [ 432725.398699999786913, 4468075.012000000104308 ], [ 432716.667399999685585, 4468080.700599999167025 ], [ 432707.6716, 4468087.050599999725819 ], [ 432697.088200000114739, 4468094.988100000657141 ], [ 432685.181900000199676, 4468103.322499999776483 ], [ 432666.528800000436604, 4468116.9485999988392 ], [ 432648.537100000306964, 4468129.119400001130998 ], [ 432632.13289999961853, 4468140.099599999375641 ], [ 432618.903699999675155, 4468148.566299999132752 ], [ 432603.692200000397861, 4468158.05519999936223 ], [ 432582.467799999751151, 4468167.249299999326468 ], [ 432561.565700000093784, 4468174.922199998982251 ], [ 432521.349000000394881, 4468195.295099998824298 ], [ 432491.1864, 4468208.788899999111891 ], [ 432480.073900000192225, 4468214.609800000675023 ], [ 432463.14049999974668, 4468222.282700000330806 ], [ 432446.736299999989569, 4468228.897299998439848 ], [ 432428.215400000161026, 4468237.628600000403821 ], [ 432411.546699999831617, 4468243.978599998168647 ], [ 432393.55489999987185, 4468250.063999999314547 ], [ 432371.097900000400841, 4468254.88300000037998 ], [ 432351.945299999788404, 4468260.411599998362362 ], [ 432339.9068, 4468263.851199999451637 ], [ 432331.506199999712408, 4468265.901700000278652 ], [ 432317.350999999791384, 4468269.208999999798834 ], [ 432302.137400000356138, 4468272.450200000777841 ], [ 432285.356399999931455, 4468276.7303 ], [ 432257.422799999825656, 4468282.504399999044836 ], [ 432228.384700000286102, 4468288.920499999076128 ], [ 432200.780799999833107, 4468295.226999999023974 ], [ 432180.563299999572337, 4468298.994600000791252 ], [ 432159.076899999752641, 4468301.521299999207258 ], [ 432137.10329999960959, 4468305.787699999287724 ], [ 432107.377299999818206, 4468312.943900000303984 ], [ 432084.583399999886751, 4468318.818499999120831 ], [ 432057.267900000326335, 4468326.568399999290705 ], [ 432033.341699999757111, 4468334.356199999339879 ], [ 432004.808699999935925, 4468343.480599999427795 ], [ 431979.541000000259373, 4468350.49210000038147 ], [ 431959.035699999891222, 4468356.4452 ], [ 431944.102500000037253, 4468361.518500000238419 ], [ 431918.554399999789894, 4468368.483799999579787 ], [ 431900.621799999848008, 4468374.1667 ], [ 431859.740100000053644, 4468385.363600000739098 ], [ 431847.675200000405312, 4468388.9222999997437 ], [ 431832.534000000043306, 4468394.058100000955164 ], [ 431828.963700000196695, 4468396.533800000324845 ], [ 431819.532599999627564, 4468405.821999999694526 ], [ 431812.602099999785423, 4468412.752499998547137 ], [ 431806.814899999590125, 4468419.039899998344481 ], [ 431799.564299999736249, 4468426.852 ], [ 431793.239799999631941, 4468433.686699999496341 ], [ 431787.254999999888241, 4468440.2458999985829 ], [ 431781.718100000172853, 4468447.171700000762939 ], [ 431774.100300000049174, 4468456.2369 ], [ 431767.65539999952307, 4468463.983300000429153 ], [ 431758.309200000017881, 4468474.4847 ], [ 431749.308600000105798, 4468484.86329999845475 ], [ 431741.510800000280142, 4468494.6162 ], [ 431728.698400000168476, 4468510.170799999497831 ], [ 431718.816200000233948, 4468520.509799999184906 ], [ 431489.910500000230968, 4468743.662799999117851 ], [ 432003.561999999918044, 4469297.471199999563396 ], [ 432397.092699999921024, 4469683.279600000940263 ], [ 432755.143000000098255, 4470040.247700000181794 ], [ 433062.703200000338256, 4470348.865899999625981 ], [ 433137.803199999965727, 4470418.47550000064075 ], [ 433339.669800000265241, 4470286.382799998857081 ], [ 433341.269799999892712, 4470284.122899998910725 ], [ 433368.129099999612663, 4470246.362400000914931 ], [ 433405.488099999725819, 4470184.981800000183284 ], [ 433427.707100000232458, 4470107.601300000213087 ], [ 433467.745600000023842, 4469993.760500001721084 ], [ 433502.924599999561906, 4469931.11979999858886 ], [ 433561.952899999916553, 4469825.018900000490248 ], [ 433570.872700000181794, 4469812.278799999505281 ], [ 433583.602400000207126, 4469797.42860000114888 ], [ 433592.952200000174344, 4469786.398499998264015 ], [ 433603.552000000141561, 4469777.998299999162555 ], [ 433615.871799999848008, 4469767.70820000115782 ], [ 433632.85149999987334, 4469757.518000000156462 ], [ 433662.411100000143051, 4469746.50760000012815 ], [ 433702.690600000321865, 4469735.287200000137091 ], [ 433736.440200000128243, 4469727.77690000180155 ], [ 433771.079800000414252, 4469720.266399999149144 ], [ 433843.108900000341237, 4469704.855699999257922 ], [ 433953.667600000277162, 4469680.884500000625849 ], [ 434051.676400000229478, 4469659.953499999828637 ], [ 434105.485799999907613, 4469648.282999999821186 ], [ 434185.074900000356138, 4469631.012100000865757 ], [ 434354.542799999937415, 4469594.7204 ], [ 434625.629599999636412, 4469536.6776 ], [ 434689.948800000362098, 4469522.896999999880791 ], [ 434791.49760000029346, 4469501.145899999886751 ], [ 434791.519199999980628, 4469501.140999998897314 ], [ 435001.825100000074599, 4469453.69370000064373 ], [ 435289.52170000039041, 4469394.890900000929832 ], [ 435258.98369999974966, 4469199.817399999126792 ], [ 435227.028400000184774, 4468995.690500000491738 ], [ 435229.64809999987483, 4468969.470499999821186 ], [ 435292.105999999679625, 4468825.029500001110137 ], [ 435321.555100000463426, 4468758.878999999724329 ], [ 435161.115399999544024, 4468636.150099999271333 ], [ 434901.605999999679625, 4468451.351999999023974 ], [ 434709.375599999970291, 4468226.032999999821186 ] ] ] } },
{ "type": "Feature", "properties": { "tau": -0.48307695984840393, "two_sided_pval": 0.00058498518774285913, "name": "Puerta del Ángel", "classification": "negative trend with prob > 99%" }, "geometry": { "type": "Polygon", "coordinates": [ [ [ 434643.026399999856949, 4471617.94410000089556 ], [ 434860.073599999770522, 4471370.8608 ], [ 434878.503499999642372, 4471386.66059999819845 ], [ 435263.457299999892712, 4470926.845000000670552 ], [ 435341.535600000061095, 4470833.583800001069903 ], [ 435549.721300000324845, 4470614.521199999377131 ], [ 435587.810499999672174, 4470569.770700000226498 ], [ 435628.739599999971688, 4470523.810200000181794 ], [ 435669.678600000217557, 4470455.309599999338388 ], [ 435706.437400000169873, 4470372.599099999293685 ], [ 435756.565799999982119, 4470259.808299999684095 ], [ 435792.484500000195112, 4470164.567799999378622 ], [ 435829.752899999730289, 4470048.457099999301136 ], [ 435759.502999999560416, 4469987.2577 ], [ 435719.082899999804795, 4469929.687999999150634 ], [ 435703.472699999809265, 4469896.528100000694394 ], [ 435689.682500000111759, 4469867.228199999779463 ], [ 435674.992300000041723, 4469826.18819999974221 ], [ 435669.432099999859929, 4469801.208200000226498 ], [ 435665.171900000423193, 4469782.098200000822544 ], [ 435660.821700000204146, 4469757.6382 ], [ 435659.061599999724422, 4469747.798200001008809 ], [ 435663.311300000175834, 4469715.518100000917912 ], [ 435577.011800000444055, 4469681.788899998180568 ], [ 435481.122399999760091, 4469644.309699999168515 ], [ 435325.393400000466499, 4469595.790999999269843 ], [ 435289.52170000039041, 4469394.890900000929832 ], [ 435001.825100000074599, 4469453.69370000064373 ], [ 434791.519199999980628, 4469501.140999998897314 ], [ 434791.49760000029346, 4469501.145899999886751 ], [ 434689.948800000362098, 4469522.896999999880791 ], [ 434625.629599999636412, 4469536.6776 ], [ 434354.542799999937415, 4469594.7204 ], [ 434185.074900000356138, 4469631.012100000865757 ], [ 434105.485799999907613, 4469648.282999999821186 ], [ 434051.676400000229478, 4469659.953499999828637 ], [ 433953.667600000277162, 4469680.884500000625849 ], [ 433843.108900000341237, 4469704.855699999257922 ], [ 433771.079800000414252, 4469720.266399999149144 ], [ 433736.440200000128243, 4469727.77690000180155 ], [ 433702.690600000321865, 4469735.287200000137091 ], [ 433662.411100000143051, 4469746.50760000012815 ], [ 433632.85149999987334, 4469757.518000000156462 ], [ 433615.871799999848008, 4469767.70820000115782 ], [ 433603.552000000141561, 4469777.998299999162555 ], [ 433592.952200000174344, 4469786.398499998264015 ], [ 433583.602400000207126, 4469797.42860000114888 ], [ 433570.872700000181794, 4469812.278799999505281 ], [ 433561.952899999916553, 4469825.018900000490248 ], [ 433502.924599999561906, 4469931.11979999858886 ], [ 433467.745600000023842, 4469993.760500001721084 ], [ 433427.707100000232458, 4470107.601300000213087 ], [ 433405.488099999725819, 4470184.981800000183284 ], [ 433368.129099999612663, 4470246.362400000914931 ], [ 433341.269799999892712, 4470284.122899998910725 ], [ 433339.669800000265241, 4470286.382799998857081 ], [ 433137.803199999965727, 4470418.47550000064075 ], [ 433518.072999999916647, 4470770.652899999171495 ], [ 433784.02309999987483, 4471037.991100000217557 ], [ 434024.611600000411272, 4471273.3293999992311 ], [ 434363.469100000336766, 4471604.79700000025332 ], [ 434463.388399999588728, 4471702.5263 ], [ 434510.368099999672268, 4471748.485999999567866 ], [ 434519.048000000417233, 4471756.975899999029934 ], [ 434601.926900000311434, 4471664.244699998758733 ], [ 434626.82660000026226, 4471636.38429999910295 ], [ 434643.026399999856949, 4471617.94410000089556 ] ] ] } },
{ "type": "Feature", "properties": { "tau": -0.42153850197792053, "two_sided_pval": 0.0027206921949982643, "name": "Buenavista", "classification": "negative trend with prob > 99%" }, "geometry": { "type": "Polygon", "coordinates": [ [ [ 439153.747200000158045, 4470838.710799997672439 ], [ 439095.036799999885261, 4470768.161099999211729 ], [ 439107.867200000211596, 4470813.911100001074374 ], [ 439138.128100000321865, 4470921.8311 ], [ 439171.919200000411365, 4471042.34110000077635 ], [ 439184.699199999682605, 4471087.891100000590086 ], [ 439192.739299999549985, 4471106.341099999845028 ], [ 439212.969399999827147, 4471189.461100000888109 ], [ 439213.199400000274181, 4471190.401200000196695 ], [ 439214.859400000423193, 4471197.251100000925362 ], [ 439215.376299999654293, 4471199.289100001566112 ], [ 439237.799599999561906, 4471287.691299999132752 ], [ 439247.849700000137091, 4471327.341199999675155 ], [ 439265.269799999892712, 4471399.4012999990955 ], [ 439287.759999999718275, 4471490.9013 ], [ 439294.389999999664724, 4471514.081399999558926 ], [ 439299.680200000293553, 4471584.3015 ], [ 439299.020299999974668, 4471619.231499998830259 ], [ 439299.020300000032876, 4471619.401599999517202 ], [ 439271.200899999646936, 4471752.55210000090301 ], [ 439267.220999999903142, 4471772.4222 ], [ 439267.890999999828637, 4471784.34220000077039 ], [ 439295.621100000164006, 4471875.572200000286102 ], [ 439312.971300000324845, 4471956.322200000286102 ], [ 439255.13219999987632, 4472147.463099998421967 ], [ 439333.422500000335276, 4472363.293099999427795 ], [ 439404.911999999545515, 4472326.99239999987185 ], [ 439455.981499999761581, 4472283.631899999454618 ], [ 439478.151300000026822, 4472259.541700000874698 ], [ 439515.720999999903142, 4472216.18129999935627 ], [ 439563.900600000284612, 4472164.15090000256896 ], [ 439629.419999999925494, 4472101.520199999213219 ], [ 439678.559600000269711, 4472065.8597999997437 ], [ 439721.639299999922514, 4472041.879399999044836 ], [ 439772.019000000320375, 4472013.82899999897927 ], [ 439849.208399999944959, 4471982.718299999833107 ], [ 439896.318099999800324, 4471963.728000000119209 ], [ 439971.217699999921024, 4471939.317300000227988 ], [ 440200.04619999974966, 4471864.135500000789762 ], [ 440057.486299999989569, 4471646.636099999770522 ], [ 440016.546400000341237, 4471589.876399998553097 ], [ 439977.736499999649823, 4471538.956599999219179 ], [ 439951.516499999910593, 4471509.216699999757111 ], [ 439917.156600000336766, 4471474.536800001747906 ], [ 439900.436599999666214, 4471460.736999998800457 ], [ 439887.916699999943376, 4471450.727 ], [ 439873.326700000092387, 4471440.987099998630583 ], [ 439853.016800000332296, 4471428.007200000807643 ], [ 439845.356800000183284, 4471423.107299999333918 ], [ 439843.93680000025779, 4471422.197300000116229 ], [ 439825.886900000274181, 4471412.207400000654161 ], [ 439817.456899999640882, 4471407.537400000728667 ], [ 439785.236999999731779, 4471391.6776 ], [ 439785.167000000365078, 4471391.637599999085069 ], [ 439720.0472999997437, 4471358.51799999922514 ], [ 439580.697800000256393, 4471287.568799999542534 ], [ 439569.997800000011921, 4471282.168899999000132 ], [ 439495.808100000023842, 4471236.02930000051856 ], [ 439484.378100000321865, 4471225.489399998448789 ], [ 439454.93819999974221, 4471198.459499998949468 ], [ 439426.988199999614153, 4471168.399599999189377 ], [ 439426.836600000038743, 4471168.2199 ], [ 439408.618300000205636, 4471146.629699999466538 ], [ 439379.958300000056624, 4471112.379899999126792 ], [ 439348.718299999833107, 4471072.949999999254942 ], [ 439312.138299999758601, 4471029.000099999830127 ], [ 439277.358099999837577, 4470987.21030000038445 ], [ 439194.837500000372529, 4470888.080600000917912 ], [ 439153.747200000158045, 4470838.710799997672439 ] ] ] } },
{ "type": "Feature", "properties": { "tau": -0.37230771780014038, "two_sided_pval": 0.0081694265827536583, "name": "Abrantes", "classification": "negative trend with prob > 99%" }, "geometry": { "type": "Polygon", "coordinates": [ [ [ 439095.036799999885261, 4470768.161099999211729 ], [ 438790.968299999833107, 4470765.493200000375509 ], [ 438732.808600000105798, 4470766.5735999988392 ], [ 438722.588700000196695, 4470767.20369999948889 ], [ 438691.71889999974519, 4470769.133899999782443 ], [ 438653.659099999815226, 4470773.77419999986887 ], [ 438622.02929999952903, 4470779.934399999678135 ], [ 438581.219600000418723, 4470787.8947 ], [ 438459.440499999560416, 4470812.525599998421967 ], [ 438377.521099999547005, 4470828.156199999153614 ], [ 438303.391699999570847, 4470850.516700000502169 ], [ 438234.992399999813642, 4470884.417300000786781 ], [ 438073.334099999628961, 4470976.6085 ], [ 437851.786199999973178, 4471104.000300000421703 ], [ 437891.286100000143051, 4471138.060099999420345 ], [ 438035.19579999987036, 4471258.749500000849366 ], [ 438155.965499999932945, 4471360.028999999165535 ], [ 438255.08530000038445, 4471441.148499999195337 ], [ 438324.615100000053644, 4471498.0482 ], [ 438495.794599999673665, 4471617.527300000190735 ], [ 438553.464399999938905, 4471657.787000000476837 ], [ 438666.214100000448525, 4471737.866399999707937 ], [ 438774.503800000064075, 4471816.9858 ], [ 438816.653599999845028, 4471847.765599998645484 ], [ 438861.183500000275671, 4471878.495400000363588 ], [ 439039.232900000177324, 4472001.3344 ], [ 439074.152800000272691, 4472026.054199998266995 ], [ 439134.482599999697413, 4472068.733799998648465 ], [ 439171.03249999973923, 4472092.583599998615682 ], [ 439255.13219999987632, 4472147.463099998421967 ], [ 439312.971300000324845, 4471956.322200000286102 ], [ 439295.621100000164006, 4471875.572200000286102 ], [ 439267.890999999828637, 4471784.34220000077039 ], [ 439267.220999999903142, 4471772.4222 ], [ 439271.200899999646936, 4471752.55210000090301 ], [ 439299.020300000032876, 4471619.401599999517202 ], [ 439299.020299999974668, 4471619.231499998830259 ], [ 439299.680200000293553, 4471584.3015 ], [ 439294.389999999664724, 4471514.081399999558926 ], [ 439287.759999999718275, 4471490.9013 ], [ 439265.269799999892712, 4471399.4012999990955 ], [ 439247.849700000137091, 4471327.341199999675155 ], [ 439237.799599999561906, 4471287.691299999132752 ], [ 439215.376299999654293, 4471199.289100001566112 ], [ 439214.859400000423193, 4471197.251100000925362 ], [ 439213.199400000274181, 4471190.401200000196695 ], [ 439212.969399999827147, 4471189.461100000888109 ], [ 439192.739299999549985, 4471106.341099999845028 ], [ 439184.699199999682605, 4471087.891100000590086 ], [ 439171.919200000411365, 4471042.34110000077635 ], [ 439138.128100000321865, 4470921.8311 ], [ 439107.867200000211596, 4470813.911100001074374 ], [ 439095.036799999885261, 4470768.161099999211729 ] ] ] } },
{ "type": "Feature", "properties": { "tau": -0.48307695984840393, "two_sided_pval": 0.00058498518774285913, "name": "Puerta Bonita", "classification": "negative trend with prob > 99%" }, "geometry": { "type": "Polygon", "coordinates": [ [ [ 438958.744599999859929, 4472384.886 ], [ 438984.954500000050757, 4472384.115800000727177 ], [ 438988.694500000216067, 4472384.455700000748038 ], [ 439129.113699999637902, 4472397.214699999429286 ], [ 439149.163599999621511, 4472399.52449999935925 ], [ 439174.603500000259373, 4472401.074400000274181 ], [ 439204.673299999907613, 4472399.52409999910742 ], [ 439248.612999999895692, 4472391.823799999430776 ], [ 439333.422500000335276, 4472363.293099999427795 ], [ 439255.13219999987632, 4472147.463099998421967 ], [ 439171.03249999973923, 4472092.583599998615682 ], [ 439134.482599999697413, 4472068.733799998648465 ], [ 439074.152800000272691, 4472026.054199998266995 ], [ 439039.232900000177324, 4472001.3344 ], [ 438861.183500000275671, 4471878.495400000363588 ], [ 438816.653599999845028, 4471847.765599998645484 ], [ 438774.503800000064075, 4471816.9858 ], [ 438666.214100000448525, 4471737.866399999707937 ], [ 438553.464399999938905, 4471657.787000000476837 ], [ 438495.794599999673665, 4471617.527300000190735 ], [ 438324.615100000053644, 4471498.0482 ], [ 438255.08530000038445, 4471441.148499999195337 ], [ 438155.965499999932945, 4471360.028999999165535 ], [ 438035.19579999987036, 4471258.749500000849366 ], [ 437891.286100000143051, 4471138.060099999420345 ], [ 437621.518000000156462, 4471290.882500000298023 ], [ 437525.748800000175834, 4471357.363399999216199 ], [ 437418.789599999727216, 4471427.524399999529123 ], [ 437320.540400000289083, 4471493.3153 ], [ 437176.531499999575317, 4471588.206599999219179 ], [ 437122.582299999892712, 4471641.417499999515712 ], [ 437125.892300000414252, 4471644.667500000447035 ], [ 437218.221900000236928, 4471735.676899998448789 ], [ 437269.251799999736249, 4471783.686699999496341 ], [ 437270.481800000183284, 4471784.846699999645352 ], [ 437285.201799999922514, 4471798.696699997410178 ], [ 437308.541699999943376, 4471830.196599999442697 ], [ 437315.011699999682605, 4471838.9265 ], [ 437320.641800000332296, 4471849.766600001603365 ], [ 437332.231800000183284, 4471872.066499999724329 ], [ 437341.731800000183284, 4471890.346599999815226 ], [ 437381.071899999864399, 4471966.096599999815226 ], [ 437404.261900000274181, 4471997.0965 ], [ 437411.651899999938905, 4472006.986400000751019 ], [ 437445.571800000034273, 4472052.326299999840558 ], [ 437646.651499999687076, 4472251.995400000363588 ], [ 437702.191399999894202, 4472305.595300000160933 ], [ 437754.231300000101328, 4472355.814999998547137 ], [ 437872.390999999886844, 4472469.834499999880791 ], [ 437976.960799999535084, 4472570.754100000485778 ], [ 438027.360700000077486, 4472619.973799999803305 ], [ 438027.790699999779463, 4472620.393799999728799 ], [ 438089.080599999986589, 4472680.243499998934567 ], [ 438172.18030000012368, 4472730.352999999187887 ], [ 438197.150200000032783, 4472763.642900000326335 ], [ 438197.190200000070035, 4472763.7029 ], [ 438211.760200000426266, 4472783.13289999961853 ], [ 438243.1102, 4472818.722700000740588 ], [ 438260.560100000351667, 4472838.522600000724196 ], [ 438304.099999999627471, 4472867.542400001548231 ], [ 438326.169900000095367, 4472890.392300000414252 ], [ 438342.339900000079069, 4472907.122199999168515 ], [ 438367.39989999961108, 4472944.052100001834333 ], [ 438380.389899999834597, 4472957.621999999508262 ], [ 438396.439799999818206, 4472974.392000001855195 ], [ 438425.689699999988079, 4472998.001800000667572 ], [ 438437.319699999934528, 4473007.3717 ], [ 438466.309600000269711, 4473017.171499999240041 ], [ 438475.549499999731779, 4473020.291500001214445 ], [ 438511.189299999736249, 4473016.601099998690188 ], [ 438500.549200000241399, 4472966.2111 ], [ 438500.748999999836087, 4472911.310900000855327 ], [ 438599.488400000147521, 4472911.310200000181794 ], [ 438674.108, 4472910.079600000753999 ], [ 438679.137799999676645, 4472869.7994 ], [ 438685.428399999625981, 4472825.600599999539554 ], [ 438699.7171, 4472690.178799998946488 ], [ 438711.676900000311434, 4472635.39850000012666 ], [ 438714.356800000183284, 4472623.1085 ], [ 438736.706399999558926, 4472552.948100000619888 ], [ 438746.156299999856856, 4472532.607899999246001 ], [ 438756.766200000420213, 4472509.777799999341369 ], [ 438805.325699999928474, 4472461.207299998961389 ], [ 438870.855200000107288, 4472413.40669999923557 ], [ 438901.695000000298023, 4472397.986399999819696 ], [ 438923.284900000318885, 4472391.82630000077188 ], [ 438958.744599999859929, 4472384.886 ] ] ] } },
{ "type": "Feature", "properties": { "tau": -0.46461543440818787, "two_sided_pval": 0.00094559538410976529, "name": "Vista Alegre", "classification": "negative trend with prob > 99%" }, "geometry": { "type": "Polygon", "coordinates": [ [ [ 437233.73589999973774, 4470712.793999999761581 ], [ 437103.635700000450015, 4470596.0049 ], [ 437033.815799999982119, 4470527.895600000396371 ], [ 437070.75480000016978, 4470461.165200000628829 ], [ 437022.245099999941885, 4470445.005699999630451 ], [ 436970.035500000230968, 4470429.626199999824166 ], [ 436955.725499999709427, 4470423.796399998478591 ], [ 436941.415599999949336, 4470415.586499999277294 ], [ 436917.945700000040233, 4470400.136700000613928 ], [ 436883.575799999816809, 4470374.04700000025332 ], [ 436869.23579999996582, 4470362.247100000269711 ], [ 436844.085799999535084, 4470332.887399999424815 ], [ 436802.16579999960959, 4470299.357799999415874 ], [ 436739.896099999605212, 4470261.638399999588728 ], [ 436691.396300000138581, 4470237.688800000585616 ], [ 436627.936200000403915, 4470164.119300001300871 ], [ 436582.406200000084937, 4470111.339700000360608 ], [ 436465.83600000012666, 4469973.720599999651313 ], [ 436454.975999999791384, 4469960.900699998252094 ], [ 436452.855899999791291, 4469957.930800000205636 ], [ 436451.54590000025928, 4469956.090800000354648 ], [ 436377.845800000242889, 4469869.121300000697374 ], [ 436373.205799999646842, 4469861.761399999260902 ], [ 436357.805700000375509, 4469841.921499999240041 ], [ 436338.775600000284612, 4469804.76170000154525 ], [ 436333.235600000247359, 4469801.3717 ], [ 436307.045699999667704, 4469785.291899999603629 ], [ 436278.515599999576807, 4469746.952199999243021 ], [ 436265.105700000189245, 4469742.2023 ], [ 436158.477300000376999, 4469801.503399999812245 ], [ 436056.098899999633431, 4469860.52449999935925 ], [ 436061.608900000341237, 4469871.9945 ], [ 436044.609199999773409, 4469876.864699999801815 ], [ 436035.809299999848008, 4469879.384800000116229 ], [ 436032.949300000444055, 4469880.204800000414252 ], [ 436005.439699999988079, 4469893.965100000612438 ], [ 435971.500300000421703, 4469915.97550000064075 ], [ 435921.971099999733269, 4469948.075999999418855 ], [ 435914.441200000233948, 4469954.216099998913705 ], [ 435897.201500000432134, 4469968.256300000473857 ], [ 435867.152099999599159, 4469997.476700001396239 ], [ 435865.122100000269711, 4469999.4567 ], [ 435830.102900000289083, 4470047.987200000323355 ], [ 435829.752899999730289, 4470048.457099999301136 ], [ 435792.484500000195112, 4470164.567799999378622 ], [ 435756.565799999982119, 4470259.808299999684095 ], [ 435706.437400000169873, 4470372.599099999293685 ], [ 435669.678600000217557, 4470455.309599999338388 ], [ 435628.739599999971688, 4470523.810200000181794 ], [ 435587.810499999672174, 4470569.770700000226498 ], [ 435549.721300000324845, 4470614.521199999377131 ], [ 435605.881299999542534, 4470667.180800000205636 ], [ 435861.598199999891222, 4470613.797900000587106 ], [ 435933.627500000409782, 4470606.997199998237193 ], [ 436034.856399999931455, 4470599.526200001128018 ], [ 436081.73589999973774, 4470600.885700000450015 ], [ 436195.145399999804795, 4470661.9446 ], [ 436205.385300000198185, 4470667.464500000700355 ], [ 436379.704900000244379, 4470795.642900000326335 ], [ 436382.324900000356138, 4470797.692800001241267 ], [ 436608.564299999736249, 4470973.710699999704957 ], [ 436666.984199999831617, 4471019.170199999585748 ], [ 436738.1239, 4471074.519500000402331 ], [ 436756.80379999987781, 4471080.1294 ], [ 436776.703599999600556, 4471086.089199999347329 ], [ 436790.573499999940395, 4471090.248899999074638 ], [ 436816.913499999791384, 4471161.32899999897927 ], [ 436870.583499999716878, 4471306.18889999948442 ], [ 436891.663400000019465, 4471355.498899999074638 ], [ 436917.153300000354648, 4471393.528799999505281 ], [ 436953.933199999853969, 4471460.058599998243153 ], [ 437005.192999999970198, 4471520.128200000151992 ], [ 437122.582299999892712, 4471641.417499999515712 ], [ 437176.531499999575317, 4471588.206599999219179 ], [ 437320.540400000289083, 4471493.3153 ], [ 437418.789599999727216, 4471427.524399999529123 ], [ 437525.748800000175834, 4471357.363399999216199 ], [ 437621.518000000156462, 4471290.882500000298023 ], [ 437891.286100000143051, 4471138.060099999420345 ], [ 437851.786199999973178, 4471104.000300000421703 ], [ 437738.966099999903236, 4471006.720799998380244 ], [ 437725.206100000068545, 4470995.040899999439716 ], [ 437657.305900000035763, 4470937.461300000548363 ], [ 437626.655799999833107, 4470911.461500000208616 ], [ 437549.965499999932945, 4470846.891899998299778 ], [ 437480.105399999767542, 4470792.752399999648333 ], [ 437446.935399999900255, 4470781.11260000243783 ], [ 437233.73589999973774, 4470712.793999999761581 ] ] ] } },
{ "type": "Feature", "properties": { "tau": -0.43384620547294617, "two_sided_pval": 0.0020299360621720552, "name": "Opañel", "classification": "negative trend with prob > 99%" }, "geometry": { "type": "Polygon", "coordinates": [ [ [ 437540.273500000184868, 4469612.760500000789762 ], [ 437482.242900000012014, 4469514.810799998231232 ], [ 437481.402900000102818, 4469513.400900000706315 ], [ 437459.22300000017276, 4469514.020999998785555 ], [ 437450.863099999725819, 4469514.2511 ], [ 437405.903300000354648, 4469512.181399998255074 ], [ 437386.373399999924004, 4469511.281600001268089 ], [ 437323.023699999786913, 4469508.362099999561906 ], [ 437316.013799999840558, 4469508.05210000090301 ], [ 437287.063900000415742, 4469506.782299999147654 ], [ 437247.674100000411272, 4469505.742599999532104 ], [ 437208.964300000108778, 4469501.60289999935776 ], [ 437138.474700000137091, 4469490.183499998413026 ], [ 437115.614900000393391, 4469483.373700000345707 ], [ 437069.025200000032783, 4469469.46409999858588 ], [ 437056.155299999751151, 4469466.2642 ], [ 437005.095599999651313, 4469453.564600000157952 ], [ 436952.636, 4469437.755200000479817 ], [ 436892.566399999894202, 4469419.655799999833107 ], [ 436845.386699999682605, 4469406.276199999265373 ], [ 436811.577100000344217, 4469409.0965 ], [ 436789.987300000153482, 4469411.906700000166893 ], [ 436779.187400000169873, 4469413.316799999214709 ], [ 436772.267500000074506, 4469413.96690000128001 ], [ 436756.647699999623001, 4469415.446999999694526 ], [ 436703.838200000172947, 4469416.8575 ], [ 436613.689000000245869, 4469412.6184 ], [ 436603.139200000092387, 4469415.018500001169741 ], [ 436582.729399999661837, 4469419.658699999563396 ], [ 436570.879599999636412, 4469426.398800001479685 ], [ 436522.140300000086427, 4469454.169299999251962 ], [ 436479.160899999551475, 4469469.909800001420081 ], [ 436422.141699999570847, 4469490.790299999527633 ], [ 436415.7818, 4469494.57039999961853 ], [ 436399.622000000439584, 4469504.180600000545382 ], [ 436377.792399999685585, 4469521.780799998901784 ], [ 436370.712500000372529, 4469527.36089999973774 ], [ 436360.872700000181794, 4469535.160999999381602 ], [ 436360.602699999697506, 4469535.651000000536442 ], [ 436360.162700000219047, 4469536.451000000350177 ], [ 436351.473000000230968, 4469552.2111 ], [ 436349.612999999895692, 4469555.5811 ], [ 436299.613499999977648, 4469554.171599999070168 ], [ 436300.313500000163913, 4469556.281599999405444 ], [ 436304.473600000143051, 4469569.171599998138845 ], [ 436307.353600000031292, 4469578.121600000187755 ], [ 436308.263700000010431, 4469582.161599999293685 ], [ 436312.27379999961704, 4469599.961600000970066 ], [ 436314.813900000415742, 4469616.301599998958409 ], [ 436315.104000000283122, 4469618.261599999852479 ], [ 436309.474100000283215, 4469630.22169999871403 ], [ 436303.134300000034273, 4469641.351699999533594 ], [ 436266.515300000086427, 4469705.582199999131262 ], [ 436265.105700000189245, 4469742.2023 ], [ 436278.515599999576807, 4469746.952199999243021 ], [ 436307.045699999667704, 4469785.291899999603629 ], [ 436333.235600000247359, 4469801.3717 ], [ 436338.775600000284612, 4469804.76170000154525 ], [ 436357.805700000375509, 4469841.921499999240041 ], [ 436373.205799999646842, 4469861.761399999260902 ], [ 436377.845800000242889, 4469869.121300000697374 ], [ 436451.54590000025928, 4469956.090800000354648 ], [ 436452.855899999791291, 4469957.930800000205636 ], [ 436454.975999999791384, 4469960.900699998252094 ], [ 436465.83600000012666, 4469973.720599999651313 ], [ 436582.406200000084937, 4470111.339700000360608 ], [ 436627.936200000403915, 4470164.119300001300871 ], [ 436691.396300000138581, 4470237.688800000585616 ], [ 436739.896099999605212, 4470261.638399999588728 ], [ 436802.16579999960959, 4470299.357799999415874 ], [ 436844.085799999535084, 4470332.887399999424815 ], [ 436869.23579999996582, 4470362.247100000269711 ], [ 436883.575799999816809, 4470374.04700000025332 ], [ 436917.945700000040233, 4470400.136700000613928 ], [ 436941.415599999949336, 4470415.586499999277294 ], [ 436955.725499999709427, 4470423.796399998478591 ], [ 436970.035500000230968, 4470429.626199999824166 ], [ 437022.245099999941885, 4470445.005699999630451 ], [ 437070.75480000016978, 4470461.165200000628829 ], [ 437033.815799999982119, 4470527.895600000396371 ], [ 437103.635700000450015, 4470596.0049 ], [ 437233.73589999973774, 4470712.793999999761581 ], [ 437446.935399999900255, 4470781.11260000243783 ], [ 437480.105399999767542, 4470792.752399999648333 ], [ 437549.965499999932945, 4470846.891899998299778 ], [ 437626.655799999833107, 4470911.461500000208616 ], [ 437657.305900000035763, 4470937.461300000548363 ], [ 437725.206100000068545, 4470995.040899999439716 ], [ 437738.966099999903236, 4471006.720799998380244 ], [ 437851.786199999973178, 4471104.000300000421703 ], [ 438073.334099999628961, 4470976.6085 ], [ 438234.992399999813642, 4470884.417300000786781 ], [ 438214.331799999810755, 4470813.107299999333918 ], [ 438196.271499999798834, 4470776.357399999164045 ], [ 438185.671299999579787, 4470754.797400000505149 ], [ 438160.571000000461936, 4470708.737499999813735 ], [ 438147.450799999816809, 4470683.667500000447035 ], [ 438099.080199999676552, 4470591.257699999026954 ], [ 438071.839800000190735, 4470539.187799998559058 ], [ 438054.599600000306964, 4470506.247899998910725 ], [ 438009.589100000448525, 4470437.788100000470877 ], [ 438004.54910000046948, 4470430.138199998997152 ], [ 437924.97829999960959, 4470308.788499999791384 ], [ 437838.017300000414252, 4470165.309000000357628 ], [ 437804.566999999806285, 4470110.139100001193583 ], [ 437589.347299999557436, 4470021.93059999961406 ], [ 437423.987499999813735, 4469954.141799999400973 ], [ 437656.95409999974072, 4469737.589700000360608 ], [ 437540.273500000184868, 4469612.760500000789762 ] ] ] } },
{ "type": "Feature", "properties": { "tau": -0.45230773091316223, "two_sided_pval": 0.0012905795592814684, "name": "Comillas", "classification": "negative trend with prob > 99%" }, "geometry": { "type": "Polygon", "coordinates": [ [ [ 436300.313500000163913, 4469556.281599999405444 ], [ 436299.613499999977648, 4469554.171599999070168 ], [ 436349.612999999895692, 4469555.5811 ], [ 436351.473000000230968, 4469552.2111 ], [ 436360.162700000219047, 4469536.451000000350177 ], [ 436360.602699999697506, 4469535.651000000536442 ], [ 436360.872700000181794, 4469535.160999999381602 ], [ 436370.712500000372529, 4469527.36089999973774 ], [ 436377.792399999685585, 4469521.780799998901784 ], [ 436399.622000000439584, 4469504.180600000545382 ], [ 436415.7818, 4469494.57039999961853 ], [ 436422.141699999570847, 4469490.790299999527633 ], [ 436479.160899999551475, 4469469.909800001420081 ], [ 436522.140300000086427, 4469454.169299999251962 ], [ 436570.879599999636412, 4469426.398800001479685 ], [ 436582.729399999661837, 4469419.658699999563396 ], [ 436603.139200000092387, 4469415.018500001169741 ], [ 436613.689000000245869, 4469412.6184 ], [ 436703.838200000172947, 4469416.8575 ], [ 436756.647699999623001, 4469415.446999999694526 ], [ 436772.267500000074506, 4469413.96690000128001 ], [ 436779.187400000169873, 4469413.316799999214709 ], [ 436789.987300000153482, 4469411.906700000166893 ], [ 436811.577100000344217, 4469409.0965 ], [ 436845.386699999682605, 4469406.276199999265373 ], [ 436892.566399999894202, 4469419.655799999833107 ], [ 436952.636, 4469437.755200000479817 ], [ 437005.095599999651313, 4469453.564600000157952 ], [ 437056.155299999751151, 4469466.2642 ], [ 437069.025200000032783, 4469469.46409999858588 ], [ 437115.614900000393391, 4469483.373700000345707 ], [ 437127.453300000168383, 4469486.900299998931587 ], [ 437138.474700000137091, 4469490.183499998413026 ], [ 437208.964300000108778, 4469501.60289999935776 ], [ 437247.674100000411272, 4469505.742599999532104 ], [ 437287.063900000415742, 4469506.782299999147654 ], [ 437316.013799999840558, 4469508.05210000090301 ], [ 437323.023699999786913, 4469508.362099999561906 ], [ 437386.373399999924004, 4469511.281600001268089 ], [ 437405.903300000354648, 4469512.181399998255074 ], [ 437450.863099999725819, 4469514.2511 ], [ 437459.22300000017276, 4469514.020999998785555 ], [ 437481.402900000102818, 4469513.400900000706315 ], [ 437497.912800000049174, 4469512.940700001083314 ], [ 437509.812699999660254, 4469512.600600000470877 ], [ 437513.312699999660254, 4469512.510599999688566 ], [ 437516.812699999660254, 4469512.410600000992417 ], [ 437537.832499999552965, 4469509.980399999767542 ], [ 437615.552000000199769, 4469500.989799999631941 ], [ 437632.741899999789894, 4469499.309699999168515 ], [ 437695.361499999649823, 4469493.209199999459088 ], [ 437695.57149999961257, 4469493.189099999144673 ], [ 437862.68030000012368, 4469470.51789999846369 ], [ 437906.480000000447035, 4469464.587600000202656 ], [ 438029.64919999986887, 4469447.596599998883903 ], [ 438080.988800000399351, 4469440.516100000590086 ], [ 438123.318500000052154, 4469434.675899999216199 ], [ 438229.268000000156462, 4469442.315000000409782 ], [ 438330.807500000111759, 4469449.634299998171628 ], [ 438646.716000000014901, 4469475.801899999380112 ], [ 438897.194799999706447, 4469496.360099998302758 ], [ 438857.941499999724329, 4469150.539699998684227 ], [ 438834.708399999944959, 4468837.929300001822412 ], [ 438809.696999999694526, 4468679.289200001396239 ], [ 438794.058500000275671, 4468580.144500002264977 ], [ 438794.046000000089407, 4468580.119100000709295 ], [ 438575.807199999690056, 4468562.400899999774992 ], [ 438264.738099999725819, 4468472.823199999518692 ], [ 437971.378600000462029, 4468342.325399999506772 ], [ 437667.569500000157859, 4468256.677799999713898 ], [ 437290.520700000226498, 4468148.4408 ], [ 436879.593000000342727, 4468032.334099999628961 ], [ 436599.485000000335276, 4467957.87639999948442 ], [ 436285.417100000195205, 4467869.618899999186397 ], [ 435940.549300000071526, 4467764.641599998809397 ], [ 435939.309600000269711, 4467764.295199999585748 ], [ 435660.361200000159442, 4467686.39369999896735 ], [ 435337.34499999973923, 4467764.626599998213351 ], [ 434936.6097999997437, 4467859.690099999308586 ], [ 434521.504999999888241, 4467985.073999999091029 ], [ 434481.131699999794364, 4467981.191100000403821 ], [ 434556.485399999655783, 4468060.753900000825524 ], [ 434575.215300000272691, 4468068.773800000548363 ], [ 434709.375599999970291, 4468226.032999999821186 ], [ 434901.605999999679625, 4468451.351999999023974 ], [ 435161.115399999544024, 4468636.150099999271333 ], [ 435321.555100000463426, 4468758.878999999724329 ], [ 435292.105999999679625, 4468825.029500001110137 ], [ 435229.64809999987483, 4468969.470499999821186 ], [ 435227.028400000184774, 4468995.690500000491738 ], [ 435289.52170000039041, 4469394.890900000929832 ], [ 435325.393400000466499, 4469595.790999999269843 ], [ 435481.122399999760091, 4469644.309699999168515 ], [ 435577.011800000444055, 4469681.788899998180568 ], [ 435663.311300000175834, 4469715.518100000917912 ], [ 435659.061599999724422, 4469747.798200001008809 ], [ 435660.821700000204146, 4469757.6382 ], [ 435665.171900000423193, 4469782.098200000822544 ], [ 435669.432099999859929, 4469801.208200000226498 ], [ 435674.992300000041723, 4469826.18819999974221 ], [ 435689.682500000111759, 4469867.228199999779463 ], [ 435703.472699999809265, 4469896.528100000694394 ], [ 435719.082899999804795, 4469929.687999999150634 ], [ 435759.502999999560416, 4469987.2577 ], [ 435829.752899999730289, 4470048.457099999301136 ], [ 435830.102900000289083, 4470047.987200000323355 ], [ 435865.122100000269711, 4469999.4567 ], [ 435867.152099999599159, 4469997.476700001396239 ], [ 435897.201500000432134, 4469968.256300000473857 ], [ 435914.441200000233948, 4469954.216099998913705 ], [ 435921.971099999733269, 4469948.075999999418855 ], [ 435971.500300000421703, 4469915.97550000064075 ], [ 436005.439699999988079, 4469893.965100000612438 ], [ 436032.949300000444055, 4469880.204800000414252 ], [ 436035.809299999848008, 4469879.384800000116229 ], [ 436044.609199999773409, 4469876.864699999801815 ], [ 436061.608900000341237, 4469871.9945 ], [ 436056.098899999633431, 4469860.52449999935925 ], [ 436158.477300000376999, 4469801.503399999812245 ], [ 436265.105700000189245, 4469742.2023 ], [ 436266.515300000086427, 4469705.582199999131262 ], [ 436303.134300000034273, 4469641.351699999533594 ], [ 436309.474100000283215, 4469630.22169999871403 ], [ 436315.104000000283122, 4469618.261599999852479 ], [ 436314.813900000415742, 4469616.301599998958409 ], [ 436312.27379999961704, 4469599.961600000970066 ], [ 436308.263700000010431, 4469582.161599999293685 ], [ 436307.353600000031292, 4469578.121600000187755 ], [ 436304.473600000143051, 4469569.171599998138845 ], [ 436300.313500000163913, 4469556.281599999405444 ] ] ] } },
{ "type": "Feature", "properties": { "tau": -0.37230771780014038, "two_sided_pval": 0.0081694265827536583, "name": "San Isidro", "classification": "negative trend with prob > 99%" }, "geometry": { "type": "Polygon", "coordinates": [ [ [ 438732.808600000105798, 4470766.5735999988392 ], [ 438790.968299999833107, 4470765.493200000375509 ], [ 439095.036799999885261, 4470768.161099999211729 ], [ 439037.244800000451505, 4470550.341 ], [ 439025.314399999566376, 4470503.431099999696016 ], [ 438992.163099999539554, 4470353.770999999716878 ], [ 438971.461900000460446, 4470226.6208999985829 ], [ 438964.391099999658763, 4470144.530799999833107 ], [ 438933.247499999648426, 4469783.240299998782575 ], [ 438901.925200000463519, 4469533.970100000500679 ], [ 438901.915199999697506, 4469533.880099998787045 ], [ 438897.194799999706447, 4469496.360099998302758 ], [ 438646.716000000014901, 4469475.801899999380112 ], [ 438330.807500000111759, 4469449.634299998171628 ], [ 438229.268000000156462, 4469442.315000000409782 ], [ 438123.318500000052154, 4469434.675899999216199 ], [ 438080.988800000399351, 4469440.516100000590086 ], [ 438029.64919999986887, 4469447.596599998883903 ], [ 437906.480000000447035, 4469464.587600000202656 ], [ 437862.68030000012368, 4469470.51789999846369 ], [ 437695.57149999961257, 4469493.189099999144673 ], [ 437695.361499999649823, 4469493.209199999459088 ], [ 437632.741899999789894, 4469499.309699999168515 ], [ 437615.552000000199769, 4469500.989799999631941 ], [ 437537.832499999552965, 4469509.980399999767542 ], [ 437516.812699999660254, 4469512.410600000992417 ], [ 437513.312699999660254, 4469512.510599999688566 ], [ 437509.812699999660254, 4469512.600600000470877 ], [ 437497.912800000049174, 4469512.940700001083314 ], [ 437481.402900000102818, 4469513.400900000706315 ], [ 437482.242900000012014, 4469514.810799998231232 ], [ 437540.273500000184868, 4469612.760500000789762 ], [ 437656.95409999974072, 4469737.589700000360608 ], [ 437423.987499999813735, 4469954.141799999400973 ], [ 437589.347299999557436, 4470021.93059999961406 ], [ 437804.566999999806285, 4470110.139100001193583 ], [ 437838.017300000414252, 4470165.309000000357628 ], [ 437924.97829999960959, 4470308.788499999791384 ], [ 438004.54910000046948, 4470430.138199998997152 ], [ 438009.589100000448525, 4470437.788100000470877 ], [ 438054.599600000306964, 4470506.247899998910725 ], [ 438071.839800000190735, 4470539.187799998559058 ], [ 438099.080199999676552, 4470591.257699999026954 ], [ 438147.450799999816809, 4470683.667500000447035 ], [ 438160.571000000461936, 4470708.737499999813735 ], [ 438185.671299999579787, 4470754.797400000505149 ], [ 438196.271499999798834, 4470776.357399999164045 ], [ 438214.331799999810755, 4470813.107299999333918 ], [ 438234.992399999813642, 4470884.417300000786781 ], [ 438303.391699999570847, 4470850.516700000502169 ], [ 438377.521099999547005, 4470828.156199999153614 ], [ 438459.440499999560416, 4470812.525599998421967 ], [ 438581.219600000418723, 4470787.8947 ], [ 438622.02929999952903, 4470779.934399999678135 ], [ 438653.659099999815226, 4470773.77419999986887 ], [ 438691.71889999974519, 4470769.133899999782443 ], [ 438722.588700000196695, 4470767.20369999948889 ], [ 438732.808600000105798, 4470766.5735999988392 ] ] ] } },
{ "type": "Feature", "properties": { "tau": -0.45846158266067505, "two_sided_pval": 0.001105707953684032, "name": "Orcasitas", "classification": "negative trend with prob > 99%" }, "geometry": { "type": "Polygon", "coordinates": [ [ [ 440196.707600000314415, 4468567.437799998559058 ], [ 440150.055700000375509, 4468359.107699999585748 ], [ 440129.275799999944866, 4468362.0778 ], [ 440025.686599999666214, 4468378.06870000064373 ], [ 439963.757100000046194, 4468385.639199999161065 ], [ 439963.337100000120699, 4468385.6892 ], [ 439888.197599999606609, 4468392.639899999834597 ], [ 439879.197700000368059, 4468393.2599 ], [ 439737.258600000292063, 4468403.141100000590086 ], [ 439365.091300000494812, 4468443.544199998490512 ], [ 438785.465200000500772, 4468495.539099999703467 ], [ 438785.42090000025928, 4468495.543199999257922 ], [ 438794.046000000089407, 4468580.119100000709295 ], [ 438794.058500000275671, 4468580.144500002264977 ], [ 438809.696999999694526, 4468679.289200001396239 ], [ 438834.708399999944959, 4468837.929300001822412 ], [ 438857.941499999724329, 4469150.539699998684227 ], [ 438897.194799999706447, 4469496.360099998302758 ], [ 439004.644199999980628, 4469497.939300000667572 ], [ 439141.633399999700487, 4469496.2582 ], [ 439158.203300000168383, 4469496.0581 ], [ 439344.742200000211596, 4469491.346700000576675 ], [ 439446.051400000229478, 4469462.22580000013113 ], [ 439502.070899999758694, 4469446.12540000025183 ], [ 439528.620699999853969, 4469439.415100001730025 ], [ 439659.639399999810848, 4469392.813999998383224 ], [ 439827.707899999804795, 4469332.692600000649691 ], [ 439995.376299999654293, 4469272.111099998466671 ], [ 440155.954800000414252, 4469214.309800000861287 ], [ 440219.614199999719858, 4469195.859200001694262 ], [ 440279.593799999915063, 4469190.778799999505281 ], [ 440307.962899999693036, 4469125.018399999476969 ], [ 440282.701799999922514, 4469007.608199999667704 ], [ 440277.6716, 4468982.638199998997152 ], [ 440243.179799999983516, 4468801.097999998368323 ], [ 440217.358500000089407, 4468664.427799999713898 ], [ 440196.707600000314415, 4468567.437799998559058 ] ] ] } },
{ "type": "Feature", "properties": { "tau": -0.45846158266067505, "two_sided_pval": 0.001105707953684032, "name": "San Fermín", "classification": "negative trend with prob > 99%" }, "geometry": { "type": "Polygon", "coordinates": [ [ [ 440343.844399999827147, 4468349.195999999530613 ], [ 440291.334699999599252, 4468347.276499999687076 ], [ 440255.294900000095367, 4468348.2368 ], [ 440225.105200000107288, 4468350.236999998800457 ], [ 440225.0152000002563, 4468350.246999998576939 ], [ 440219.245199999772012, 4468350.627100001089275 ], [ 440202.6053, 4468352.517200001515448 ], [ 440183.685399999842048, 4468354.687400000169873 ], [ 440150.055700000375509, 4468359.107699999585748 ], [ 440196.707600000314415, 4468567.437799998559058 ], [ 440217.358500000089407, 4468664.427799999713898 ], [ 440243.179799999983516, 4468801.097999998368323 ], [ 440277.6716, 4468982.638199998997152 ], [ 440282.701799999922514, 4469007.608199999667704 ], [ 440307.962899999693036, 4469125.018399999476969 ], [ 440279.593799999915063, 4469190.778799999505281 ], [ 440301.774299999757204, 4469254.0088 ], [ 440332.595300000160933, 4469359.228799999691546 ], [ 440343.22580000013113, 4469409.18889999948442 ], [ 440352.313000000081956, 4469515.547499999403954 ], [ 440361.297899999597576, 4469620.709299999289215 ], [ 440435.699699999764562, 4469823.7193 ], [ 440497.350499999709427, 4469931.059100001119077 ], [ 440571.610899999795947, 4470007.148700000718236 ], [ 440852.023199999704957, 4470155.764599998481572 ], [ 440959.538999999815132, 4470207.853800000622869 ], [ 440957.712700000032783, 4470245.737100000493228 ], [ 440994.53110000025481, 4470288.277599999681115 ], [ 441090.19400000013411, 4470413.004799998365343 ], [ 441150.865199999883771, 4470492.440799999050796 ], [ 441250.31599999970058, 4470620.5389 ], [ 441452.9337, 4470421.963899999856949 ], [ 441405.325100000016391, 4470383.046999999321997 ], [ 441379.368700000457466, 4470357.090800000354648 ], [ 441353.941899999976158, 4470326.367199999280274 ], [ 441333.635800000280142, 4470300.587500000372529 ], [ 441320.039499999955297, 4470279.751900000497699 ], [ 441302.021399999968708, 4470247.853199999779463 ], [ 441254.743800000287592, 4470158.844300000928342 ], [ 441183.681400000117719, 4470024.893200000748038 ], [ 441126.77309999987483, 4469915.018200000748038 ], [ 441067.530199999921024, 4469801.933099999092519 ], [ 441042.140300000086427, 4469751.446100000292063 ], [ 441034.990299999713898, 4469736.2708 ], [ 441026.089200000336859, 4469715.258800000883639 ], [ 441020.836099999956787, 4469699.937600000761449 ], [ 441016.750199999660254, 4469684.762299998663366 ], [ 441011.497000000439584, 4469660.832000001333654 ], [ 441007.2652000002563, 4469633.5456000007689 ], [ 441005.659900000318885, 4469614.576400000602007 ], [ 441005.221900000236928, 4469595.315399999730289 ], [ 441005.543499999679625, 4469576.075200000777841 ], [ 441014.201399999728892, 4469443.131699999794364 ], [ 441031.03940000012517, 4469184.582900000736117 ], [ 441034.218799999915063, 4469149.703400000929832 ], [ 441043.999499999918044, 4469067.7149 ], [ 441050.821100000292063, 4468982.427300000563264 ], [ 441057.384200000204146, 4468917.794099999591708 ], [ 441065.945600000210106, 4468730.102299999445677 ], [ 441075.33119999995688, 4468454.26039999909699 ], [ 441076.0011, 4468448.7604 ], [ 440946.721900000236928, 4468448.3114 ], [ 440887.092199999839067, 4468446.811899998225272 ], [ 440855.612400000041816, 4468445.142099999822676 ], [ 440841.982499999925494, 4468444.4222999997437 ], [ 440829.792500000447035, 4468443.322299999184906 ], [ 440810.122600000351667, 4468441.542499999515712 ], [ 440783.562800000421703, 4468438.982699999585748 ], [ 440722.88300000037998, 4468429.623200000263751 ], [ 440672.993200000375509, 4468419.84360000025481 ], [ 440641.293300000077579, 4468412.17369999922812 ], [ 440622.633399999700487, 4468407.6639 ], [ 440562.483599999919534, 4468390.484400002285838 ], [ 440506.833700000308454, 4468375.214799999259412 ], [ 440498.993800000287592, 4468373.044800001196563 ], [ 440475.123800000234041, 4468368.125 ], [ 440470.813900000415742, 4468367.295100000686944 ], [ 440425.953999999910593, 4468358.735400000587106 ], [ 440387.52419999986887, 4468353.005700000561774 ], [ 440343.844399999827147, 4468349.195999999530613 ] ] ] } },
{ "type": "Feature", "properties": { "tau": -0.48923081159591675, "two_sided_pval": 0.00049663468962535262, "name": "Orcasur", "classification": "negative trend with prob > 99%" }, "geometry": { "type": "Polygon", "coordinates": [ [ [ 442030.531999999657273, 4468311.552200000733137 ], [ 442098.827399999892805, 4468081.978500001132488 ], [ 441995.902400000020862, 4468130.884099998511374 ], [ 441804.454300000332296, 4468222.727299998514354 ], [ 441649.175999999919441, 4468296.815199999138713 ], [ 441498.117700000351761, 4468363.856699999421835 ], [ 441462.688000000081956, 4468376.926999999210238 ], [ 441411.758500000520144, 4468393.97749999910593 ], [ 441363.47900000034133, 4468407.047900001518428 ], [ 441309.78940000012517, 4468418.248299999162555 ], [ 441275.499699999578297, 4468423.768699999898672 ], [ 441226.610100000165403, 4468431.629100000485778 ], [ 441140.47070000047097, 4468441.149800001643598 ], [ 441087.401100000366569, 4468447.430299999192357 ], [ 441076.0011, 4468448.7604 ], [ 441075.33119999995688, 4468454.26039999909699 ], [ 441065.945600000210106, 4468730.102299999445677 ], [ 441057.384200000204146, 4468917.794099999591708 ], [ 441050.821100000292063, 4468982.427300000563264 ], [ 441043.999499999918044, 4469067.7149 ], [ 441034.218799999915063, 4469149.703400000929832 ], [ 441031.03940000012517, 4469184.582900000736117 ], [ 441005.543499999679625, 4469576.075200000777841 ], [ 441005.221900000236928, 4469595.315399999730289 ], [ 441005.659900000318885, 4469614.576400000602007 ], [ 441007.2652000002563, 4469633.5456000007689 ], [ 441011.497000000439584, 4469660.832000001333654 ], [ 441016.750199999660254, 4469684.762299998663366 ], [ 441020.836099999956787, 4469699.937600000761449 ], [ 441026.089200000336859, 4469715.258800000883639 ], [ 441034.990299999713898, 4469736.2708 ], [ 441042.140300000086427, 4469751.446100000292063 ], [ 441067.530199999921024, 4469801.933099999092519 ], [ 441126.77309999987483, 4469915.018200000748038 ], [ 441183.681400000117719, 4470024.893200000748038 ], [ 441254.743800000287592, 4470158.844300000928342 ], [ 441302.021399999968708, 4470247.853199999779463 ], [ 441320.039499999955297, 4470279.751900000497699 ], [ 441333.635800000280142, 4470300.587500000372529 ], [ 441353.941899999976158, 4470326.367199999280274 ], [ 441379.368700000457466, 4470357.090800000354648 ], [ 441405.325100000016391, 4470383.046999999321997 ], [ 441452.9337, 4470421.963899999856949 ], [ 441469.83600000012666, 4470392.746400000527501 ], [ 441479.180599999672268, 4470370.941599999554455 ], [ 441487.975399999879301, 4470346.937899998389184 ], [ 441499.701899999752641, 4470314.871999999508262 ], [ 441513.809999999590218, 4470246.342599998228252 ], [ 441518.756900000444148, 4470214.459899999201298 ], [ 441522.970900000073016, 4470186.425199999473989 ], [ 441523.703700000420213, 4470167.00239999871701 ], [ 441525.547299999685492, 4470144.322200000286102 ], [ 441528.467299999727402, 4470129.439499999396503 ], [ 441534.366899999789894, 4470117.111999999731779 ], [ 441543.196700000204146, 4470097.261899999342859 ], [ 441552.216300000436604, 4470073.381799998693168 ], [ 441566.395399999804795, 4470049.549500000663102 ], [ 441580.32079999987036, 4470034.890699999406934 ], [ 441599.559999999590218, 4470016.750499999150634 ], [ 441606.88910000026226, 4470003.557600000873208 ], [ 441609.637400000356138, 4469984.318099999800324 ], [ 441608.171299999579787, 4469964.345599999651313 ], [ 441611.286000000312924, 4469946.571999999694526 ], [ 441650.747700000123587, 4469830.1886 ], [ 441657.432400000281632, 4469804.934100000187755 ], [ 441659.66050000017276, 4469787.1074 ], [ 441658.174700000381563, 4469766.309599999338388 ], [ 441653.717699999862816, 4469733.998800000175834 ], [ 441628.091099999845028, 4469639.294700000435114 ], [ 441617.691700000315905, 4469589.900100000202656 ], [ 441614.720300000160933, 4469563.531500000506639 ], [ 441616.205599999986589, 4469540.13389999885112 ], [ 441621.399799999780953, 4469514.979400000534952 ], [ 441627.369599999859929, 4469506.019399999640882 ], [ 441628.389600000344217, 4469504.499399998225272 ], [ 441628.799599999620114, 4469504.019400000572205 ], [ 441650.159799999557436, 4469482.599199999123812 ], [ 441667.579699999652803, 4469459.590199999511242 ], [ 441674.223199999891222, 4469451.396199999377131 ], [ 441679.980999999621417, 4469442.316499999724329 ], [ 441687.510200000368059, 4469422.606699999421835 ], [ 441694.596400000154972, 4469386.730599999427795 ], [ 441708.769000000320375, 4469336.459700000472367 ], [ 441718.955599999986589, 4469309.441800000146031 ], [ 441726.484899999573827, 4469292.168099999427795 ], [ 441733.792799999937415, 4469280.209399999119341 ], [ 441742.207899999804795, 4469267.807700000703335 ], [ 441748.187199999636505, 4469260.721000000834465 ], [ 441757.709599999710917, 4469252.305600000545382 ], [ 441771.661199999973178, 4469244.332999999634922 ], [ 441783.176799999549985, 4469239.239399999380112 ], [ 441798.900100000202656, 4469233.038500000722706 ], [ 441819.495400000363588, 4469227.2804000005126 ], [ 441853.82079999987036, 4469214.6570999994874 ], [ 441908.077100000344217, 4469192.732200000435114 ], [ 441971.412899999879301, 4469162.391699999570847 ], [ 442011.717400000430644, 4469136.259199999272823 ], [ 442034.527099999599159, 4469114.33460000064224 ], [ 442050.471599999873433, 4469095.067600001581013 ], [ 442060.879800000227988, 4469078.015300001017749 ], [ 442071.066499999724329, 4469051.218800000846386 ], [ 442076.159699999727309, 4469030.180299998261034 ], [ 442076.602400000207126, 4469010.913499999791384 ], [ 442074.387699999846518, 4468992.311199999414384 ], [ 442069.958300000056624, 4468974.151699999347329 ], [ 442068.629399999976158, 4468953.999099999666214 ], [ 442069.293600000441074, 4468935.175200001336634 ], [ 442075.936800000315998, 4468897.527399999089539 ], [ 442109.818099999800324, 4468772.182199999690056 ], [ 442115.354199999943376, 4468754.244100000709295 ], [ 442118.232800000347197, 4468721.911299999803305 ], [ 442119.561200000403915, 4468693.343299999833107 ], [ 442118.010800000280142, 4468672.969200000166893 ], [ 442112.4741000001668, 4468648.166099998168647 ], [ 442096.529099999926984, 4468622.034300000406802 ], [ 442074.604799999855459, 4468602.103499999269843 ], [ 442050.687400000169873, 4468584.608699998818338 ], [ 442037.17850000038743, 4468567.999600001610816 ], [ 442029.206000000238419, 4468555.155200000852346 ], [ 442021.676300000399351, 4468542.97510000038892 ], [ 442009.938900000415742, 4468511.528299999423325 ], [ 442001.523299999535084, 4468484.067799999378622 ], [ 441997.896200000308454, 4468464.593699999153614 ], [ 441997.979500000365078, 4468437.340299999341369 ], [ 442003.072499999718275, 4468403.014400000683963 ], [ 442030.531999999657273, 4468311.552200000733137 ] ] ] } },
{ "type": "Feature", "properties": { "tau": -0.47076928615570068, "two_sided_pval": 0.00080719467950984836, "name": "Zofío", "classification": "negative trend with prob > 99%" }, "geometry": { "type": "Polygon", "coordinates": [ [ [ 441090.19400000013411, 4470413.004799998365343 ], [ 440994.53110000025481, 4470288.277599999681115 ], [ 440957.712700000032783, 4470245.737100000493228 ], [ 440959.538999999815132, 4470207.853800000622869 ], [ 440852.023199999704957, 4470155.764599998481572 ], [ 440571.610899999795947, 4470007.148700000718236 ], [ 440560.151200000196695, 4470023.42890000063926 ], [ 440556.532100000418723, 4470107.869099999777973 ], [ 440443.832700000144541, 4470109.769999998621643 ], [ 440392.024000000208616, 4470201.290499999187887 ], [ 440346.674899999983609, 4470263.380999999120831 ], [ 440319.705500000156462, 4470302.671299998648465 ], [ 440177.205099999904633, 4470196.871999999508262 ], [ 440165.866200000047684, 4470296.1025 ], [ 440160.486700000241399, 4470336.832599998451769 ], [ 440151.627399999648333, 4470402.002800000831485 ], [ 440133.178999999538064, 4470543.883199999108911 ], [ 440111.960900000296533, 4470706.75379999820143 ], [ 440097.162200000137091, 4470823.094200000166893 ], [ 440300.171400000341237, 4470849.692800000309944 ], [ 440372.991200000105891, 4470861.542400000616908 ], [ 440387.741100000217557, 4470867.632400000467896 ], [ 440542.521800000220537, 4470999.241599999368191 ], [ 440638.02170000039041, 4471076.981100000441074 ], [ 440638.421699999831617, 4471077.341099998913705 ], [ 440750.571399999782443, 4471178.4205 ], [ 440958.519000000320375, 4470942.178700000979006 ], [ 441041.043999999761581, 4470851.213600000366569 ], [ 441250.31599999970058, 4470620.5389 ], [ 441150.865199999883771, 4470492.440799999050796 ], [ 441090.19400000013411, 4470413.004799998365343 ] ] ] } },
{ "type": "Feature", "properties": { "tau": -0.42153850197792053, "two_sided_pval": 0.0027206921949982643, "name": "Pradolongo", "classification": "negative trend with prob > 99%" }, "geometry": { "type": "Polygon", "coordinates": [ [ [ 439671.203700000420213, 4470763.587099998258054 ], [ 439580.293999999761581, 4470747.987700000405312 ], [ 439335.895399999804795, 4470754.29939999897033 ], [ 439225.33600000012666, 4470757.160199998877943 ], [ 439202.056099999696016, 4470757.760299999266863 ], [ 439145.266400000080466, 4470759.2306999983266 ], [ 439095.036799999885261, 4470768.161099999211729 ], [ 439153.747200000158045, 4470838.710799997672439 ], [ 439194.837500000372529, 4470888.080600000917912 ], [ 439277.358099999837577, 4470987.21030000038445 ], [ 439312.138299999758601, 4471029.000099999830127 ], [ 439348.718299999833107, 4471072.949999999254942 ], [ 439379.958300000056624, 4471112.379899999126792 ], [ 439408.618300000205636, 4471146.629699999466538 ], [ 439426.836600000038743, 4471168.2199 ], [ 439426.988199999614153, 4471168.399599999189377 ], [ 439454.93819999974221, 4471198.459499998949468 ], [ 439484.378100000321865, 4471225.489399998448789 ], [ 439495.808100000023842, 4471236.02930000051856 ], [ 439569.997800000011921, 4471282.168899999000132 ], [ 439580.697800000256393, 4471287.568799999542534 ], [ 439720.0472999997437, 4471358.51799999922514 ], [ 439785.167000000365078, 4471391.637599999085069 ], [ 439785.236999999731779, 4471391.6776 ], [ 439817.456899999640882, 4471407.537400000728667 ], [ 439825.886900000274181, 4471412.207400000654161 ], [ 439843.93680000025779, 4471422.197300000116229 ], [ 439845.356800000183284, 4471423.107299999333918 ], [ 439853.016800000332296, 4471428.007200000807643 ], [ 439873.326700000092387, 4471440.987099998630583 ], [ 439887.916699999943376, 4471450.727 ], [ 439900.436599999666214, 4471460.736999998800457 ], [ 439917.156600000336766, 4471474.536800001747906 ], [ 439951.516499999910593, 4471509.216699999757111 ], [ 439977.736499999649823, 4471538.956599999219179 ], [ 440016.546400000341237, 4471589.876399998553097 ], [ 440057.486299999989569, 4471646.636099999770522 ], [ 440200.04619999974966, 4471864.135500000789762 ], [ 440220.395999999775086, 4471847.415400001220405 ], [ 440306.60539999982575, 4471776.5945999994874 ], [ 440389.374699999578297, 4471686.213900000788271 ], [ 440627.462500000314321, 4471351.491599998436868 ], [ 440750.571399999782443, 4471178.4205 ], [ 440638.421699999831617, 4471077.341099998913705 ], [ 440638.02170000039041, 4471076.981100000441074 ], [ 440542.521800000220537, 4470999.241599999368191 ], [ 440387.741100000217557, 4470867.632400000467896 ], [ 440372.991200000105891, 4470861.542400000616908 ], [ 440300.171400000341237, 4470849.692800000309944 ], [ 440097.162200000137091, 4470823.094200000166893 ], [ 439888.092899999581277, 4470793.255599998869002 ], [ 439838.473100000061095, 4470786.175899999216199 ], [ 439671.203700000420213, 4470763.587099998258054 ] ] ] } },
{ "type": "Feature", "properties": { "tau": -0.32307696342468262, "two_sided_pval": 0.021887116134166718, "name": "Almendrales", "classification": "negative trend with prob > 97%" }, "geometry": { "type": "Polygon", "coordinates": [ [ [ 439550.095700000412762, 4469934.246099999174476 ], [ 439528.620699999853969, 4469439.415100001730025 ], [ 439502.070899999758694, 4469446.12540000025183 ], [ 439446.051400000229478, 4469462.22580000013113 ], [ 439344.742200000211596, 4469491.346700000576675 ], [ 439158.203300000168383, 4469496.0581 ], [ 439141.633399999700487, 4469496.2582 ], [ 439004.644199999980628, 4469497.939300000667572 ], [ 438897.194799999706447, 4469496.360099998302758 ], [ 438901.915199999697506, 4469533.880099998787045 ], [ 438901.925200000463519, 4469533.970100000500679 ], [ 438933.247499999648426, 4469783.240299998782575 ], [ 438964.391099999658763, 4470144.530799999833107 ], [ 438971.461900000460446, 4470226.6208999985829 ], [ 438992.163099999539554, 4470353.770999999716878 ], [ 439025.314399999566376, 4470503.431099999696016 ], [ 439037.244800000451505, 4470550.341 ], [ 439095.036799999885261, 4470768.161099999211729 ], [ 439145.266400000080466, 4470759.2306999983266 ], [ 439202.056099999696016, 4470757.760299999266863 ], [ 439225.33600000012666, 4470757.160199998877943 ], [ 439335.895399999804795, 4470754.29939999897033 ], [ 439580.293999999761581, 4470747.987700000405312 ], [ 439593.373800000175834, 4470731.72759999986738 ], [ 439595.833800000138581, 4470728.667500000447035 ], [ 439614.453099999576807, 4470675.577299998141825 ], [ 439621.552699999941979, 4470637.7971 ], [ 439622.642500000074506, 4470621.657099998556077 ], [ 439624.802199999801815, 4470589.217000000178814 ], [ 439624.85219999961555, 4470588.527000001631677 ], [ 439627.011699999682605, 4470542.736900000832975 ], [ 439627.591500000096858, 4470530.48689999897033 ], [ 439627.591099999845028, 4470491.626800001598895 ], [ 439627.681099999754224, 4470490.306799999438226 ], [ 439628.680900000035763, 4470475.746600000187755 ], [ 439627.720099999569356, 4470389.4265 ], [ 439627.589900000020862, 4470377.856500000692904 ], [ 439627.06900000013411, 4470286.816299999132752 ], [ 439620.818500000052154, 4470239.466199998743832 ], [ 439592.397199999541044, 4470096.966099999845028 ], [ 439573.906600000336766, 4470033.356099999509752 ], [ 439550.225899999961257, 4469951.865999999456108 ], [ 439550.095700000412762, 4469934.246099999174476 ] ] ] } },
{ "type": "Feature", "properties": { "tau": -0.4092307984828949, "two_sided_pval": 0.0036202510818839073, "name": "Moscardó", "classification": "negative trend with prob > 99%" }, "geometry": { "type": "Polygon", "coordinates": [ [ [ 440165.866200000047684, 4470296.1025 ], [ 440177.205099999904633, 4470196.871999999508262 ], [ 440319.705500000156462, 4470302.671299998648465 ], [ 440346.674899999983609, 4470263.380999999120831 ], [ 440392.024000000208616, 4470201.290499999187887 ], [ 440443.832700000144541, 4470109.769999998621643 ], [ 440556.532100000418723, 4470107.869099999777973 ], [ 440560.151200000196695, 4470023.42890000063926 ], [ 440571.610899999795947, 4470007.148700000718236 ], [ 440497.350499999709427, 4469931.059100001119077 ], [ 440435.699699999764562, 4469823.7193 ], [ 440361.297899999597576, 4469620.709299999289215 ], [ 440343.22580000013113, 4469409.18889999948442 ], [ 440332.595300000160933, 4469359.228799999691546 ], [ 440301.774299999757204, 4469254.0088 ], [ 440279.593799999915063, 4469190.778799999505281 ], [ 440219.614199999719858, 4469195.859200001694262 ], [ 440155.954800000414252, 4469214.309800000861287 ], [ 439995.376299999654293, 4469272.111099998466671 ], [ 439827.707899999804795, 4469332.692600000649691 ], [ 439659.639399999810848, 4469392.813999998383224 ], [ 439528.620699999853969, 4469439.415100001730025 ], [ 439550.095700000412762, 4469934.246099999174476 ], [ 439550.225899999961257, 4469951.865999999456108 ], [ 439573.906600000336766, 4470033.356099999509752 ], [ 439592.397199999541044, 4470096.966099999845028 ], [ 439620.818500000052154, 4470239.466199998743832 ], [ 439627.06900000013411, 4470286.816299999132752 ], [ 439627.589900000020862, 4470377.856500000692904 ], [ 439627.720099999569356, 4470389.4265 ], [ 439628.680900000035763, 4470475.746600000187755 ], [ 439627.681099999754224, 4470490.306799999438226 ], [ 439627.591099999845028, 4470491.626800001598895 ], [ 439627.591500000096858, 4470530.48689999897033 ], [ 439627.011699999682605, 4470542.736900000832975 ], [ 439624.85219999961555, 4470588.527000001631677 ], [ 439624.802199999801815, 4470589.217000000178814 ], [ 439622.642500000074506, 4470621.657099998556077 ], [ 439621.552699999941979, 4470637.7971 ], [ 439614.453099999576807, 4470675.577299998141825 ], [ 439595.833800000138581, 4470728.667500000447035 ], [ 439593.373800000175834, 4470731.72759999986738 ], [ 439580.293999999761581, 4470747.987700000405312 ], [ 439671.203700000420213, 4470763.587099998258054 ], [ 439838.473100000061095, 4470786.175899999216199 ], [ 439888.092899999581277, 4470793.255599998869002 ], [ 440097.162200000137091, 4470823.094200000166893 ], [ 440111.960900000296533, 4470706.75379999820143 ], [ 440133.178999999538064, 4470543.883199999108911 ], [ 440151.627399999648333, 4470402.002800000831485 ], [ 440160.486700000241399, 4470336.832599998451769 ], [ 440165.866200000047684, 4470296.1025 ] ] ] } },
{ "type": "Feature", "properties": { "tau": -0.51384621858596802, "two_sided_pval": 0.00025330268545076251, "name": "Entrevías", "classification": "negative trend with prob > 99%" }, "geometry": { "type": "Polygon", "coordinates": [ [ [ 444449.363699999696109, 4469699.812700000591576 ], [ 444582.792799999937415, 4469697.470799999311566 ], [ 444621.10259999986738, 4469700.290300000458956 ], [ 444586.412399999797344, 4469656.150699997320771 ], [ 444539.601300000213087, 4469509.871000000275671 ], [ 444514.900799999944866, 4469432.681099999696016 ], [ 444443.388399999588728, 4469128.741399999707937 ], [ 444416.567999999970198, 4469070.6316 ], [ 444340.577600000484381, 4468985.712400001473725 ], [ 444306.977599999809172, 4468961.712799999862909 ], [ 444215.427500000223517, 4468896.31389999948442 ], [ 443585.19620000012219, 4468386.770999998785555 ], [ 443450.626000000163913, 4468292.282500000670552 ], [ 443409.7659, 4468264.63300000037998 ], [ 443393.245900000445545, 4468253.453199998475611 ], [ 443352.365899999625981, 4468227.693600000813603 ], [ 443346.415900000371039, 4468224.313699999824166 ], [ 443319.255900000222027, 4468208.884000000543892 ], [ 443291.54590000025928, 4468194.484300001524389 ], [ 443261.065899999812245, 4468178.6447 ], [ 443207.505900000222027, 4468154.245299999602139 ], [ 443159.326000000408385, 4468135.415899999439716 ], [ 443150.675999999919441, 4468132.026000001467764 ], [ 443101.356100000441074, 4468114.846599999815226 ], [ 443042.626199999765959, 4468098.097299999557436 ], [ 443011.916299999691546, 4468090.497699999250472 ], [ 442983.206399999558926, 4468083.388099999167025 ], [ 442928.546500000229571, 4468071.188699998892844 ], [ 442854.226800000295043, 4468056.589700001291931 ], [ 442796.103600000031292, 4468046.246799999848008 ], [ 442731.732099999673665, 4468037.36879999935627 ], [ 442672.077600000426173, 4468030.155500000342727 ], [ 442606.873800000175834, 4468022.387299999594688 ], [ 442543.8898, 4468017.671199998818338 ], [ 442514.201200000010431, 4468015.451899999752641 ], [ 442467.865000000223517, 4468013.787699998356402 ], [ 442425.690600000321865, 4468011.846 ], [ 442368.255900000222027, 4468011.29179999884218 ], [ 442316.925300000235438, 4468014.344599998556077 ], [ 442278.635599999688566, 4468020.726800000295043 ], [ 442233.964200000278652, 4468029.051400000229478 ], [ 442196.229399999661837, 4468040.70539999846369 ], [ 442159.604500000365078, 4468054.02419999986887 ], [ 442098.827399999892805, 4468081.978500001132488 ], [ 442030.531999999657273, 4468311.552200000733137 ], [ 442003.072499999718275, 4468403.014400000683963 ], [ 441997.979500000365078, 4468437.340299999341369 ], [ 441997.896200000308454, 4468464.593699999153614 ], [ 442001.523299999535084, 4468484.067799999378622 ], [ 442009.938900000415742, 4468511.528299999423325 ], [ 442021.676300000399351, 4468542.97510000038892 ], [ 442029.206000000238419, 4468555.155200000852346 ], [ 442037.17850000038743, 4468567.999600001610816 ], [ 442050.687400000169873, 4468584.608699998818338 ], [ 442074.604799999855459, 4468602.103499999269843 ], [ 442096.529099999926984, 4468622.034300000406802 ], [ 442112.4741000001668, 4468648.166099998168647 ], [ 442118.010800000280142, 4468672.969200000166893 ], [ 442119.561200000403915, 4468693.343299999833107 ], [ 442118.232800000347197, 4468721.911299999803305 ], [ 442115.354199999943376, 4468754.244100000709295 ], [ 442109.818099999800324, 4468772.182199999690056 ], [ 442075.936800000315998, 4468897.527399999089539 ], [ 442069.293600000441074, 4468935.175200001336634 ], [ 442068.629399999976158, 4468953.999099999666214 ], [ 442069.958300000056624, 4468974.151699999347329 ], [ 442074.387699999846518, 4468992.311199999414384 ], [ 442076.602400000207126, 4469010.913499999791384 ], [ 442076.159699999727309, 4469030.180299998261034 ], [ 442071.066499999724329, 4469051.218800000846386 ], [ 442060.879800000227988, 4469078.015300001017749 ], [ 442050.471599999873433, 4469095.067600001581013 ], [ 442034.527099999599159, 4469114.33460000064224 ], [ 442011.717400000430644, 4469136.259199999272823 ], [ 441971.412899999879301, 4469162.391699999570847 ], [ 441908.077100000344217, 4469192.732200000435114 ], [ 441853.82079999987036, 4469214.6570999994874 ], [ 441819.495400000363588, 4469227.2804000005126 ], [ 441798.900100000202656, 4469233.038500000722706 ], [ 441783.176799999549985, 4469239.239399999380112 ], [ 441771.661199999973178, 4469244.332999999634922 ], [ 441757.709599999710917, 4469252.305600000545382 ], [ 441748.187199999636505, 4469260.721000000834465 ], [ 441742.207899999804795, 4469267.807700000703335 ], [ 441733.792799999937415, 4469280.209399999119341 ], [ 441726.484899999573827, 4469292.168099999427795 ], [ 441718.955599999986589, 4469309.441800000146031 ], [ 441708.769000000320375, 4469336.459700000472367 ], [ 441694.596400000154972, 4469386.730599999427795 ], [ 441687.510200000368059, 4469422.606699999421835 ], [ 441679.980999999621417, 4469442.316499999724329 ], [ 441674.223199999891222, 4469451.396199999377131 ], [ 441667.579699999652803, 4469459.590199999511242 ], [ 441650.159799999557436, 4469482.599199999123812 ], [ 441628.799599999620114, 4469504.019400000572205 ], [ 441628.389600000344217, 4469504.499399998225272 ], [ 441627.369599999859929, 4469506.019399999640882 ], [ 441621.399799999780953, 4469514.979400000534952 ], [ 441616.205599999986589, 4469540.13389999885112 ], [ 441614.720300000160933, 4469563.531500000506639 ], [ 441617.691700000315905, 4469589.900100000202656 ], [ 441628.091099999845028, 4469639.294700000435114 ], [ 441653.717699999862816, 4469733.998800000175834 ], [ 441658.174700000381563, 4469766.309599999338388 ], [ 441659.66050000017276, 4469787.1074 ], [ 441657.432400000281632, 4469804.934100000187755 ], [ 441650.747700000123587, 4469830.1886 ], [ 441611.286000000312924, 4469946.571999999694526 ], [ 441608.171299999579787, 4469964.345599999651313 ], [ 441609.637400000356138, 4469984.318099999800324 ], [ 441606.88910000026226, 4470003.557600000873208 ], [ 441599.559999999590218, 4470016.750499999150634 ], [ 441580.32079999987036, 4470034.890699999406934 ], [ 441566.395399999804795, 4470049.549500000663102 ], [ 441552.216300000436604, 4470073.381799998693168 ], [ 441543.196700000204146, 4470097.261899999342859 ], [ 441534.366899999789894, 4470117.111999999731779 ], [ 441528.467299999727402, 4470129.439499999396503 ], [ 441525.547299999685492, 4470144.322200000286102 ], [ 441523.703700000420213, 4470167.00239999871701 ], [ 441522.970900000073016, 4470186.425199999473989 ], [ 441518.756900000444148, 4470214.459899999201298 ], [ 441513.809999999590218, 4470246.342599998228252 ], [ 441499.701899999752641, 4470314.871999999508262 ], [ 441487.975399999879301, 4470346.937899998389184 ], [ 441479.180599999672268, 4470370.941599999554455 ], [ 441469.83600000012666, 4470392.746400000527501 ], [ 441452.9337, 4470421.963899999856949 ], [ 441475.60149999987334, 4470439.020400000736117 ], [ 441506.855100000277162, 4470457.736999999731779 ], [ 441537.402200000360608, 4470472.7456 ], [ 441582.958100000396371, 4470491.991800000891089 ], [ 441648.290199999697506, 4470512.827099998481572 ], [ 441688.7796, 4470525.022800001315773 ], [ 441868.341900000406895, 4470568.210100000724196 ], [ 441915.53000000026077, 4470580.260700000450015 ], [ 441944.673999999649823, 4470590.462500000372529 ], [ 441976.217299999727402, 4470603.4506 ], [ 441997.471099999733269, 4470618.462900000624359 ], [ 442014.508000000438187, 4470633.644099998287857 ], [ 442032.21960000047693, 4470651.692700000479817 ], [ 442050.774600000120699, 4470674.801900000311434 ], [ 442083.330400000384543, 4470726.924100000411272 ], [ 442358.952200000174344, 4471265.415999998338521 ], [ 442395.99210000038147, 4471321.445499998517334 ], [ 442432.831899999640882, 4471366.625 ], [ 442494.681599999777973, 4471429.884199998341501 ], [ 442590.497999999730382, 4471523.291600001975894 ], [ 442692.100700000301003, 4471625.89159999974072 ], [ 442753.270399999863002, 4471679.410699999891222 ], [ 442840.389999999664724, 4471741.459599998779595 ], [ 442871.369499999971595, 4471657.198999998159707 ], [ 442925.318599999882281, 4471456.237999999895692 ], [ 442930.538499999791384, 4471421.958000000566244 ], [ 442949.29800000047544, 4471309.79759999923408 ], [ 442954.547899999655783, 4471287.497499999590218 ], [ 442955.857900000235531, 4471276.997500000521541 ], [ 442960.447800000256393, 4471254.047399999573827 ], [ 442964.497700000181794, 4471235.427300000563264 ], [ 442968.25760000012815, 4471218.147199998609722 ], [ 442994.767, 4471092.886699999682605 ], [ 443014.446600000374019, 4471005.986400000751019 ], [ 443029.315799999982119, 4470940.725999999791384 ], [ 443040.505300000309944, 4470896.445599999278784 ], [ 443065.654099999985192, 4470797.004899999126792 ], [ 443096.893000000156462, 4470713.564300000667572 ], [ 443106.632699999958277, 4470687.534099999815226 ], [ 443124.042100000195205, 4470643.813700000755489 ], [ 443154.86120000021765, 4470581.133099999278784 ], [ 443182.470400000049267, 4470525.02250000089407 ], [ 443207.709800000302494, 4470479.451999998651445 ], [ 443223.019399999582674, 4470451.821799998171628 ], [ 443233.339100000448525, 4470435.351500000804663 ], [ 443239.03899999987334, 4470426.261499999091029 ], [ 443243.848899999633431, 4470418.591399999335408 ], [ 443272.558299999684095, 4470375.240900001488626 ], [ 443279.628100000321865, 4470365.0006 ], [ 443299.217699999921024, 4470334.860400000587106 ], [ 443322.357200000435114, 4470304.079900000244379 ], [ 443361.636400000192225, 4470251.829199999570847 ], [ 443385.7659, 4470219.708799999207258 ], [ 443434.855000000447035, 4470169.627999999560416 ], [ 443438.125, 4470166.317899999208748 ], [ 443498.633999999554362, 4470105.076899998821318 ], [ 443512.113800000457559, 4470094.356699999421835 ], [ 443530.083499999716878, 4470079.14640000090003 ], [ 443545.243200000375509, 4470065.8860999988392 ], [ 443609.992300000041723, 4470012.005100001581013 ], [ 443662.781499999633525, 4469972.814300000667572 ], [ 443715.020800000056624, 4469936.9035 ], [ 443767.130199999548495, 4469905.342599999159575 ], [ 443790.689899999648333, 4469891.292300000786781 ], [ 443817.139499999582767, 4469876.411899999715388 ], [ 443843.17920000012964, 4469861.941500000655651 ], [ 443867.558899999596179, 4469849.111099999397993 ], [ 443942.138100000156555, 4469817.619999998249114 ], [ 443976.937800000421703, 4469805.189500000327826 ], [ 444031.457200000120793, 4469785.71860000025481 ], [ 444058.217000000178814, 4469775.608300000429153 ], [ 444084.216699999757111, 4469765.797900000587106 ], [ 444129.686200000345707, 4469749.007200001738966 ], [ 444237.315299999900162, 4469725.805700000375509 ], [ 444255.485200000053737, 4469722.795399998314679 ], [ 444280.275000000372529, 4469718.675000000745058 ], [ 444327.804600000439677, 4469710.604399998672307 ], [ 444337.594499999657273, 4469708.944199999794364 ], [ 444418.223899999633431, 4469699.813100001774728 ], [ 444449.363699999696109, 4469699.812700000591576 ] ] ] } },
{ "type": "Feature", "properties": { "tau": -0.52000004053115845, "two_sided_pval": 0.00021308124996721745, "name": "Palomeras Sureste", "classification": "negative trend with prob > 99%" }, "geometry": { "type": "Polygon", "coordinates": [ [ [ 443686.036500000394881, 4470487.685399999842048 ], [ 443643.646099999547005, 4470420.055799999274313 ], [ 443622.516499999910593, 4470444.436100001446903 ], [ 443416.365899999625981, 4470242.048499998636544 ], [ 443385.7659, 4470219.708799999207258 ], [ 443361.636400000192225, 4470251.829199999570847 ], [ 443322.357200000435114, 4470304.079900000244379 ], [ 443299.217699999921024, 4470334.860400000587106 ], [ 443279.628100000321865, 4470365.0006 ], [ 443272.558299999684095, 4470375.240900001488626 ], [ 443243.848899999633431, 4470418.591399999335408 ], [ 443239.03899999987334, 4470426.261499999091029 ], [ 443233.339100000448525, 4470435.351500000804663 ], [ 443223.019399999582674, 4470451.821799998171628 ], [ 443207.709800000302494, 4470479.451999998651445 ], [ 443182.470400000049267, 4470525.02250000089407 ], [ 443154.86120000021765, 4470581.133099999278784 ], [ 443124.042100000195205, 4470643.813700000755489 ], [ 443106.632699999958277, 4470687.534099999815226 ], [ 443096.893000000156462, 4470713.564300000667572 ], [ 443065.654099999985192, 4470797.004899999126792 ], [ 443040.505300000309944, 4470896.445599999278784 ], [ 443029.315799999982119, 4470940.725999999791384 ], [ 443014.446600000374019, 4471005.986400000751019 ], [ 442994.767, 4471092.886699999682605 ], [ 442968.25760000012815, 4471218.147199998609722 ], [ 442964.497700000181794, 4471235.427300000563264 ], [ 442960.447800000256393, 4471254.047399999573827 ], [ 442955.857900000235531, 4471276.997500000521541 ], [ 442954.547899999655783, 4471287.497499999590218 ], [ 442949.29800000047544, 4471309.79759999923408 ], [ 442930.538499999791384, 4471421.958000000566244 ], [ 442925.318599999882281, 4471456.237999999895692 ], [ 442871.369499999971595, 4471657.198999998159707 ], [ 442840.389999999664724, 4471741.459599998779595 ], [ 442891.229700000025332, 4471780.698799999430776 ], [ 442966.529400000348687, 4471850.867900000885129 ], [ 443059.279199999757111, 4471990.5466 ], [ 443107.81900000013411, 4472045.636099999770522 ], [ 443137.028900000266731, 4472080.505699999630451 ], [ 443173.748800000175834, 4472129.185199999250472 ], [ 443205.498700000345707, 4472183.754799998365343 ], [ 443355.037399999797344, 4472081.3925 ], [ 443535.845700000412762, 4471954.399799999780953 ], [ 443542.015700000338256, 4471950.049799999222159 ], [ 443641.354799999855459, 4471879.788299999199808 ], [ 443684.284400000236928, 4471849.947599998675287 ], [ 443740.993800000287592, 4471810.526799998246133 ], [ 443785.67339999973774, 4471779.476199999451637 ], [ 443661.253700000175741, 4471599.617599998600781 ], [ 443661.213700000196695, 4471591.207699998281896 ], [ 443660.613699999637902, 4471584.607699998654425 ], [ 443632.413599999621511, 4471489.827999998815358 ], [ 443610.223500000312924, 4471420.23829999845475 ], [ 443599.423499999567866, 4471395.648399999365211 ], [ 443550.253600000403821, 4471295.258999998681247 ], [ 443580.902999999932945, 4471176.088399999774992 ], [ 443587.812800000421703, 4471149.258300000801682 ], [ 443620.981900000013411, 4470979.037599998526275 ], [ 443621.361800000071526, 4470976.727600000798702 ], [ 443616.001799999736249, 4470968.757700000889599 ], [ 443625.980999999679625, 4470898.577299998141825 ], [ 443643.899500000290573, 4470758.426699999719858 ], [ 443664.777999999932945, 4470624.225999999791384 ], [ 443686.036500000394881, 4470487.685399999842048 ] ] ] } },
{ "type": "Feature", "properties": { "tau": -0.46461543440818787, "two_sided_pval": 0.00094559538410976529, "name": "Palomeras Bajas", "classification": "negative trend with prob > 99%" }, "geometry": { "type": "Polygon", "coordinates": [ [ [ 444565.280799999833107, 4470541.103100000880659 ], [ 444574.74930000025779, 4470393.0225 ], [ 444581.178399999625981, 4470297.552200000733137 ], [ 444581.836600000038743, 4470102.581700000911951 ], [ 444582.504700000397861, 4469903.6113 ], [ 444568.334300000220537, 4469848.381399999372661 ], [ 444557.554100000299513, 4469822.281499999575317 ], [ 444541.614000000059605, 4469798.751599999144673 ], [ 444525.643899999558926, 4469780.731799998320639 ], [ 444505.583900000026915, 4469765.332100000232458 ], [ 444487.854000000283122, 4469755.452299999073148 ], [ 444472.743999999947846, 4469749.932499999180436 ], [ 444455.594100000336766, 4469746.732699999585748 ], [ 444449.363699999696109, 4469699.812700000591576 ], [ 444418.223899999633431, 4469699.813100001774728 ], [ 444337.594499999657273, 4469708.944199999794364 ], [ 444327.804600000439677, 4469710.604399998672307 ], [ 444280.275000000372529, 4469718.675000000745058 ], [ 444255.485200000053737, 4469722.795399998314679 ], [ 444237.315299999900162, 4469725.805700000375509 ], [ 444129.686200000345707, 4469749.007200001738966 ], [ 444084.216699999757111, 4469765.797900000587106 ], [ 444058.217000000178814, 4469775.608300000429153 ], [ 444031.457200000120793, 4469785.71860000025481 ], [ 443976.937800000421703, 4469805.189500000327826 ], [ 443942.138100000156555, 4469817.619999998249114 ], [ 443867.558899999596179, 4469849.111099999397993 ], [ 443843.17920000012964, 4469861.941500000655651 ], [ 443817.139499999582767, 4469876.411899999715388 ], [ 443790.689899999648333, 4469891.292300000786781 ], [ 443767.130199999548495, 4469905.342599999159575 ], [ 443715.020800000056624, 4469936.9035 ], [ 443662.781499999633525, 4469972.814300000667572 ], [ 443609.992300000041723, 4470012.005100001581013 ], [ 443545.243200000375509, 4470065.8860999988392 ], [ 443530.083499999716878, 4470079.14640000090003 ], [ 443512.113800000457559, 4470094.356699999421835 ], [ 443498.633999999554362, 4470105.076899998821318 ], [ 443438.125, 4470166.317899999208748 ], [ 443434.855000000447035, 4470169.627999999560416 ], [ 443385.7659, 4470219.708799999207258 ], [ 443416.365899999625981, 4470242.048499998636544 ], [ 443622.516499999910593, 4470444.436100001446903 ], [ 443643.646099999547005, 4470420.055799999274313 ], [ 443686.036500000394881, 4470487.685399999842048 ], [ 443664.777999999932945, 4470624.225999999791384 ], [ 443643.899500000290573, 4470758.426699999719858 ], [ 443625.980999999679625, 4470898.577299998141825 ], [ 443616.001799999736249, 4470968.757700000889599 ], [ 443621.361800000071526, 4470976.727600000798702 ], [ 443620.981900000013411, 4470979.037599998526275 ], [ 443587.812800000421703, 4471149.258300000801682 ], [ 443580.902999999932945, 4471176.088399999774992 ], [ 443550.253600000403821, 4471295.258999998681247 ], [ 443599.423499999567866, 4471395.648399999365211 ], [ 443610.223500000312924, 4471420.23829999845475 ], [ 443632.413599999621511, 4471489.827999998815358 ], [ 443660.613699999637902, 4471584.607699998654425 ], [ 443661.213700000196695, 4471591.207699998281896 ], [ 443661.253700000175741, 4471599.617599998600781 ], [ 443785.67339999973774, 4471779.476199999451637 ], [ 443984.551599999889731, 4471640.783099999651313 ], [ 444082.450600000098348, 4471568.97169999871403 ], [ 444135.930100000463426, 4471533.440899998880923 ], [ 444220.019299999810755, 4471474.899599999189377 ], [ 444222.74930000025779, 4471472.999600000679493 ], [ 444240.199099999852479, 4471462.039300000295043 ], [ 444243.499099999666214, 4471460.939300000667572 ], [ 444246.279000000096858, 4471460.009199998341501 ], [ 444256.81900000013411, 4471457.169099999591708 ], [ 444388.277900000102818, 4471437.287100000306964 ], [ 444463.64740000013262, 4471428.93610000051558 ], [ 444489.207200000062585, 4471426.1056999983266 ], [ 444517.667000000365078, 4471422.945299999788404 ], [ 444583.535600000061095, 4471179.053999998606741 ], [ 444577.145200000144541, 4471057.893999999389052 ], [ 444569.144200000038836, 4470906.443799999542534 ], [ 444566.832100000232458, 4470686.763299999758601 ], [ 444565.811200000345707, 4470589.9331 ], [ 444565.811200000345707, 4470589.613099999725819 ], [ 444565.280799999833107, 4470541.103100000880659 ] ] ] } },
{ "type": "Feature", "properties": { "tau": -0.49538466334342957, "two_sided_pval": 0.00042085585300810635, "name": "San Diego", "classification": "negative trend with prob > 99%" }, "geometry": { "type": "Polygon", "coordinates": [ [ [ 444621.10259999986738, 4469700.290300000458956 ], [ 444582.792799999937415, 4469697.470799999311566 ], [ 444449.363699999696109, 4469699.812700000591576 ], [ 444455.594100000336766, 4469746.732699999585748 ], [ 444472.743999999947846, 4469749.932499999180436 ], [ 444487.854000000283122, 4469755.452299999073148 ], [ 444505.583900000026915, 4469765.332100000232458 ], [ 444525.643899999558926, 4469780.731799998320639 ], [ 444541.614000000059605, 4469798.751599999144673 ], [ 444557.554100000299513, 4469822.281499999575317 ], [ 444568.334300000220537, 4469848.381399999372661 ], [ 444582.504700000397861, 4469903.6113 ], [ 444581.836600000038743, 4470102.581700000911951 ], [ 444581.178399999625981, 4470297.552200000733137 ], [ 444618.498200000263751, 4470302.881799999624491 ], [ 444681.827899999858346, 4470320.880899998359382 ], [ 444756.477699999697506, 4470351.539899998344481 ], [ 444778.127600000239909, 4470362.669600000604987 ], [ 444810.827600000426173, 4470381.789200001396239 ], [ 444854.017500000074506, 4470410.168700000271201 ], [ 444893.507500000298023, 4470441.638199998997152 ], [ 444946.557599999941885, 4470493.4676 ], [ 444984.687800000421703, 4470539.167099999263883 ], [ 445007.558000000193715, 4470576.376799999736249 ], [ 445080.438500000105705, 4470694.956100000999868 ], [ 445125.348799999803305, 4470768.03559999819845 ], [ 445176.699199999682605, 4470853.615000000223517 ], [ 445255.759800000116229, 4470985.374199998565018 ], [ 445346.739799999631941, 4471138.982999999076128 ], [ 445400.419800000265241, 4471230.982399999164045 ], [ 445448.429700000269804, 4471307.431799999438226 ], [ 445517.089800000190735, 4471433.070999999530613 ], [ 445598.179700000211596, 4471567.230100001208484 ], [ 445648.259800000116229, 4471655.399399999529123 ], [ 445687.150000000372529, 4471773.8791000014171 ], [ 445730.479600000195205, 4471762.038499998860061 ], [ 445769.009300000034273, 4471751.487900000996888 ], [ 446311.304800000099931, 4471597.49000000115484 ], [ 446550.093799999856856, 4471519.629799998365343 ], [ 446747.235100000165403, 4471462.150100000202656 ], [ 446946.044900000095367, 4471403.929300000891089 ], [ 447123.5477, 4471351.581000000238419 ], [ 447219.487800000235438, 4471323.561599999666214 ], [ 447062.266699999570847, 4470835.276700000278652 ], [ 447007.835699999646749, 4470678.257400000467896 ], [ 446970.155199999862816, 4470584.057900000363588 ], [ 446922.004499999806285, 4470481.47859999909997 ], [ 446983.733300000429153, 4470354.387300000526011 ], [ 446871.533499999903142, 4470321.909199999645352 ], [ 446764.603699999919627, 4470290.650900000706315 ], [ 446506.864299999549985, 4470211.915100000798702 ], [ 446303.125199999660254, 4470150.177799999713898 ], [ 446265.655100000090897, 4470138.52930000051856 ], [ 446150.835900000354741, 4470102.8399 ], [ 445543.75829999987036, 4469905.298000000417233 ], [ 445241.229700000025332, 4469827.102 ], [ 444942.830900000408292, 4469750.956000000238419 ], [ 444829.641499999910593, 4469728.317500001750886 ], [ 444693.822100000514183, 4469705.689300001598895 ], [ 444621.10259999986738, 4469700.290300000458956 ] ] ] } },
{ "type": "Feature", "properties": { "tau": -0.45230773091316223, "two_sided_pval": 0.0012905795592814684, "name": "Portazgo", "classification": "negative trend with prob > 99%" }, "geometry": { "type": "Polygon", "coordinates": [ [ [ 444618.498200000263751, 4470302.881799999624491 ], [ 444581.178399999625981, 4470297.552200000733137 ], [ 444574.74930000025779, 4470393.0225 ], [ 444565.280799999833107, 4470541.103100000880659 ], [ 444565.811200000345707, 4470589.613099999725819 ], [ 444565.811200000345707, 4470589.9331 ], [ 444566.832100000232458, 4470686.763299999758601 ], [ 444569.144200000038836, 4470906.443799999542534 ], [ 444577.145200000144541, 4471057.893999999389052 ], [ 444583.535600000061095, 4471179.053999998606741 ], [ 444517.667000000365078, 4471422.945299999788404 ], [ 444489.207200000062585, 4471426.1056999983266 ], [ 444509.377700000070035, 4471598.33570000063628 ], [ 444512.197700000309851, 4471610.025599998421967 ], [ 444515.767699999734759, 4471624.825599999167025 ], [ 444522.927699999883771, 4471639.405500000342727 ], [ 444541.33770000009099, 4471676.895300000905991 ], [ 444542.357699999585748, 4471678.365299998782575 ], [ 444543.377700000128243, 4471679.845200002193451 ], [ 444553.107699999585748, 4471693.915200001560152 ], [ 444576.05769999983022, 4471727.124900000169873 ], [ 444615.327600000426173, 4471772.794399999082088 ], [ 444645.477500000037253, 4471810.253999999724329 ], [ 444692.977300000318792, 4471857.753299999050796 ], [ 444908.47649999987334, 4472040.220499999821186 ], [ 444948.226400000043213, 4472073.880000000819564 ], [ 444980.536299999803305, 4472101.239500000141561 ], [ 445089.335900000296533, 4472193.358199999667704 ], [ 445225.724299999885261, 4472030.186000000685453 ], [ 445225.664300000295043, 4472030.145999998785555 ], [ 445269.973799999803305, 4471980.165299999527633 ], [ 445270.153800000436604, 4471979.935299999080598 ], [ 445322.123200000263751, 4471933.2445 ], [ 445366.74280000012368, 4471903.023800000548363 ], [ 445396.152499999850988, 4471884.153400000184774 ], [ 445422.442300000227988, 4471868.862999998964369 ], [ 445462.491899999789894, 4471848.0724 ], [ 445492.301599999889731, 4471836.312 ], [ 445687.150000000372529, 4471773.8791000014171 ], [ 445648.259800000116229, 4471655.399399999529123 ], [ 445598.179700000211596, 4471567.230100001208484 ], [ 445517.089800000190735, 4471433.070999999530613 ], [ 445448.429700000269804, 4471307.431799999438226 ], [ 445400.419800000265241, 4471230.982399999164045 ], [ 445346.739799999631941, 4471138.982999999076128 ], [ 445255.759800000116229, 4470985.374199998565018 ], [ 445176.699199999682605, 4470853.615000000223517 ], [ 445125.348799999803305, 4470768.03559999819845 ], [ 445080.438500000105705, 4470694.956100000999868 ], [ 445007.558000000193715, 4470576.376799999736249 ], [ 444984.687800000421703, 4470539.167099999263883 ], [ 444946.557599999941885, 4470493.4676 ], [ 444893.507500000298023, 4470441.638199998997152 ], [ 444854.017500000074506, 4470410.168700000271201 ], [ 444810.827600000426173, 4470381.789200001396239 ], [ 444778.127600000239909, 4470362.669600000604987 ], [ 444756.477699999697506, 4470351.539899998344481 ], [ 444681.827899999858346, 4470320.880899998359382 ], [ 444618.498200000263751, 4470302.881799999624491 ] ] ] } },
{ "type": "Feature", "properties": { "tau": -0.51384621858596802, "two_sided_pval": 0.00025330268545076251, "name": "Numancia", "classification": "negative trend with prob > 99%" }, "geometry": { "type": "Polygon", "coordinates": [ [ [ 444509.377700000070035, 4471598.33570000063628 ], [ 444489.207200000062585, 4471426.1056999983266 ], [ 444463.64740000013262, 4471428.93610000051558 ], [ 444388.277900000102818, 4471437.287100000306964 ], [ 444256.81900000013411, 4471457.169099999591708 ], [ 444246.279000000096858, 4471460.009199998341501 ], [ 444243.499099999666214, 4471460.939300000667572 ], [ 444240.199099999852479, 4471462.039300000295043 ], [ 444222.74930000025779, 4471472.999600000679493 ], [ 444220.019299999810755, 4471474.899599999189377 ], [ 444135.930100000463426, 4471533.440899998880923 ], [ 444082.450600000098348, 4471568.97169999871403 ], [ 443984.551599999889731, 4471640.783099999651313 ], [ 443785.67339999973774, 4471779.476199999451637 ], [ 443740.993800000287592, 4471810.526799998246133 ], [ 443684.284400000236928, 4471849.947599998675287 ], [ 443641.354799999855459, 4471879.788299999199808 ], [ 443542.015700000338256, 4471950.049799999222159 ], [ 443535.845700000412762, 4471954.399799999780953 ], [ 443355.037399999797344, 4472081.3925 ], [ 443205.498700000345707, 4472183.754799998365343 ], [ 443289.848600000143051, 4472328.713700000196695 ], [ 443418.948699999600649, 4472659.282199998386204 ], [ 443426.848799999803305, 4472689.202099998481572 ], [ 443458.528900000266731, 4472796.911799999885261 ], [ 443524.8591, 4472984.181099999696016 ], [ 443555.629099999554455, 4473070.990799999795854 ], [ 444092.165599999949336, 4473018.233199999667704 ], [ 444110.215400000102818, 4473016.582999999634922 ], [ 444120.145399999863002, 4473015.662799998186529 ], [ 444186.514899999834597, 4473007.67189999949187 ], [ 444220.424700000323355, 4473003.581399999558926 ], [ 444276.014299999922514, 4472993.9106 ], [ 444300.174100000411272, 4472986.660300000570714 ], [ 444326.753899999894202, 4472976.989900000393391 ], [ 444339.443799999542534, 4472970.339699999429286 ], [ 444352.13370000012219, 4472963.699500001035631 ], [ 444393.42339999973774, 4472940.888900000602007 ], [ 444433.082999999634922, 4472918.998299998231232 ], [ 444469.282700000330806, 4472891.607799999415874 ], [ 444504.112399999983609, 4472865.23719999846071 ], [ 444592.121399999596179, 4472771.055900000967085 ], [ 444592.341400000324938, 4472770.815899999812245 ], [ 444730.240000000223517, 4472623.253699999302626 ], [ 444933.147699999623001, 4472390.430499999783933 ], [ 445089.335900000296533, 4472193.358199999667704 ], [ 444980.536299999803305, 4472101.239500000141561 ], [ 444948.226400000043213, 4472073.880000000819564 ], [ 444908.47649999987334, 4472040.220499999821186 ], [ 444692.977300000318792, 4471857.753299999050796 ], [ 444645.477500000037253, 4471810.253999999724329 ], [ 444615.327600000426173, 4471772.794399999082088 ], [ 444576.05769999983022, 4471727.124900000169873 ], [ 444553.107699999585748, 4471693.915200001560152 ], [ 444543.377700000128243, 4471679.845200002193451 ], [ 444542.357699999585748, 4471678.365299998782575 ], [ 444541.33770000009099, 4471676.895300000905991 ], [ 444522.927699999883771, 4471639.405500000342727 ], [ 444515.767699999734759, 4471624.825599999167025 ], [ 444512.197700000309851, 4471610.025599998421967 ], [ 444509.377700000070035, 4471598.33570000063628 ] ] ] } },
{ "type": "Feature", "properties": { "tau": -0.50153851509094238, "two_sided_pval": 0.0003559861215762794, "name": "Pavones", "classification": "negative trend with prob > 99%" }, "geometry": { "type": "Polygon", "coordinates": [ [ [ 446862.357400000095367, 4472784.243299999274313 ], [ 446942.302099999971688, 4472748.324299999512732 ], [ 446927.224799999967217, 4472710.233599998988211 ], [ 446908.497299999929965, 4472660.855199999175966 ], [ 446886.535000000207219, 4472595.387599999085069 ], [ 446870.011, 4472538.913899999111891 ], [ 446857.917799999937415, 4472489.462799999862909 ], [ 446843.656000000424683, 4472426.384700000286102 ], [ 446826.175900000147521, 4472330.015599999576807 ], [ 446809.770899999886751, 4472235.41950000077486 ], [ 446801.545599999837577, 4472188.144600001163781 ], [ 446785.302400000393391, 4472115.601399999111891 ], [ 446766.028400000184774, 4472044.993900000117719 ], [ 446748.923999999649823, 4471991.514000000432134 ], [ 446729.493800000287592, 4471937.054199998266995 ], [ 446706.636199999600649, 4471878.228300000540912 ], [ 446550.093799999856856, 4471519.629799998365343 ], [ 446311.304800000099931, 4471597.49000000115484 ], [ 445769.009300000034273, 4471751.487900000996888 ], [ 445730.479600000195205, 4471762.038499998860061 ], [ 445687.150000000372529, 4471773.8791000014171 ], [ 445712.730200000107288, 4471864.058900001458824 ], [ 445813.780399999581277, 4472066.147699999623001 ], [ 445862.000500000081956, 4472159.1272 ], [ 446015.800800000375602, 4472455.64540000166744 ], [ 446128.571000000461936, 4472669.614100000821054 ], [ 446177.181099999696016, 4472765.203599999658763 ], [ 446349.53000000026077, 4472767.981200000271201 ], [ 446407.519600000232458, 4472768.910399998538196 ], [ 446606.068300000450108, 4472770.23760000243783 ], [ 446694.308000000193715, 4472771.066099998541176 ], [ 446702.077999999804888, 4472770.286000000312924 ], [ 446709.287899999937508, 4472768.365800001658499 ], [ 446710.4079, 4472768.065899999812245 ], [ 446717.667899999767542, 4472764.3257 ], [ 446721.537800000049174, 4472760.735699999146163 ], [ 446721.627799999900162, 4472760.83559999987483 ], [ 446741.787899999879301, 4472782.5153 ], [ 446773.647900000214577, 4472812.664800000376999 ], [ 446796.917899999767542, 4472830.774499998427927 ], [ 446800.707899999804795, 4472827.234400001354516 ], [ 446806.517799999564886, 4472822.684299999848008 ], [ 446819.2977, 4472811.804100000299513 ], [ 446862.357400000095367, 4472784.243299999274313 ] ] ] } },
{ "type": "Feature", "properties": { "tau": -0.52000004053115845, "two_sided_pval": 0.00021308124996721745, "name": "Fontarrón", "classification": "negative trend with prob > 99%" }, "geometry": { "type": "Polygon", "coordinates": [ [ [ 447243.321100000292063, 4473790.818399998359382 ], [ 447280.591000000014901, 4473789.8377 ], [ 447366.420699999667704, 4473791.796299999579787 ], [ 447058.040699999779463, 4473031.243799998424947 ], [ 447056.508500000461936, 4473027.498299999162555 ], [ 446942.302099999971688, 4472748.324299999512732 ], [ 446862.357400000095367, 4472784.243299999274313 ], [ 446819.2977, 4472811.804100000299513 ], [ 446806.517799999564886, 4472822.684299999848008 ], [ 446800.707899999804795, 4472827.234400001354516 ], [ 446796.917899999767542, 4472830.774499998427927 ], [ 446773.647900000214577, 4472812.664800000376999 ], [ 446741.787899999879301, 4472782.5153 ], [ 446721.627799999900162, 4472760.83559999987483 ], [ 446721.537800000049174, 4472760.735699999146163 ], [ 446717.667899999767542, 4472764.3257 ], [ 446710.4079, 4472768.065899999812245 ], [ 446709.287899999937508, 4472768.365800001658499 ], [ 446702.077999999804888, 4472770.286000000312924 ], [ 446694.308000000193715, 4472771.066099998541176 ], [ 446606.068300000450108, 4472770.23760000243783 ], [ 446407.519600000232458, 4472768.910399998538196 ], [ 446349.53000000026077, 4472767.981200000271201 ], [ 446177.181099999696016, 4472765.203599999658763 ], [ 446210.651200000196695, 4472832.553300000727177 ], [ 446231.251199999824166, 4472871.612999998964369 ], [ 446246.49129999987781, 4472898.222899998538196 ], [ 446264.731300000101328, 4472926.5526 ], [ 446280.401300000026822, 4472948.432499998249114 ], [ 446302.291299999691546, 4472978.702200001105666 ], [ 446332.331299999728799, 4473020.971799999475479 ], [ 446358.081299999787007, 4473061.531500001437962 ], [ 446398.421400000341237, 4473127.851099999621511 ], [ 446436.411399999633431, 4473193.300499999895692 ], [ 446509.170400000177324, 4473364.369 ], [ 446572.370099999941885, 4473512.964500000700355 ], [ 446754.133399999700487, 4473940.326999998651445 ], [ 446829.582999999634922, 4473905.535599999129772 ], [ 446918.322499999776483, 4473864.843999999575317 ], [ 446966.852300000376999, 4473845.223200000822544 ], [ 447037.932000000029802, 4473823.66190000064671 ], [ 447116.851599999761675, 4473805.030500000342727 ], [ 447186.96129999961704, 4473795.22929999884218 ], [ 447213.841199999675155, 4473792.528899998404086 ], [ 447243.321100000292063, 4473790.818399998359382 ] ] ] } },
{ "type": "Feature", "properties": { "tau": -0.48923081159591675, "two_sided_pval": 0.00049663468962535262, "name": "Vinateros", "classification": "negative trend with prob > 99%" }, "geometry": { "type": "Polygon", "coordinates": [ [ [ 445456.590800000354648, 4473964.125399999320507 ], [ 445620.939799999818206, 4473952.993100000545382 ], [ 445778.798899999819696, 4473955.780899998731911 ], [ 445910.738199999555945, 4473969.669099998660386 ], [ 446133.877100000157952, 4474009.016100001521409 ], [ 446168.036899999715388, 4474015.455600001849234 ], [ 446227.446600000374019, 4474026.654800000600517 ], [ 446258.676400000229478, 4474028.754400000907481 ], [ 446339.30599999986589, 4474034.183299999684095 ], [ 446389.135700000450015, 4474032.872600000351667 ], [ 446389.37569999974221, 4474032.872600000351667 ], [ 446427.415400000289083, 4474031.871999999508262 ], [ 446493.485000000335276, 4474023.181099999696016 ], [ 446555.504599999636412, 4474011.5702 ], [ 446632.01410000026226, 4473990.129100000485778 ], [ 446667.683899999596179, 4473976.258500000461936 ], [ 446715.483599999919534, 4473957.667599999345839 ], [ 446754.133399999700487, 4473940.326999998651445 ], [ 446572.370099999941885, 4473512.964500000700355 ], [ 446509.170400000177324, 4473364.369 ], [ 446436.411399999633431, 4473193.300499999895692 ], [ 446398.421400000341237, 4473127.851099999621511 ], [ 446358.081299999787007, 4473061.531500001437962 ], [ 446332.331299999728799, 4473020.971799999475479 ], [ 446302.291299999691546, 4472978.702200001105666 ], [ 446280.401300000026822, 4472948.432499998249114 ], [ 446264.731300000101328, 4472926.5526 ], [ 446246.49129999987781, 4472898.222899998538196 ], [ 446231.251199999824166, 4472871.612999998964369 ], [ 446210.651200000196695, 4472832.553300000727177 ], [ 446177.181099999696016, 4472765.203599999658763 ], [ 446140.401300000026822, 4472765.094100000336766 ], [ 446102.021599999687169, 4472764.884700000286102 ], [ 446073.841799999587238, 4472766.545100000686944 ], [ 446046.191999999806285, 4472770.065500000491738 ], [ 446019.402200000360608, 4472776.885900001041591 ], [ 445998.982300000207033, 4472783.916099998168647 ], [ 445977.402499999850988, 4472792.576500000432134 ], [ 445931.5329, 4472819.6272 ], [ 445893.233300000370946, 4472852.297700001858175 ], [ 445845.853900000452995, 4472905.308499998413026 ], [ 445820.974200000055134, 4472941.658900000154972 ], [ 445803.014399999752641, 4472970.4392 ], [ 445776.404799999669194, 4473016.519599999301136 ], [ 445755.264899999834597, 4473008.159900000318885 ], [ 445744.664999999979045, 4473003.970000000670552 ], [ 445741.505099999718368, 4473040.100099999457598 ], [ 445733.535600000061095, 4473131.120399999432266 ], [ 445713.505900000222027, 4473186.720699998550117 ], [ 445688.626400000415742, 4473258.111199998296797 ], [ 445676.846599999873433, 4473291.9013 ], [ 445674.476700000464916, 4473298.701399999670684 ], [ 445642.317200000397861, 4473364.24199999962002 ], [ 445641.527200000360608, 4473365.591900000348687 ], [ 445618.047500000335276, 4473405.502399999648333 ], [ 445598.287700000219047, 4473433.352700001560152 ], [ 445591.423200000077486, 4473443.040300001390278 ], [ 445551.677500000281725, 4473415.6491 ], [ 445420.083599999547005, 4473347.355199999175966 ], [ 445420.078499999828637, 4473347.365000000223517 ], [ 445380.268600000068545, 4473326.985500000417233 ], [ 445199.809399999736343, 4473232.497899999842048 ], [ 445037.059999999590218, 4473143.940099999308586 ], [ 445030.500099999830127, 4473140.390200001187623 ], [ 444925.080500000156462, 4473083.671599999070168 ], [ 444757.60120000038296, 4472993.523900000378489 ], [ 444736.85149999987334, 4473033.444199998863041 ], [ 444712.751799999736249, 4473079.794499999843538 ], [ 444710.081899999640882, 4473084.9046 ], [ 444669.352400000265334, 4473156.25520000141114 ], [ 444633.142900000326335, 4473222.805799999274313 ], [ 444611.713200000114739, 4473270.356200000271201 ], [ 444591.06350000022212, 4473321.916600000113249 ], [ 444588.263600000238512, 4473329.966600001789629 ], [ 444586.773599999956787, 4473338.63670000154525 ], [ 444587.033599999733269, 4473346.836699998937547 ], [ 444590.393699999898672, 4473361.07660000026226 ], [ 444631.973899999691639, 4473491.69620000012219 ], [ 444632.893899999558926, 4473494.19620000012219 ], [ 444639.09389999974519, 4473511.086100000888109 ], [ 444647.713999999628868, 4473535.986099998466671 ], [ 444708.784300000406802, 4473722.085400000214577 ], [ 444654.944600000046194, 4473718.856200000271201 ], [ 444598.714900000079069, 4473718.316999999806285 ], [ 444590.985000000335276, 4473718.247100000269711 ], [ 444581.804999999760184, 4473718.657200000248849 ], [ 444563.825100000016391, 4473719.467399999499321 ], [ 444550.555200000351761, 4473721.867599999532104 ], [ 444547.83530000038445, 4473722.447699999436736 ], [ 444539.095300000160933, 4473724.287799999117851 ], [ 444528.215400000102818, 4473727.337999999523163 ], [ 444516.475499999709427, 4473730.637999999336898 ], [ 444607.715300000272691, 4473837.566999998874962 ], [ 444615.815299999900162, 4473847.056900001130998 ], [ 444720.605200000107288, 4473974.335599998943508 ], [ 444820.705099999904633, 4474097.73439999949187 ], [ 444831.575100000016391, 4474114.804199998266995 ], [ 444842.865100000053644, 4474143.96409999858588 ], [ 445047.073599999770522, 4474061.89119999948889 ], [ 445152.752899999730289, 4474026.509700000286102 ], [ 445185.502600000239909, 4474018.159199999645352 ], [ 445242.012199999764562, 4474003.758400001563132 ], [ 445352.891499999968801, 4473979.8668 ], [ 445456.590800000354648, 4473964.125399999320507 ] ] ] } },
{ "type": "Feature", "properties": { "tau": -0.53846156597137451, "two_sided_pval": 0.00012544690980575979, "name": "Horcajo", "classification": "negative trend with prob > 99%" }, "geometry": { "type": "Polygon", "coordinates": [ [ [ 444581.804999999760184, 4473718.657200000248849 ], [ 444590.985000000335276, 4473718.247100000269711 ], [ 444598.714900000079069, 4473718.316999999806285 ], [ 444654.944600000046194, 4473718.856200000271201 ], [ 444708.784300000406802, 4473722.085400000214577 ], [ 444647.713999999628868, 4473535.986099998466671 ], [ 444639.09389999974519, 4473511.086100000888109 ], [ 444632.893899999558926, 4473494.19620000012219 ], [ 444631.973899999691639, 4473491.69620000012219 ], [ 444590.393699999898672, 4473361.07660000026226 ], [ 444587.033599999733269, 4473346.836699998937547 ], [ 444586.773599999956787, 4473338.63670000154525 ], [ 444588.263600000238512, 4473329.966600001789629 ], [ 444591.06350000022212, 4473321.916600000113249 ], [ 444611.713200000114739, 4473270.356200000271201 ], [ 444633.142900000326335, 4473222.805799999274313 ], [ 444669.352400000265334, 4473156.25520000141114 ], [ 444710.081899999640882, 4473084.9046 ], [ 444712.751799999736249, 4473079.794499999843538 ], [ 444736.85149999987334, 4473033.444199998863041 ], [ 444757.60120000038296, 4472993.523900000378489 ], [ 444739.351300000213087, 4472987.474099999293685 ], [ 444732.111300000047777, 4472985.074199999682605 ], [ 444709.951500000432134, 4472983.464500000700355 ], [ 444691.45160000026226, 4472982.124800000339746 ], [ 444688.501600000075996, 4472981.914799999445677 ], [ 444678.27170000039041, 4472982.014999999664724 ], [ 444636.491899999789894, 4472982.445499999448657 ], [ 444625.531999999599066, 4472984.475700000301003 ], [ 444579.762299999594688, 4472992.956400000490248 ], [ 444535.632700000016484, 4473003.457000000402331 ], [ 444515.752799999900162, 4473009.727299998514354 ], [ 444497.273000000044703, 4473015.547499999403954 ], [ 444447.373300000093877, 4473032.358300000429153 ], [ 444416.123599999642465, 4473045.978700001724064 ], [ 444410.333599999547005, 4473048.508699999190867 ], [ 444406.193699999712408, 4473050.2889 ], [ 444391.493800000287592, 4473056.589099999517202 ], [ 444361.503999999724329, 4473068.599500000476837 ], [ 444310.774400000518654, 4473088.870200001634657 ], [ 444277.224700000078883, 4473098.550699999555945 ], [ 444253.594800000078976, 4473105.361099999397993 ], [ 444195.065299999900162, 4473119.151900000870228 ], [ 444131.075699999928474, 4473141.03279999922961 ], [ 444083.246100000105798, 4473159.883500001393259 ], [ 444046.15639999974519, 4473172.893999999389052 ], [ 443956.067099999636412, 4473202.755300000309944 ], [ 443829.858, 4473248.517100000753999 ], [ 443652.149299999698997, 4473312.599700001068413 ], [ 443680.779400000406895, 4473384.259399999864399 ], [ 443713.099399999715388, 4473465.039000001735985 ], [ 443754.069600000046194, 4473582.648600000888109 ], [ 443754.109600000083447, 4473582.778499999083579 ], [ 443787.069600000104401, 4473650.288200001232326 ], [ 443791.099600000306964, 4473658.538099999539554 ], [ 443877.729700000025332, 4473835.997099999338388 ], [ 443905.53969999961555, 4473892.96680000051856 ], [ 443914.639700000174344, 4473911.616599998436868 ], [ 443955.019700000062585, 4473995.506200001575053 ], [ 444053.549899999983609, 4474200.23509999923408 ], [ 444094.230000000447035, 4474299.384600001387298 ], [ 444118.650299999862909, 4474435.934399999678135 ], [ 444322.008899999782443, 4474365.111500000581145 ], [ 444514.877600000239909, 4474297.538799999281764 ], [ 444842.865100000053644, 4474143.96409999858588 ], [ 444831.575100000016391, 4474114.804199998266995 ], [ 444820.705099999904633, 4474097.73439999949187 ], [ 444720.605200000107288, 4473974.335599998943508 ], [ 444615.815299999900162, 4473847.056900001130998 ], [ 444607.715300000272691, 4473837.566999998874962 ], [ 444516.475499999709427, 4473730.637999999336898 ], [ 444528.215400000102818, 4473727.337999999523163 ], [ 444539.095300000160933, 4473724.287799999117851 ], [ 444547.83530000038445, 4473722.447699999436736 ], [ 444550.555200000351761, 4473721.867599999532104 ], [ 444563.825100000016391, 4473719.467399999499321 ], [ 444581.804999999760184, 4473718.657200000248849 ] ] ] } },
{ "type": "Feature", "properties": { "tau": -0.49538466334342957, "two_sided_pval": 0.00042085585300810635, "name": "Marroquina", "classification": "negative trend with prob > 99%" }, "geometry": { "type": "Polygon", "coordinates": [ [ [ 444678.27170000039041, 4472982.014999999664724 ], [ 444688.501600000075996, 4472981.914799999445677 ], [ 444691.45160000026226, 4472982.124800000339746 ], [ 444709.951500000432134, 4472983.464500000700355 ], [ 444732.111300000047777, 4472985.074199999682605 ], [ 444739.351300000213087, 4472987.474099999293685 ], [ 444757.60120000038296, 4472993.523900000378489 ], [ 444773.970999999903142, 4472953.393599999137223 ], [ 444796.130800000391901, 4472938.13329999987036 ], [ 444885.959999999962747, 4472884.231899998150766 ], [ 444915.489699999801815, 4472866.511499999091029 ], [ 444986.729100000113249, 4472823.760399998165667 ], [ 444991.769000000320375, 4472820.780300000682473 ], [ 445002.358900000399444, 4472814.980200000107288 ], [ 445008.288900000043213, 4472811.650100001133978 ], [ 445030.03870000038296, 4472798.149700000882149 ], [ 445034.35869999974966, 4472795.459699998609722 ], [ 445052.298499999567866, 4472787.069500000216067 ], [ 445057.448499999940395, 4472784.669399998150766 ], [ 445090.118200000375509, 4472770.578900001011789 ], [ 445126.087899999693036, 4472761.588399999774992 ], [ 445154.557699999772012, 4472758.298000000417233 ], [ 445317.696600000374019, 4472750.755599998869002 ], [ 445323.156600000336766, 4472744.315600000321865 ], [ 445333.566499999724329, 4472734.565400000661612 ], [ 445365.676199999637902, 4472717.994899998418987 ], [ 445422.995699999853969, 4472688.41399999987334 ], [ 445453.005400000140071, 4472671.023700000718236 ], [ 445502.334999999962747, 4472648.122999999672174 ], [ 445540.644700000062585, 4472638.872400001622736 ], [ 445584.264399999752641, 4472635.351800000295043 ], [ 445617.294200000353158, 4472636.231299999170005 ], [ 445647.684000000357628, 4472635.790899999439716 ], [ 445670.593799999915063, 4472632.260600000619888 ], [ 445683.713700000196695, 4472629.050300001166761 ], [ 445692.173700000159442, 4472626.980300000868738 ], [ 445725.643400000466499, 4472612.439799999818206 ], [ 445725.683400000445545, 4472612.489700000733137 ], [ 445781.322900000028312, 4472582.198899999260902 ], [ 445820.322499999776483, 4472559.8383 ], [ 445878.542000000423286, 4472527.947400000877678 ], [ 445989.440999999642372, 4472467.195799998939037 ], [ 446015.800800000375602, 4472455.64540000166744 ], [ 445862.000500000081956, 4472159.1272 ], [ 445813.780399999581277, 4472066.147699999623001 ], [ 445712.730200000107288, 4471864.058900001458824 ], [ 445687.150000000372529, 4471773.8791000014171 ], [ 445492.301599999889731, 4471836.312 ], [ 445462.491899999789894, 4471848.0724 ], [ 445422.442300000227988, 4471868.862999998964369 ], [ 445396.152499999850988, 4471884.153400000184774 ], [ 445366.74280000012368, 4471903.023800000548363 ], [ 445322.123200000263751, 4471933.2445 ], [ 445270.153800000436604, 4471979.935299999080598 ], [ 445269.973799999803305, 4471980.165299999527633 ], [ 445225.664300000295043, 4472030.145999998785555 ], [ 445225.724299999885261, 4472030.186000000685453 ], [ 445089.335900000296533, 4472193.358199999667704 ], [ 444933.147699999623001, 4472390.430499999783933 ], [ 444730.240000000223517, 4472623.253699999302626 ], [ 444592.341400000324938, 4472770.815899999812245 ], [ 444592.121399999596179, 4472771.055900000967085 ], [ 444504.112399999983609, 4472865.23719999846071 ], [ 444469.282700000330806, 4472891.607799999415874 ], [ 444433.082999999634922, 4472918.998299998231232 ], [ 444393.42339999973774, 4472940.888900000602007 ], [ 444352.13370000012219, 4472963.699500001035631 ], [ 444339.443799999542534, 4472970.339699999429286 ], [ 444326.753899999894202, 4472976.989900000393391 ], [ 444300.174100000411272, 4472986.660300000570714 ], [ 444276.014299999922514, 4472993.9106 ], [ 444220.424700000323355, 4473003.581399999558926 ], [ 444186.514899999834597, 4473007.67189999949187 ], [ 444120.145399999863002, 4473015.662799998186529 ], [ 444110.215400000102818, 4473016.582999999634922 ], [ 444092.165599999949336, 4473018.233199999667704 ], [ 443555.629099999554455, 4473070.990799999795854 ], [ 443560.739199999778066, 4473083.780699999071658 ], [ 443652.149299999698997, 4473312.599700001068413 ], [ 443829.858, 4473248.517100000753999 ], [ 443956.067099999636412, 4473202.755300000309944 ], [ 444046.15639999974519, 4473172.893999999389052 ], [ 444083.246100000105798, 4473159.883500001393259 ], [ 444131.075699999928474, 4473141.03279999922961 ], [ 444195.065299999900162, 4473119.151900000870228 ], [ 444253.594800000078976, 4473105.361099999397993 ], [ 444277.224700000078883, 4473098.550699999555945 ], [ 444310.774400000518654, 4473088.870200001634657 ], [ 444361.503999999724329, 4473068.599500000476837 ], [ 444391.493800000287592, 4473056.589099999517202 ], [ 444406.193699999712408, 4473050.2889 ], [ 444410.333599999547005, 4473048.508699999190867 ], [ 444416.123599999642465, 4473045.978700001724064 ], [ 444447.373300000093877, 4473032.358300000429153 ], [ 444497.273000000044703, 4473015.547499999403954 ], [ 444515.752799999900162, 4473009.727299998514354 ], [ 444535.632700000016484, 4473003.457000000402331 ], [ 444579.762299999594688, 4472992.956400000490248 ], [ 444625.531999999599066, 4472984.475700000301003 ], [ 444636.491899999789894, 4472982.445499999448657 ], [ 444678.27170000039041, 4472982.014999999664724 ] ] ] } },
{ "type": "Feature", "properties": { "tau": -0.48923081159591675, "two_sided_pval": 0.00049663468962535262, "name": "Media Legua", "classification": "negative trend with prob > 99%" }, "geometry": { "type": "Polygon", "coordinates": [ [ [ 445642.317200000397861, 4473364.24199999962002 ], [ 445674.476700000464916, 4473298.701399999670684 ], [ 445676.846599999873433, 4473291.9013 ], [ 445688.626400000415742, 4473258.111199998296797 ], [ 445713.505900000222027, 4473186.720699998550117 ], [ 445733.535600000061095, 4473131.120399999432266 ], [ 445741.505099999718368, 4473040.100099999457598 ], [ 445744.664999999979045, 4473003.970000000670552 ], [ 445755.264899999834597, 4473008.159900000318885 ], [ 445776.404799999669194, 4473016.519599999301136 ], [ 445803.014399999752641, 4472970.4392 ], [ 445820.974200000055134, 4472941.658900000154972 ], [ 445845.853900000452995, 4472905.308499998413026 ], [ 445893.233300000370946, 4472852.297700001858175 ], [ 445931.5329, 4472819.6272 ], [ 445977.402499999850988, 4472792.576500000432134 ], [ 445998.982300000207033, 4472783.916099998168647 ], [ 446019.402200000360608, 4472776.885900001041591 ], [ 446046.191999999806285, 4472770.065500000491738 ], [ 446073.841799999587238, 4472766.545100000686944 ], [ 446102.021599999687169, 4472764.884700000286102 ], [ 446140.401300000026822, 4472765.094100000336766 ], [ 446177.181099999696016, 4472765.203599999658763 ], [ 446128.571000000461936, 4472669.614100000821054 ], [ 446015.800800000375602, 4472455.64540000166744 ], [ 445989.440999999642372, 4472467.195799998939037 ], [ 445878.542000000423286, 4472527.947400000877678 ], [ 445820.322499999776483, 4472559.8383 ], [ 445781.322900000028312, 4472582.198899999260902 ], [ 445725.683400000445545, 4472612.489700000733137 ], [ 445725.643400000466499, 4472612.439799999818206 ], [ 445692.173700000159442, 4472626.980300000868738 ], [ 445683.713700000196695, 4472629.050300001166761 ], [ 445670.593799999915063, 4472632.260600000619888 ], [ 445647.684000000357628, 4472635.790899999439716 ], [ 445617.294200000353158, 4472636.231299999170005 ], [ 445584.264399999752641, 4472635.351800000295043 ], [ 445540.644700000062585, 4472638.872400001622736 ], [ 445502.334999999962747, 4472648.122999999672174 ], [ 445453.005400000140071, 4472671.023700000718236 ], [ 445422.995699999853969, 4472688.41399999987334 ], [ 445365.676199999637902, 4472717.994899998418987 ], [ 445333.566499999724329, 4472734.565400000661612 ], [ 445323.156600000336766, 4472744.315600000321865 ], [ 445317.696600000374019, 4472750.755599998869002 ], [ 445154.557699999772012, 4472758.298000000417233 ], [ 445126.087899999693036, 4472761.588399999774992 ], [ 445090.118200000375509, 4472770.578900001011789 ], [ 445057.448499999940395, 4472784.669399998150766 ], [ 445052.298499999567866, 4472787.069500000216067 ], [ 445034.35869999974966, 4472795.459699998609722 ], [ 445030.03870000038296, 4472798.149700000882149 ], [ 445008.288900000043213, 4472811.650100001133978 ], [ 445002.358900000399444, 4472814.980200000107288 ], [ 444991.769000000320375, 4472820.780300000682473 ], [ 444986.729100000113249, 4472823.760399998165667 ], [ 444915.489699999801815, 4472866.511499999091029 ], [ 444885.959999999962747, 4472884.231899998150766 ], [ 444796.130800000391901, 4472938.13329999987036 ], [ 444773.970999999903142, 4472953.393599999137223 ], [ 444757.60120000038296, 4472993.523900000378489 ], [ 444925.080500000156462, 4473083.671599999070168 ], [ 445030.500099999830127, 4473140.390200001187623 ], [ 445037.059999999590218, 4473143.940099999308586 ], [ 445199.809399999736343, 4473232.497899999842048 ], [ 445380.268600000068545, 4473326.985500000417233 ], [ 445420.078499999828637, 4473347.365000000223517 ], [ 445420.083599999547005, 4473347.355199999175966 ], [ 445551.677500000281725, 4473415.6491 ], [ 445591.423200000077486, 4473443.040300001390278 ], [ 445598.287700000219047, 4473433.352700001560152 ], [ 445618.047500000335276, 4473405.502399999648333 ], [ 445641.527200000360608, 4473365.591900000348687 ], [ 445642.317200000397861, 4473364.24199999962002 ] ] ] } },
{ "type": "Feature", "properties": { "tau": -0.52615392208099365, "two_sided_pval": 0.00017891667084768414, "name": "Ventas", "classification": "negative trend with prob > 99%" }, "geometry": { "type": "Polygon", "coordinates": [ [ [ 446824.343999999575317, 4474103.665999999269843 ], [ 446754.133399999700487, 4473940.326999998651445 ], [ 446715.483599999919534, 4473957.667599999345839 ], [ 446667.683899999596179, 4473976.258500000461936 ], [ 446632.01410000026226, 4473990.129100000485778 ], [ 446555.504599999636412, 4474011.5702 ], [ 446493.485000000335276, 4474023.181099999696016 ], [ 446427.415400000289083, 4474031.871999999508262 ], [ 446389.37569999974221, 4474032.872600000351667 ], [ 446389.135700000450015, 4474032.872600000351667 ], [ 446339.30599999986589, 4474034.183299999684095 ], [ 446258.676400000229478, 4474028.754400000907481 ], [ 446227.446600000374019, 4474026.654800000600517 ], [ 446168.036899999715388, 4474015.455600001849234 ], [ 446133.877100000157952, 4474009.016100001521409 ], [ 445910.738199999555945, 4473969.669099998660386 ], [ 445778.798899999819696, 4473955.780899998731911 ], [ 445620.939799999818206, 4473952.993100000545382 ], [ 445456.590800000354648, 4473964.125399999320507 ], [ 445352.891499999968801, 4473979.8668 ], [ 445242.012199999764562, 4474003.758400001563132 ], [ 445185.502600000239909, 4474018.159199999645352 ], [ 445152.752899999730289, 4474026.509700000286102 ], [ 445047.073599999770522, 4474061.89119999948889 ], [ 444842.865100000053644, 4474143.96409999858588 ], [ 444514.877600000239909, 4474297.538799999281764 ], [ 444322.008899999782443, 4474365.111500000581145 ], [ 444118.650299999862909, 4474435.934399999678135 ], [ 444082.191599999554455, 4474745.645199998281896 ], [ 444051.232699999585748, 4475008.676 ], [ 444042.322999999858439, 4475084.396199998445809 ], [ 444005.344100000336766, 4475354.11699999962002 ], [ 443966.955199999734759, 4475634.107799999415874 ], [ 443949.845999999903142, 4475852.208299999125302 ], [ 444040.365600000135601, 4475864.916999998502433 ], [ 444266.024699999950826, 4475901.95409999974072 ], [ 444279.274600000120699, 4475904.123799999244511 ], [ 444411.424100000411272, 4475925.812100001610816 ], [ 444441.973899999575224, 4475930.831700000911951 ], [ 444515.353600000031292, 4475943.00069999974221 ], [ 444589.953300000168383, 4475956.099699999205768 ], [ 444663.442999999970198, 4475968.478700001724064 ], [ 444678.502999999560416, 4475971.198500000871718 ], [ 444841.262299999594688, 4476000.536399999633431 ], [ 444968.261800000444055, 4476023.134700000286102 ], [ 444981.541699999943376, 4476025.48450000025332 ], [ 445017.481599999591708, 4476032.464099999517202 ], [ 445192.059500000497792, 4475730.371300000697374 ], [ 445195.349399999715388, 4475707.92119999974966 ], [ 445222.888500000350177, 4475520.070599999278784 ], [ 445240.9079, 4475397.1102 ], [ 445239.087899999693036, 4475382.43019999936223 ], [ 445229.277599999681115, 4475303.480200000107288 ], [ 445744.903300000354648, 4474930.792700000107288 ], [ 445798.792899999767542, 4474891.841899999417365 ], [ 446071.830500000098255, 4474697.827899998985231 ], [ 446157.429800000041723, 4474636.416600000113249 ], [ 446484.996899999736343, 4474401.421800000593066 ], [ 446560.446200000180397, 4474345.730699999257922 ], [ 446712.454900000244379, 4474205.588099998421967 ], [ 446742.514600000344217, 4474181.21750000026077 ], [ 446824.343999999575317, 4474103.665999999269843 ] ] ] } },
{ "type": "Feature", "properties": { "tau": -0.53846156597137451, "two_sided_pval": 0.00012544690980575979, "name": "Pueblo Nuevo", "classification": "negative trend with prob > 99%" }, "geometry": { "type": "Polygon", "coordinates": [ [ [ 447366.420699999667704, 4473791.796299999579787 ], [ 447280.591000000014901, 4473789.8377 ], [ 447243.321100000292063, 4473790.818399998359382 ], [ 447213.841199999675155, 4473792.528899998404086 ], [ 447186.96129999961704, 4473795.22929999884218 ], [ 447116.851599999761675, 4473805.030500000342727 ], [ 447037.932000000029802, 4473823.66190000064671 ], [ 446966.852300000376999, 4473845.223200000822544 ], [ 446918.322499999776483, 4473864.843999999575317 ], [ 446829.582999999634922, 4473905.535599999129772 ], [ 446754.133399999700487, 4473940.326999998651445 ], [ 446824.343999999575317, 4474103.665999999269843 ], [ 446742.514600000344217, 4474181.21750000026077 ], [ 446712.454900000244379, 4474205.588099998421967 ], [ 446560.446200000180397, 4474345.730699999257922 ], [ 446484.996899999736343, 4474401.421800000593066 ], [ 446157.429800000041723, 4474636.416600000113249 ], [ 446071.830500000098255, 4474697.827899998985231 ], [ 445798.792899999767542, 4474891.841899999417365 ], [ 445744.903300000354648, 4474930.792700000107288 ], [ 445229.277599999681115, 4475303.480200000107288 ], [ 445239.087899999693036, 4475382.43019999936223 ], [ 445240.9079, 4475397.1102 ], [ 445222.888500000350177, 4475520.070599999278784 ], [ 445195.349399999715388, 4475707.92119999974966 ], [ 445192.059500000497792, 4475730.371300000697374 ], [ 445017.481599999591708, 4476032.464099999517202 ], [ 445063.131400000303984, 4476054.873500000685453 ], [ 445105.581299999728799, 4476078.572799999266863 ], [ 445178.92119999974966, 4476125.992000000551343 ], [ 445244.571000000461936, 4476166.741099999286234 ], [ 445256.711000000184868, 4476174.131000000983477 ], [ 445298.580900000408292, 4476199.620400001294911 ], [ 445363.310800000093877, 4476240.309599999338388 ], [ 445482.790500000119209, 4476314.9781 ], [ 445610.940299999900162, 4476395.066499999724329 ], [ 445698.720099999627564, 4476449.935399999842048 ], [ 445723.980100000277162, 4476465.925099999643862 ], [ 445764.040000000095461, 4476492.514599999412894 ], [ 445887.299700000323355, 4476555.642999998293817 ], [ 446009.338200000172947, 4476330.731100000441074 ], [ 446083.127199999988079, 4476194.719799998216331 ], [ 446126.58669999986887, 4476117.839199999347329 ], [ 446152.786299999803305, 4476069.278800000436604 ], [ 446187.495900000445545, 4476004.8882 ], [ 446231.355299999937415, 4475924.947500000707805 ], [ 446238.175200000405312, 4475912.527299999259412 ], [ 446249.435100000351667, 4475891.4972 ], [ 446302.264399999752641, 4475792.83629999961704 ], [ 446361.673600000329316, 4475684.305299999192357 ], [ 446383.113300000317395, 4475645.124999999068677 ], [ 446390.0932, 4475632.374899999238551 ], [ 446421.762699999846518, 4475574.5044 ], [ 446452.852300000435207, 4475516.903899999335408 ], [ 446500.751699999906123, 4475428.123099999502301 ], [ 446553.990899999625981, 4475329.472200001589954 ], [ 446599.650299999862909, 4475250.551400000229478 ], [ 446609.620199999772012, 4475230.341299998573959 ], [ 446692.649000000208616, 4475061.989699999801815 ], [ 446776.018099999986589, 4474924.448100001551211 ], [ 446844.277300000132527, 4474798.316800000146031 ], [ 446880.666899999603629, 4474731.096000000834465 ], [ 446944.506099999882281, 4474613.154699998907745 ], [ 447014.34530000021914, 4474486.903299999423325 ], [ 447023.535199999751057, 4474468.693199998699129 ], [ 447036.875, 4474445.812899999320507 ], [ 447047.544900000095367, 4474424.8427 ], [ 447052.5148, 4474414.5526 ], [ 447074.594499999657273, 4474365.122099999338388 ], [ 447160.403500000014901, 4474213.490499998442829 ], [ 447202.662999999709427, 4474132.9896 ], [ 447221.032800000160933, 4474099.509199999272823 ], [ 447238.912499999627471, 4474063.738900000229478 ], [ 447261.262199999764562, 4474022.608399999327958 ], [ 447283.021999999880791, 4473980.877999999560416 ], [ 447366.420699999667704, 4473791.796299999579787 ] ] ] } },
{ "type": "Feature", "properties": { "tau": -0.53230774402618408, "two_sided_pval": 0.00014995328092481941, "name": "Quintana", "classification": "negative trend with prob > 99%" }, "geometry": { "type": "Polygon", "coordinates": [ [ [ 445298.580900000408292, 4476199.620400001294911 ], [ 445256.711000000184868, 4476174.131000000983477 ], [ 445244.571000000461936, 4476166.741099999286234 ], [ 445178.92119999974966, 4476125.992000000551343 ], [ 445105.581299999728799, 4476078.572799999266863 ], [ 445063.131400000303984, 4476054.873500000685453 ], [ 445017.481599999591708, 4476032.464099999517202 ], [ 444981.541699999943376, 4476025.48450000025332 ], [ 444968.261800000444055, 4476023.134700000286102 ], [ 444841.262299999594688, 4476000.536399999633431 ], [ 444678.502999999560416, 4475971.198500000871718 ], [ 444663.442999999970198, 4475968.478700001724064 ], [ 444589.953300000168383, 4475956.099699999205768 ], [ 444515.353600000031292, 4475943.00069999974221 ], [ 444441.973899999575224, 4475930.831700000911951 ], [ 444411.424100000411272, 4475925.812100001610816 ], [ 444405.634200000204146, 4475959.1623 ], [ 444389.594600000418723, 4476051.472500000149012 ], [ 444369.235100000165403, 4476161.642999998293817 ], [ 444369.685100000351667, 4476163.94300000090152 ], [ 444376.225200000219047, 4476197.742799999192357 ], [ 444450.194799999706447, 4476189.501900000497699 ], [ 444580.474299999885261, 4476211.210100000724196 ], [ 444697.754099999554455, 4476286.25870000012219 ], [ 444801.003800000064075, 4476352.327299999073148 ], [ 444897.193599999882281, 4476411.8361 ], [ 445003.763399999588728, 4476477.774799999780953 ], [ 445164.533099999651313, 4476577.25269999820739 ], [ 445212.913499999791384, 4476726.542300000786781 ], [ 445325.963200000114739, 4476787.330799999646842 ], [ 445345.863199999497738, 4476798.030599999241531 ], [ 445435.162999999767635, 4476846.5894 ], [ 445452.422899999713991, 4476856.169200000353158 ], [ 445663.482499999925494, 4476973.366500000469387 ], [ 445728.542399999743793, 4477007.48579999897629 ], [ 445863.142199999594595, 4477078.114100000821054 ], [ 445933.101300000213087, 4476947.302899997681379 ], [ 445950.451100000180304, 4476914.892699999734759 ], [ 446011.170300000347197, 4476803.301699999719858 ], [ 446105.119099999719765, 4476630.710199999623001 ], [ 445887.299700000323355, 4476555.642999998293817 ], [ 445764.040000000095461, 4476492.514599999412894 ], [ 445723.980100000277162, 4476465.925099999643862 ], [ 445698.720099999627564, 4476449.935399999842048 ], [ 445610.940299999900162, 4476395.066499999724329 ], [ 445482.790500000119209, 4476314.9781 ], [ 445363.310800000093877, 4476240.309599999338388 ], [ 445298.580900000408292, 4476199.620400001294911 ] ] ] } },
{ "type": "Feature", "properties": { "tau": -0.53846156597137451, "two_sided_pval": 0.00012544690980575979, "name": "La Concepción", "classification": "negative trend with prob > 99%" }, "geometry": { "type": "Polygon", "coordinates": [ [ [ 445003.763399999588728, 4476477.774799999780953 ], [ 444897.193599999882281, 4476411.8361 ], [ 444801.003800000064075, 4476352.327299999073148 ], [ 444697.754099999554455, 4476286.25870000012219 ], [ 444580.474299999885261, 4476211.210100000724196 ], [ 444450.194799999706447, 4476189.501900000497699 ], [ 444376.225200000219047, 4476197.742799999192357 ], [ 444369.685100000351667, 4476163.94300000090152 ], [ 444369.235100000165403, 4476161.642999998293817 ], [ 444389.594600000418723, 4476051.472500000149012 ], [ 444405.634200000204146, 4475959.1623 ], [ 444411.424100000411272, 4475925.812100001610816 ], [ 444279.274600000120699, 4475904.123799999244511 ], [ 444266.024699999950826, 4475901.95409999974072 ], [ 444040.365600000135601, 4475864.916999998502433 ], [ 443949.845999999903142, 4475852.208299999125302 ], [ 444004.266699999629054, 4476131.217800000682473 ], [ 444019.676900000253227, 4476210.697699999436736 ], [ 444029.777099999599159, 4476262.027599998749793 ], [ 444036.777200000360608, 4476313.747599999420345 ], [ 444046.747399999701884, 4476386.7676 ], [ 444048.9375, 4476402.857599998824298 ], [ 444217.036600000225008, 4476375.185200000181794 ], [ 444328.185999999754131, 4476355.363700000569224 ], [ 444449.185800000093877, 4476446.642199999652803 ], [ 444488.495500000193715, 4476423.881699999794364 ], [ 444504.415599999949336, 4476477.8915 ], [ 444533.305900000035763, 4476575.951199999079108 ], [ 444545.865899999625981, 4476586.301000000908971 ], [ 444717.785500000230968, 4476694.028899998404086 ], [ 444778.645399999804795, 4476732.168100000359118 ], [ 444814.345300000160933, 4476754.537599999457598 ], [ 444837.08530000038445, 4476772.087400000542402 ], [ 444872.725200000277255, 4476799.586899999529123 ], [ 444876.025200000032783, 4476801.956899999640882 ], [ 444882.435200000181794, 4476806.5768 ], [ 444892.105299999937415, 4476841.976800000295043 ], [ 444922.675599999725819, 4476953.846400000154972 ], [ 445002.975700000242796, 4477067.565600000321865 ], [ 445068.165900000371039, 4477175.814799999818206 ], [ 445122.756199999712408, 4477260.844399999827147 ], [ 445311.467199999839067, 4477561.553000000305474 ], [ 445461.966099999845028, 4477467.490599998272955 ], [ 445685.724299999885261, 4477322.937199999578297 ], [ 445706.51410000026226, 4477305.106800000183284 ], [ 445724.333899999968708, 4477286.296499999240041 ], [ 445749.083599999547005, 4477258.576100000180304 ], [ 445771.863300000259187, 4477228.87569999974221 ], [ 445795.623100000433624, 4477199.165300000458956 ], [ 445810.472799999639392, 4477172.434999999590218 ], [ 445863.142199999594595, 4477078.114100000821054 ], [ 445728.542399999743793, 4477007.48579999897629 ], [ 445663.482499999925494, 4476973.366500000469387 ], [ 445452.422899999713991, 4476856.169200000353158 ], [ 445435.162999999767635, 4476846.5894 ], [ 445345.863199999497738, 4476798.030599999241531 ], [ 445325.963200000114739, 4476787.330799999646842 ], [ 445212.913499999791384, 4476726.542300000786781 ], [ 445164.533099999651313, 4476577.25269999820739 ], [ 445003.763399999588728, 4476477.774799999780953 ] ] ] } },
{ "type": "Feature", "properties": { "tau": -0.52615392208099365, "two_sided_pval": 0.00017891667084768414, "name": "San Pascual", "classification": "negative trend with prob > 99%" }, "geometry": { "type": "Polygon", "coordinates": [ [ [ 444504.415599999949336, 4476477.8915 ], [ 444488.495500000193715, 4476423.881699999794364 ], [ 444449.185800000093877, 4476446.642199999652803 ], [ 444328.185999999754131, 4476355.363700000569224 ], [ 444217.036600000225008, 4476375.185200000181794 ], [ 444048.9375, 4476402.857599998824298 ], [ 444056.877600000239909, 4476461.797499999403954 ], [ 444057.807599999941885, 4476468.667499999515712 ], [ 444075.178100000135601, 4476611.82740000076592 ], [ 444084.028300000354648, 4476684.747399999760091 ], [ 444085.458399999886751, 4476719.457399998791516 ], [ 444091.258799999952316, 4476859.247499999590218 ], [ 444090.768899999558926, 4476878.987500000745058 ], [ 444090.359000000171363, 4476895.417400000616908 ], [ 444085.539300000295043, 4476996.557700001634657 ], [ 444082.199500000104308, 4477040.667799999006093 ], [ 444071.509700000286102, 4477094.798000000417233 ], [ 444049.450100000016391, 4477168.29839999973774 ], [ 444018.710599999933038, 4477241.809100000187755 ], [ 443978.471199999563396, 4477315.579900000244379 ], [ 444300.340699999593198, 4477458.415999998338521 ], [ 444381.940600000321865, 4477494.634999999776483 ], [ 444637.940399999730289, 4477626.662099998444319 ], [ 445041.209999999962747, 4477845.697599998675287 ], [ 445097.64919999986887, 4477747.326500000432134 ], [ 445179.088299999944866, 4477648.94510000012815 ], [ 445311.467199999839067, 4477561.553000000305474 ], [ 445122.756199999712408, 4477260.844399999827147 ], [ 445068.165900000371039, 4477175.814799999818206 ], [ 445002.975700000242796, 4477067.565600000321865 ], [ 444922.675599999725819, 4476953.846400000154972 ], [ 444892.105299999937415, 4476841.976800000295043 ], [ 444882.435200000181794, 4476806.5768 ], [ 444876.025200000032783, 4476801.956899999640882 ], [ 444872.725200000277255, 4476799.586899999529123 ], [ 444837.08530000038445, 4476772.087400000542402 ], [ 444814.345300000160933, 4476754.537599999457598 ], [ 444778.645399999804795, 4476732.168100000359118 ], [ 444717.785500000230968, 4476694.028899998404086 ], [ 444545.865899999625981, 4476586.301000000908971 ], [ 444533.305900000035763, 4476575.951199999079108 ], [ 444504.415599999949336, 4476477.8915 ] ] ] } },
{ "type": "Feature", "properties": { "tau": -0.48307695984840393, "two_sided_pval": 0.00058498518774285913, "name": "San Juan Bautista", "classification": "negative trend with prob > 99%" }, "geometry": { "type": "Polygon", "coordinates": [ [ [ 444300.340699999593198, 4477458.415999998338521 ], [ 443978.471199999563396, 4477315.579900000244379 ], [ 443929.022099999710917, 4477434.120900000445545 ], [ 443905.752700000070035, 4477513.39149999897927 ], [ 443888.293100000417326, 4477580.301999999210238 ], [ 443872.293700000271201, 4477657.392499999143183 ], [ 443849.934299999848008, 4477745.653100001625717 ], [ 443838.644600000232458, 4477799.113399999216199 ], [ 443835.014700000174344, 4477816.273600000888109 ], [ 443815.125500000081956, 4477931.644299999810755 ], [ 443794.236399999819696, 4478067.914999998174608 ], [ 443789.706600000150502, 4478107.375199999660254 ], [ 443771.367600000463426, 4478266.835999999195337 ], [ 443977.937199999636505, 4478335.73340000025928 ], [ 444150.447100000514183, 4478437.481499998830259 ], [ 444341.697100000455976, 4478560.379400000907481 ], [ 444530.906999999715481, 4478678.147399998269975 ], [ 444643.215599999704864, 4478513.705299998633564 ], [ 444774.133899999782443, 4478319.712799998931587 ], [ 444876.742499999701977, 4478138.500800000503659 ], [ 444884.022400000190828, 4478134.140699999406934 ], [ 444889.442300000227988, 4478124.520600000396371 ], [ 444911.632000000216067, 4478085.020199999213219 ], [ 444911.691999999806285, 4478084.910199998877943 ], [ 444940.051599999889731, 4478034.429600001312792 ], [ 445041.209999999962747, 4477845.697599998675287 ], [ 444637.940399999730289, 4477626.662099998444319 ], [ 444381.940600000321865, 4477494.634999999776483 ], [ 444300.340699999593198, 4477458.415999998338521 ] ] ] } },
{ "type": "Feature", "properties": { "tau": -0.45230773091316223, "two_sided_pval": 0.0012905795592814684, "name": "Colina", "classification": "negative trend with prob > 99%" }, "geometry": { "type": "Polygon", "coordinates": [ [ [ 443977.937199999636505, 4478335.73340000025928 ], [ 443771.367600000463426, 4478266.835999999195337 ], [ 443757.668399999849498, 4478393.596599999815226 ], [ 443748.29899999970803, 4478480.327099999412894 ], [ 443716.8902000002563, 4478672.89820000063628 ], [ 443671.82149999961257, 4478864.099499999545515 ], [ 443630.852500000037253, 4479007.510600000619888 ], [ 443623.672600000165403, 4479030.410700000822544 ], [ 443655.742600000463426, 4479048.100400001741946 ], [ 443683.512600000016391, 4479064.430100000463426 ], [ 443719.452600000426173, 4479088.9397 ], [ 443751.302699999883771, 4479116.699400000274181 ], [ 443799.462799999862909, 4479168.56880000140518 ], [ 443727.873399999982212, 4479236.010099998675287 ], [ 443871.933799999824259, 4479399.7588 ], [ 444007.572599999606609, 4479273.956499999389052 ], [ 444015.532499999797437, 4479266.766399999149144 ], [ 444356.859400000423193, 4478958.400699999183416 ], [ 444359.669300000183284, 4478948.550599999725819 ], [ 444391.298899999819696, 4478899.369999999180436 ], [ 444426.308400000445545, 4478839.979299999773502 ], [ 444452.198099999688566, 4478799.918799999170005 ], [ 444530.906999999715481, 4478678.147399998269975 ], [ 444341.697100000455976, 4478560.379400000907481 ], [ 444150.447100000514183, 4478437.481499998830259 ], [ 443977.937199999636505, 4478335.73340000025928 ] ] ] } },
{ "type": "Feature", "properties": { "tau": -0.47692310810089111, "two_sided_pval": 0.00068779429420828819, "name": "Atalaya", "classification": "negative trend with prob > 99%" }, "geometry": { "type": "Polygon", "coordinates": [ [ [ 443871.933799999824259, 4479399.7588 ], [ 443727.873399999982212, 4479236.010099998675287 ], [ 443799.462799999862909, 4479168.56880000140518 ], [ 443751.302699999883771, 4479116.699400000274181 ], [ 443719.452600000426173, 4479088.9397 ], [ 443683.512600000016391, 4479064.430100000463426 ], [ 443655.742600000463426, 4479048.100400001741946 ], [ 443623.672600000165403, 4479030.410700000822544 ], [ 443392.106999999843538, 4479626.076000000350177 ], [ 443349.997800000011921, 4479735.056899999268353 ], [ 443335.138100000098348, 4479773.437300001271069 ], [ 443666.237200000323355, 4479838.753100000321865 ], [ 443755.986899999901652, 4479856.181900000199676 ], [ 443797.955599999986589, 4479655.370699999853969 ], [ 443834.764399999810848, 4479476.509500000625849 ], [ 443871.933799999824259, 4479399.7588 ] ] ] } },
{ "type": "Feature", "properties": { "tau": -0.51384621858596802, "two_sided_pval": 0.00025330268545076251, "name": "Costillares", "classification": "negative trend with prob > 99%" }, "geometry": { "type": "Polygon", "coordinates": [ [ [ 443666.237200000323355, 4479838.753100000321865 ], [ 443335.138100000098348, 4479773.437300001271069 ], [ 443109.271200000308454, 4480168.681700000539422 ], [ 443034.572200000286102, 4480299.393199999816716 ], [ 442930.043600000441074, 4480482.3152 ], [ 442903.804200000187848, 4480558.465800000354648 ], [ 442889.004499999806285, 4480601.426199999637902 ], [ 442861.095200000330806, 4480714.176999999210238 ], [ 442852.905399999581277, 4480747.677199999801815 ], [ 442849.285500000230968, 4480762.49730000179261 ], [ 442840.695899999700487, 4480821.537599998526275 ], [ 442838.046099999919534, 4480855.317800000309944 ], [ 442838.036100000143051, 4480855.457800000905991 ], [ 442836.396200000308454, 4480876.307900000363588 ], [ 442833.176599999889731, 4480942.8882 ], [ 442833.177000000141561, 4481007.308399999514222 ], [ 442836.34800000017276, 4481051.685099999420345 ], [ 442837.717299999669194, 4481070.848500000312924 ], [ 442840.697599999606609, 4481112.538699998520315 ], [ 442851.977900000289083, 4481183.39879999961704 ], [ 442854.928000000305474, 4481204.86879999935627 ], [ 442857.868200000375509, 4481226.348800000734627 ], [ 442865.828400000056718, 4481279.378900000825524 ], [ 442869.2845, 4481300.327199999243021 ], [ 442883.418999999761581, 4481385.99900000076741 ], [ 442898.549499999731779, 4481480.449199999682605 ], [ 442901.019500000402331, 4481495.869200000539422 ], [ 442904.114099999889731, 4481525.2122 ], [ 442907.029799999669194, 4481552.85939999949187 ], [ 442915.380300000251736, 4481631.969499998725951 ], [ 442921.300599999725819, 4481702.709699998609722 ], [ 443100.760099999606609, 4481709.8673 ], [ 443122.599999999627471, 4481711.046999999321997 ], [ 443192.039800000376999, 4481714.796099998988211 ], [ 443295.649400000460446, 4481713.564699999056756 ], [ 443451.088800000026822, 4481703.692600000649691 ], [ 443531.04839999973774, 4481690.901499998755753 ], [ 443543.598399999551475, 4481688.891299999319017 ], [ 443661.607800000347197, 4481665.199699999764562 ], [ 443663.967799999809358, 4481664.729600000195205 ], [ 443722.517500000074506, 4481652.968699999153614 ], [ 443745.907399999909103, 4481647.838499999605119 ], [ 444116.615600000135601, 4481566.573200000450015 ], [ 444096.195600000210106, 4481553.873400000855327 ], [ 443975.315600000321865, 4481478.614800000563264 ], [ 443960.495600000023842, 4481467.454899999313056 ], [ 443768.684899999760091, 4481228.576600001193583 ], [ 443644.184399999678135, 4481065.777699999511242 ], [ 443614.034199999645352, 4481020.31800000090152 ], [ 443588.404000000096858, 4480967.17820000089705 ], [ 443588.264000000490341, 4480966.8882 ], [ 443578.283900000154972, 4480930.788199999369681 ], [ 443575.353799999691546, 4480920.208200000226498 ], [ 443568.063699999824166, 4480891.258099999278784 ], [ 443569.923399999795947, 4480843.77800000179559 ], [ 443584.052699999883771, 4480730.707399999722838 ], [ 443593.472299999615643, 4480672.307000000961125 ], [ 443593.902300000190735, 4480670.256999999284744 ], [ 443594.682300000451505, 4480666.386900000274181 ], [ 443616.511599999852479, 4480559.416299999691546 ], [ 443658.560200000181794, 4480353.354999999515712 ], [ 443755.986899999901652, 4479856.181900000199676 ], [ 443666.237200000323355, 4479838.753100000321865 ] ] ] } },
{ "type": "Feature", "properties": { "tau": -0.52615392208099365, "two_sided_pval": 0.00017891667084768414, "name": "Palomas", "classification": "negative trend with prob > 99%" }, "geometry": { "type": "Polygon", "coordinates": [ [ [ 448640.062099999806378, 4478211.364700000733137 ], [ 448663.071899999864399, 4478186.984199999831617 ], [ 448664.865100000111852, 4478188.824800001457334 ], [ 448666.025000000372529, 4478188.017000001855195 ], [ 448677.942800000309944, 4478175.253900000825524 ], [ 448684.425099999643862, 4478167.977900001220405 ], [ 448693.024100000038743, 4478156.865299998782575 ], [ 448702.019899999722838, 4478144.959100000560284 ], [ 448709.296000000089407, 4478134.772600000724196 ], [ 448718.424100000411272, 4478120.881899998523295 ], [ 448726.758500000461936, 4478106.859000000171363 ], [ 448733.769999999552965, 4478094.026699999347329 ], [ 448738.995500000193715, 4478083.5011 ], [ 448742.554200000187848, 4478076.136900000274181 ], [ 448673.175200000405312, 4478017.960800000466406 ], [ 448593.775299999862909, 4477950.494100000709295 ], [ 448540.155299999751151, 4477905.321399999782443 ], [ 448530.131400000303984, 4477897.472300000488758 ], [ 448526.126299999654293, 4477894.32810000050813 ], [ 448463.760700000450015, 4477845.50129999872297 ], [ 448351.770200000144541, 4477848.107999998144805 ], [ 447867.541199999861419, 4477853.956000001169741 ], [ 447707.741499999538064, 4477853.758700001053512 ], [ 447430.872100000269711, 4477854.153300000354648 ], [ 447229.592400000430644, 4477854.456599999219179 ], [ 446892.303000000305474, 4477840.432100000791252 ], [ 446891.553100000135601, 4477847.652200000360608 ], [ 446864.484699999913573, 4478107.543599999509752 ], [ 446871.065100000239909, 4478158.913599998690188 ], [ 446882.925200000405312, 4478191.853599998168647 ], [ 446902.675400000065565, 4478222.1634 ], [ 446934.305499999783933, 4478252.462899998761714 ], [ 446960.655600000172853, 4478270.902599999681115 ], [ 447202.945899999700487, 4478385.018899998627603 ], [ 447226.434899999760091, 4478396.0784 ], [ 447306.095999999903142, 4478433.587499999441206 ], [ 447391.476099999621511, 4478473.786199999041855 ], [ 447417.816100000403821, 4478489.585799998603761 ], [ 447450.746199999935925, 4478513.315400000661612 ], [ 447472.796299999579787, 4478532.415100000798702 ], [ 447490.276399999856949, 4478547.574899999424815 ], [ 447532.436599999666214, 4478597.634399999864399 ], [ 447557.466799999587238, 4478637.154100000858307 ], [ 447560.956799999810755, 4478642.7741 ], [ 447598.317200000397861, 4478703.023700001649559 ], [ 447629.807400000281632, 4478754.0033 ], [ 447653.457600000314415, 4478792.263099999167025 ], [ 447948.165699999779463, 4478568.767399999313056 ], [ 448079.694799999706447, 4478471.614900000393391 ], [ 448363.863499999977648, 4478351.179799999110401 ], [ 448470.563099999912083, 4478313.147899999283254 ], [ 448562.472599999979138, 4478269.836200000718236 ], [ 448599.892400000244379, 4478244.70549999922514 ], [ 448640.062099999806378, 4478211.364700000733137 ] ] ] } },
{ "type": "Feature", "properties": { "tau": -0.54461544752120972, "two_sided_pval": 0.00010475188901182264, "name": "Piovera", "classification": "negative trend with prob > 99%" }, "geometry": { "type": "Polygon", "coordinates": [ [ [ 446617.252700000070035, 4479298.051700000651181 ], [ 447045.821800000034273, 4479288.062300000339746 ], [ 447145.406999999657273, 4479297.6107 ], [ 447201.840499999932945, 4479205.878799999132752 ], [ 447250.290500000119209, 4479135.500900000333786 ], [ 447305.750000000058208, 4479065.059800000861287 ], [ 447355.199599999934435, 4479015.598799999803305 ], [ 447412.159199999645352, 4478970.627699999138713 ], [ 447653.457600000314415, 4478792.263099999167025 ], [ 447629.807400000281632, 4478754.0033 ], [ 447598.317200000397861, 4478703.023700001649559 ], [ 447560.956799999810755, 4478642.7741 ], [ 447557.466799999587238, 4478637.154100000858307 ], [ 447532.436599999666214, 4478597.634399999864399 ], [ 447490.276399999856949, 4478547.574899999424815 ], [ 447472.796299999579787, 4478532.415100000798702 ], [ 447450.746199999935925, 4478513.315400000661612 ], [ 447417.816100000403821, 4478489.585799998603761 ], [ 447391.476099999621511, 4478473.786199999041855 ], [ 447306.095999999903142, 4478433.587499999441206 ], [ 447226.434899999760091, 4478396.0784 ], [ 447202.945899999700487, 4478385.018899998627603 ], [ 446960.655600000172853, 4478270.902599999681115 ], [ 446934.305499999783933, 4478252.462899998761714 ], [ 446902.675400000065565, 4478222.1634 ], [ 446882.925200000405312, 4478191.853599998168647 ], [ 446871.065100000239909, 4478158.913599998690188 ], [ 446864.484699999913573, 4478107.543599999509752 ], [ 446891.553100000135601, 4477847.652200000360608 ], [ 446892.303000000305474, 4477840.432100000791252 ], [ 446775.443199999630451, 4477837.254100000485778 ], [ 446712.143299999588635, 4477835.535099999047816 ], [ 446624.753600000403821, 4477832.256399999372661 ], [ 446519.654000000096858, 4477828.317800001241267 ], [ 446411.004300000146031, 4477813.9792 ], [ 446280.886099999770522, 4477788.185599998570979 ], [ 446204.864900000393391, 4477772.7007 ], [ 446144.3295, 4477760.0313 ], [ 446090.606100000441074, 4477750.605599999427795 ], [ 446060.330699999816716, 4477745.954300000332296 ], [ 446012.465599999763072, 4477741.731499998830259 ], [ 445957.092199999839067, 4477741.732200000435114 ], [ 445898.903199999593198, 4477745.956399999558926 ], [ 445743.256400000303984, 4477776.04039999935776 ], [ 445495.804100000299513, 4477829.4918 ], [ 445404.2972999997437, 4477850.140900000929832 ], [ 445299.181900000199676, 4477872.667199999094009 ], [ 445216.121799999848008, 4477885.807899999432266 ], [ 445162.156200000084937, 4477883.462299999780953 ], [ 445112.529900000430644, 4477871.096699999645352 ], [ 445065.959999999962747, 4477854.50730000063777 ], [ 445065.740000000223517, 4477854.427299999631941 ], [ 445041.209999999962747, 4477845.697599998675287 ], [ 444940.051599999889731, 4478034.429600001312792 ], [ 444911.691999999806285, 4478084.910199998877943 ], [ 444911.632000000216067, 4478085.020199999213219 ], [ 444889.442300000227988, 4478124.520600000396371 ], [ 444884.022400000190828, 4478134.140699999406934 ], [ 444876.742499999701977, 4478138.500800000503659 ], [ 444774.133899999782443, 4478319.712799998931587 ], [ 444643.215599999704864, 4478513.705299998633564 ], [ 444530.906999999715481, 4478678.147399998269975 ], [ 444556.29700000025332, 4478687.2171 ], [ 444581.536899999715388, 4478694.696799998171628 ], [ 444613.326799999922514, 4478698.4364 ], [ 444675.01659999974072, 4478702.175499999895692 ], [ 444955.4655, 4478699.371799999848008 ], [ 445083.525000000372529, 4478695.6201 ], [ 445354.623999999836087, 4478707.776399999856949 ], [ 445377.684000000357628, 4478732.966299998573959 ], [ 445394.414099999703467, 4478751.256099999882281 ], [ 445416.244199999666307, 4478789.455900001339614 ], [ 445460.584499999880791, 4478864.315600000321865 ], [ 445520.474800000025425, 4478954.505200000479817 ], [ 445560.184999999590218, 4479009.854799999855459 ], [ 445578.965099999681115, 4479036.254699999466538 ], [ 445595.175200000405312, 4479057.384500000625849 ], [ 445612.785199999809265, 4479075.714400000870228 ], [ 445769.225399999821093, 4479208.892699999734759 ], [ 445811.435499999672174, 4479246.622300000861287 ], [ 445832.755499999970198, 4479264.082099999301136 ], [ 445846.005499999970198, 4479272.481899999082088 ], [ 445872.245500000193715, 4479284.011600000783801 ], [ 445897.675400000065565, 4479292.791300000622869 ], [ 445918.905399999581277, 4479298.851099998690188 ], [ 445944.375300000421703, 4479304.310699999332428 ], [ 445971.665199999697506, 4479307.950399999506772 ], [ 446058.984899999573827, 4479307.339199999347329 ], [ 446131.754599999636412, 4479307.338099998421967 ], [ 446311.053899999707937, 4479304.015799999237061 ], [ 446617.252700000070035, 4479298.051700000651181 ] ] ] } },
{ "type": "Feature", "properties": { "tau": -0.52000004053115845, "two_sided_pval": 0.00021308124996721745, "name": "Canillas", "classification": "negative trend with prob > 99%" }, "geometry": { "type": "Polygon", "coordinates": [ [ [ 446005.339300000108778, 4479994.6524 ], [ 446244.5657000002102, 4479961.616000001318753 ], [ 446261.6546, 4479962.371900000609457 ], [ 446278.289900000207126, 4479965.698799999430776 ], [ 446290.237099999561906, 4479969.328199999406934 ], [ 446308.535899999551475, 4479976.284500000998378 ], [ 446322.297899999655783, 4479982.031099999323487 ], [ 446334.093799999915063, 4479985.206800000742078 ], [ 446340.218200000061188, 4479986.448499999009073 ], [ 446344.36670000012964, 4479996.057499998249114 ], [ 446490.011499999964144, 4479976.433299999684095 ], [ 446582.137000000104308, 4479963.864499999210238 ], [ 446640.787299999967217, 4479951.326999999582767 ], [ 446707.328300000168383, 4479933.783199998550117 ], [ 446764.504200000374112, 4479945.610400001518428 ], [ 446788.410600000061095, 4479906.491399998776615 ], [ 447145.406999999657273, 4479297.6107 ], [ 447045.821800000034273, 4479288.062300000339746 ], [ 446617.252700000070035, 4479298.051700000651181 ], [ 446311.053899999707937, 4479304.015799999237061 ], [ 446131.754599999636412, 4479307.338099998421967 ], [ 446058.984899999573827, 4479307.339199999347329 ], [ 445971.665199999697506, 4479307.950399999506772 ], [ 445944.375300000421703, 4479304.310699999332428 ], [ 445918.905399999581277, 4479298.851099998690188 ], [ 445897.675400000065565, 4479292.791300000622869 ], [ 445872.245500000193715, 4479284.011600000783801 ], [ 445846.005499999970198, 4479272.481899999082088 ], [ 445832.755499999970198, 4479264.082099999301136 ], [ 445811.435499999672174, 4479246.622300000861287 ], [ 445769.225399999821093, 4479208.892699999734759 ], [ 445612.785199999809265, 4479075.714400000870228 ], [ 445595.175200000405312, 4479057.384500000625849 ], [ 445578.965099999681115, 4479036.254699999466538 ], [ 445560.184999999590218, 4479009.854799999855459 ], [ 445520.474800000025425, 4478954.505200000479817 ], [ 445460.584499999880791, 4478864.315600000321865 ], [ 445416.244199999666307, 4478789.455900001339614 ], [ 445394.414099999703467, 4478751.256099999882281 ], [ 445377.684000000357628, 4478732.966299998573959 ], [ 445354.623999999836087, 4478707.776399999856949 ], [ 445083.525000000372529, 4478695.6201 ], [ 444955.4655, 4478699.371799999848008 ], [ 444675.01659999974072, 4478702.175499999895692 ], [ 444613.326799999922514, 4478698.4364 ], [ 444581.536899999715388, 4478694.696799998171628 ], [ 444556.29700000025332, 4478687.2171 ], [ 444530.906999999715481, 4478678.147399998269975 ], [ 444452.198099999688566, 4478799.918799999170005 ], [ 444426.308400000445545, 4478839.979299999773502 ], [ 444391.298899999819696, 4478899.369999999180436 ], [ 444359.669300000183284, 4478948.550599999725819 ], [ 444356.859400000423193, 4478958.400699999183416 ], [ 444015.532499999797437, 4479266.766399999149144 ], [ 444115.192800000309944, 4479379.495399999432266 ], [ 444115.192900000140071, 4479402.825500000268221 ], [ 444113.233, 4479420.3256 ], [ 444110.323099999688566, 4479434.905699999071658 ], [ 444102.543300000019372, 4479454.355900001712143 ], [ 444091.853500000201166, 4479481.576099998317659 ], [ 444084.073599999770522, 4479496.156300000846386 ], [ 444231.833999999798834, 4479657.534900000318885 ], [ 444253.213999999745283, 4479675.994599999859929 ], [ 444266.833999999798834, 4479685.714500001631677 ], [ 444301.833999999798834, 4479709.044099998660386 ], [ 444338.774000000208616, 4479730.433700000867248 ], [ 444373.993999999947846, 4479745.8832 ], [ 444408.403900000324938, 4479759.14289999846369 ], [ 444443.163800000213087, 4479769.182399999350309 ], [ 444487.253700000233948, 4479779.221899999305606 ], [ 444548.183500000275671, 4479787.101099999621511 ], [ 444658.893199999816716, 4479802.6096 ], [ 444694.753100000321865, 4479806.64919999986887 ], [ 444743.553000000305474, 4479814.1086 ], [ 444787.762799999618437, 4479820.997999999672174 ], [ 444825.072700000368059, 4479827.317499999888241 ], [ 444847.472699999809265, 4479833.057299999520183 ], [ 444880.202600000426173, 4479844.056800000369549 ], [ 445006.382399999594782, 4479886.755300000309944 ], [ 445254.99199999962002, 4479970.88230000063777 ], [ 445398.651700000278652, 4480019.670599999837577 ], [ 445533.011500000022352, 4480065.298899999819696 ], [ 445588.390999999828637, 4480015.308000000193715 ], [ 445845.71999999973923, 4480009.964500000700355 ], [ 445897.769799999950919, 4480008.883799999020994 ], [ 445918.419700000435114, 4480006.1535 ], [ 446005.339300000108778, 4479994.6524 ] ] ] } },
{ "type": "Feature", "properties": { "tau": -0.52000004053115845, "two_sided_pval": 0.00021308124996721745, "name": "Pinar del Rey", "classification": "negative trend with prob > 99%" }, "geometry": { "type": "Polygon", "coordinates": [ [ [ 446414.491700000187848, 4480392.508300000801682 ], [ 446549.90639999974519, 4480238.124399999156594 ], [ 446648.816599999612663, 4480113.859499999321997 ], [ 446705.320500000438187, 4480036.30320000089705 ], [ 446764.504200000374112, 4479945.610400001518428 ], [ 446707.328300000168383, 4479933.783199998550117 ], [ 446640.787299999967217, 4479951.326999999582767 ], [ 446582.137000000104308, 4479963.864499999210238 ], [ 446490.011499999964144, 4479976.433299999684095 ], [ 446344.36670000012964, 4479996.057499998249114 ], [ 446340.218200000061188, 4479986.448499999009073 ], [ 446334.093799999915063, 4479985.206800000742078 ], [ 446322.297899999655783, 4479982.031099999323487 ], [ 446308.535899999551475, 4479976.284500000998378 ], [ 446290.237099999561906, 4479969.328199999406934 ], [ 446278.289900000207126, 4479965.698799999430776 ], [ 446261.6546, 4479962.371900000609457 ], [ 446244.5657000002102, 4479961.616000001318753 ], [ 446005.339300000108778, 4479994.6524 ], [ 445918.419700000435114, 4480006.1535 ], [ 445897.769799999950919, 4480008.883799999020994 ], [ 445845.71999999973923, 4480009.964500000700355 ], [ 445588.390999999828637, 4480015.308000000193715 ], [ 445533.011500000022352, 4480065.298899999819696 ], [ 445398.651700000278652, 4480019.670599999837577 ], [ 445254.99199999962002, 4479970.88230000063777 ], [ 445006.382399999594782, 4479886.755300000309944 ], [ 444880.202600000426173, 4479844.056800000369549 ], [ 444847.472699999809265, 4479833.057299999520183 ], [ 444825.072700000368059, 4479827.317499999888241 ], [ 444787.762799999618437, 4479820.997999999672174 ], [ 444743.553000000305474, 4479814.1086 ], [ 444694.753100000321865, 4479806.64919999986887 ], [ 444658.893199999816716, 4479802.6096 ], [ 444548.183500000275671, 4479787.101099999621511 ], [ 444487.253700000233948, 4479779.221899999305606 ], [ 444443.163800000213087, 4479769.182399999350309 ], [ 444408.403900000324938, 4479759.14289999846369 ], [ 444373.993999999947846, 4479745.8832 ], [ 444338.774000000208616, 4479730.433700000867248 ], [ 444301.833999999798834, 4479709.044099998660386 ], [ 444266.833999999798834, 4479685.714500001631677 ], [ 444253.213999999745283, 4479675.994599999859929 ], [ 444231.833999999798834, 4479657.534900000318885 ], [ 444084.073599999770522, 4479496.156300000846386 ], [ 444091.853500000201166, 4479481.576099998317659 ], [ 444102.543300000019372, 4479454.355900001712143 ], [ 444110.323099999688566, 4479434.905699999071658 ], [ 444113.233, 4479420.3256 ], [ 444115.192900000140071, 4479402.825500000268221 ], [ 444115.192800000309944, 4479379.495399999432266 ], [ 444015.532499999797437, 4479266.766399999149144 ], [ 444007.572599999606609, 4479273.956499999389052 ], [ 443871.933799999824259, 4479399.7588 ], [ 443834.764399999810848, 4479476.509500000625849 ], [ 443797.955599999986589, 4479655.370699999853969 ], [ 443755.986899999901652, 4479856.181900000199676 ], [ 443802.366799999959767, 4479869.7714 ], [ 443838.346800000406802, 4479888.660999998450279 ], [ 443868.036799999885261, 4479909.360600000247359 ], [ 443938.576999999582767, 4479986.4199 ], [ 444179.517699999734759, 4480249.687600000761449 ], [ 444189.347599999979138, 4480246.6475 ], [ 444222.427500000223517, 4480243.677100001834333 ], [ 444242.997399999760091, 4480245.90669999923557 ], [ 444343.18819999974221, 4480440.516100000590086 ], [ 444360.968299999833107, 4480474.036000000312924 ], [ 444388.158599999733269, 4480531.7259 ], [ 444406.718799999973271, 4480580.135800000280142 ], [ 444429.259200000204146, 4480658.385800000280142 ], [ 444433.699199999682605, 4480671.015799999237061 ], [ 444442.529299999587238, 4480696.17579999845475 ], [ 444443.789300000295043, 4480698.735699999146163 ], [ 444467.069500000216067, 4480746.5756 ], [ 444535.980100000277162, 4480886.815099999308586 ], [ 444552.010200000368059, 4480909.345000000670552 ], [ 444590.07039999961853, 4480960.87470000050962 ], [ 444903.961699999927077, 4481375.011999999172986 ], [ 444905.831699999980628, 4481377.481999999843538 ], [ 445030.141099999658763, 4481345.180099998600781 ], [ 445179.422199999913573, 4481307.91330000013113 ], [ 445333.475599999539554, 4481268.919699999503791 ], [ 445416.809700000099838, 4481247.702600001357496 ], [ 445525.755699999630451, 4481219.986600000411272 ], [ 445585.019199999980628, 4481205.2209 ], [ 445634.510300000198185, 4481155.763800002634525 ], [ 445759.747700000181794, 4481036.571000000461936 ], [ 445925.793600000441074, 4480877.7566 ], [ 445976.365899999625981, 4480829.353399999439716 ], [ 446256.481900000013411, 4480564.341000000946224 ], [ 446414.491700000187848, 4480392.508300000801682 ] ] ] } },
{ "type": "Feature", "properties": { "tau": -0.52000004053115845, "two_sided_pval": 0.00021308124996721745, "name": "Apóstol Santiago", "classification": "negative trend with prob > 99%" }, "geometry": { "type": "Polygon", "coordinates": [ [ [ 444343.18819999974221, 4480440.516100000590086 ], [ 444242.997399999760091, 4480245.90669999923557 ], [ 444222.427500000223517, 4480243.677100001834333 ], [ 444189.347599999979138, 4480246.6475 ], [ 444179.517699999734759, 4480249.687600000761449 ], [ 443938.576999999582767, 4479986.4199 ], [ 443868.036799999885261, 4479909.360600000247359 ], [ 443838.346800000406802, 4479888.660999998450279 ], [ 443802.366799999959767, 4479869.7714 ], [ 443755.986899999901652, 4479856.181900000199676 ], [ 443658.560200000181794, 4480353.354999999515712 ], [ 443616.511599999852479, 4480559.416299999691546 ], [ 443594.682300000451505, 4480666.386900000274181 ], [ 443593.902300000190735, 4480670.256999999284744 ], [ 443593.472299999615643, 4480672.307000000961125 ], [ 443584.052699999883771, 4480730.707399999722838 ], [ 443569.923399999795947, 4480843.77800000179559 ], [ 443568.063699999824166, 4480891.258099999278784 ], [ 443575.353799999691546, 4480920.208200000226498 ], [ 443578.283900000154972, 4480930.788199999369681 ], [ 443588.264000000490341, 4480966.8882 ], [ 443588.404000000096858, 4480967.17820000089705 ], [ 443614.034199999645352, 4481020.31800000090152 ], [ 443644.184399999678135, 4481065.777699999511242 ], [ 443768.684899999760091, 4481228.576600001193583 ], [ 443960.495600000023842, 4481467.454899999313056 ], [ 443975.315600000321865, 4481478.614800000563264 ], [ 444096.195600000210106, 4481553.873400000855327 ], [ 444116.615600000135601, 4481566.573200000450015 ], [ 444243.665000000037253, 4481539.681399999186397 ], [ 444409.984199999831617, 4481498.869000000879169 ], [ 444465.683899999596179, 4481485.198199999518692 ], [ 444869.311900000087917, 4481386.162499998696148 ], [ 444905.831699999980628, 4481377.481999999843538 ], [ 444903.961699999927077, 4481375.011999999172986 ], [ 444590.07039999961853, 4480960.87470000050962 ], [ 444552.010200000368059, 4480909.345000000670552 ], [ 444535.980100000277162, 4480886.815099999308586 ], [ 444467.069500000216067, 4480746.5756 ], [ 444443.789300000295043, 4480698.735699999146163 ], [ 444442.529299999587238, 4480696.17579999845475 ], [ 444433.699199999682605, 4480671.015799999237061 ], [ 444429.259200000204146, 4480658.385800000280142 ], [ 444406.718799999973271, 4480580.135800000280142 ], [ 444388.158599999733269, 4480531.7259 ], [ 444360.968299999833107, 4480474.036000000312924 ], [ 444343.18819999974221, 4480440.516100000590086 ] ] ] } },
{ "type": "Feature", "properties": { "tau": -0.51384621858596802, "two_sided_pval": 0.00025330268545076251, "name": "Valdefuentes", "classification": "negative trend with prob > 99%" }, "geometry": { "type": "Polygon", "coordinates": [ [ [ 444730.474299999885261, 4484728.707499999552965 ], [ 444724.474100000283215, 4484693.687399999238551 ], [ 444733.866199999989476, 4484694.402899998240173 ], [ 444740.019000000320375, 4484694.65500000026077 ], [ 444745.553600000217557, 4484694.436899999156594 ], [ 444753.585500000044703, 4484693.848099999129772 ], [ 444763.722599999920931, 4484692.335099999792874 ], [ 444780.797199999913573, 4484688.584499999880791 ], [ 444789.171299999579787, 4484686.361999999731779 ], [ 444797.327100000344217, 4484684.933199999853969 ], [ 444859.457999999634922, 4484676.320999999530613 ], [ 444899.205099999846425, 4484670.963199998252094 ], [ 444943.55599999986589, 4484664.891000000759959 ], [ 444967.725700000301003, 4484661.557299999520183 ], [ 444998.265300000086427, 4484657.469399998895824 ], [ 445007.512500000186265, 4484656.080400000326335 ], [ 445013.44579999987036, 4484655.127900000661612 ], [ 445018.803600000275765, 4484654.01659999974072 ], [ 445026.582399999781046, 4484651.436899998225272 ], [ 445035.5121, 4484647.626900001429021 ], [ 445047.656499999575317, 4484641.435699999332428 ], [ 445062.221900000236928, 4484634.053800000809133 ], [ 445083.296000000089407, 4484622.980900000780821 ], [ 445092.344700000248849, 4484618.099400001578033 ], [ 445099.528199999593198, 4484613.654400000348687 ], [ 445105.044700000435114, 4484609.765000000596046 ], [ 445109.648500000184868, 4484606.113700001500547 ], [ 445115.800099999643862, 4484600.994 ], [ 445120.324500000104308, 4484596.271200000308454 ], [ 445123.499499999976251, 4484592.818399998359382 ], [ 445143.921900000423193, 4484569.201199999079108 ], [ 445172.671099999919534, 4484526.184299998916686 ], [ 445199.21200000034878, 4484491.32660000026226 ], [ 445215.665900000371039, 4484470.621600000187755 ], [ 445237.053700000105891, 4484444.168900000862777 ], [ 445248.107699999585748, 4484430.664300000295043 ], [ 445266.617899999953806, 4484407.826199999079108 ], [ 445274.074199999682605, 4484398.388599997386336 ], [ 445281.47829999960959, 4484389.83739999961108 ], [ 445287.839599999599159, 4484383.319700000807643 ], [ 445293.418700000271201, 4484378.470499999821186 ], [ 445301.396399999968708, 4484372.109200000762939 ], [ 445308.018400000466499, 4484367.364399998448789 ], [ 445353.120799999684095, 4484338.425799999386072 ], [ 445366.333599999547005, 4484329.358899998478591 ], [ 445368.926799999549985, 4484330.606799999251962 ], [ 445405.959400000050664, 4484348.426799999549985 ], [ 445408.697999999858439, 4484354.70409999974072 ], [ 445425.506799999624491, 4484348.277299999259412 ], [ 445448.74239999987185, 4484342.715600000694394 ], [ 445469.753299999923911, 4484338.513399998657405 ], [ 445483.843000000342727, 4484335.176300000399351 ], [ 445491.359400000423193, 4484334.106000000610948 ], [ 445500.619900000223424, 4484335.693499999120831 ], [ 445517.288599999621511, 4484342.3081 ], [ 445547.493700000457466, 4484353.221000001765788 ], [ 445565.043999999761581, 4484359.029899998567998 ], [ 445572.459599999710917, 4484361.130999999120831 ], [ 445578.539800000376999, 4484362.548800000920892 ], [ 445585.551300000399351, 4484363.739399999380112 ], [ 445591.90130000008503, 4484364.2686 ], [ 445598.383600000292063, 4484364.2686 ], [ 445604.974700000137091, 4484362.989099999889731 ], [ 445614.499800000397954, 4484361.401599999517202 ], [ 445628.083100000396371, 4484359.373799999244511 ], [ 445640.253999999724329, 4484358.183099999092519 ], [ 445652.996700000076089, 4484357.036000000312924 ], [ 445662.284500000125263, 4484355.488700000569224 ], [ 445668.517, 4484352.891799999400973 ], [ 445676.048000000417233, 4484349.5159 ], [ 445685.007299999706447, 4484346.010000000707805 ], [ 445683.35840000025928, 4484340.39299999922514 ], [ 445814.247899999900255, 4484325.941199999302626 ], [ 446314.696200000063982, 4484315.214400000870228 ], [ 446345.966000000014901, 4484296.553899999707937 ], [ 446347.454199999570847, 4484298.834099999628961 ], [ 446353.269700000062585, 4484298.031999998725951 ], [ 446355.214800000248943, 4484298.085999999195337 ], [ 446358.032200000248849, 4484298.164300000295043 ], [ 446365.175999999977648, 4484299.884100000374019 ], [ 446373.124099999666214, 4484303.241900000721216 ], [ 446378.859699999913573, 4484306.31459999922663 ], [ 446383.571100000292063, 4484309.796900000423193 ], [ 446388.896999999880791, 4484312.869600001722574 ], [ 446399.958499999716878, 4484320.448799999430776 ], [ 446415.526600000448525, 4484332.124799999408424 ], [ 446431.299599999561906, 4484342.981499998830259 ], [ 446444.204699999652803, 4484350.151000000536442 ], [ 446459.363099999725819, 4484358.344799999147654 ], [ 446480.852099999843631, 4484371.446200001053512 ], [ 446489.772099999710917, 4484375.924900000914931 ], [ 446499.512400000356138, 4484380.262999999336898 ], [ 446511.803000000247266, 4484383.950200000777841 ], [ 446524.503200000151992, 4484386.2034 ], [ 446540.890700000338256, 4484386.818 ], [ 446558.712100000120699, 4484386.613099999725819 ], [ 446578.377000000327826, 4484386.408299999311566 ], [ 446595.363900000229478, 4484386.27070000115782 ], [ 446606.235700000077486, 4484385.588900000788271 ], [ 446625.69579999987036, 4484383.950200000777841 ], [ 446649.662499999685679, 4484380.262999999336898 ], [ 446670.5565, 4484375.961300000548363 ], [ 446685.305200000351761, 4484373.503200001083314 ], [ 446696.36670000012964, 4484372.2741 ], [ 446715.007500000298023, 4484372.478900000452995 ], [ 446737.745099999941885, 4484374.937100000679493 ], [ 446751.264700000232551, 4484377.599999999627471 ], [ 446766.013399999588728, 4484381.492000000551343 ], [ 446782.027800000272691, 4484388.519699999131262 ], [ 446810.602900000289083, 4484403.997799999080598 ], [ 446826.85190000012517, 4484415.496000000275671 ], [ 446839.552099999971688, 4484422.460699999704957 ], [ 446862.328999999910593, 4484433.4989 ], [ 446887.596800000406802, 4484447.654199999757111 ], [ 446902.439000000245869, 4484456.259800000116229 ], [ 446921.694299999624491, 4484465.682600001804531 ], [ 446940.334999999962747, 4484473.261799999512732 ], [ 446955.903099999704864, 4484479.202299998141825 ], [ 446967.3136, 4484484.142199999652803 ], [ 446979.591900000348687, 4484485.650000000372529 ], [ 446987.777400000020862, 4484485.865499999374151 ], [ 446995.531999999657273, 4484486.296299999579787 ], [ 447006.948699999600649, 4484488.019500000402331 ], [ 447020.088499999605119, 4484491.466099998913705 ], [ 447027.8432, 4484492.543099999427795 ], [ 447034.305399999953806, 4484493.8355 ], [ 447039.690600000321865, 4484493.8355 ], [ 447046.443799999542534, 4484491.492900000885129 ], [ 447058.119900000281632, 4484487.396000000648201 ], [ 447068.037299999967217, 4484483.976599999703467 ], [ 447081.674999999813735, 4484483.78449999820441 ], [ 447097.617700000293553, 4484480.519099999219179 ], [ 447113.368300000263844, 4484474.756699998863041 ], [ 447132.000099999830127, 4484465.536799999885261 ], [ 447153.705299999564886, 4484453.819899998605251 ], [ 447169.55460000038147, 4484447.861300000920892 ], [ 447179.444100000022445, 4484445.3684 ], [ 447190.96889999974519, 4484443.831700000911951 ], [ 447206.631199999712408, 4484444.583799998275936 ], [ 447223.633200000098441, 4484447.2467 ], [ 447240.225499999709427, 4484454.0066 ], [ 447261.324400000332389, 4484463.22450000140816 ], [ 447278.121500000357628, 4484473.466699999757111 ], [ 447290.00239999970654, 4484483.708799998275936 ], [ 447303.72690000012517, 4484498.867200000211596 ], [ 447315.607800000347197, 4484515.049799999222159 ], [ 447332.6097999997437, 4484533.280899999663234 ], [ 447343.671400000341237, 4484545.161800000816584 ], [ 447354.937800000421703, 4484554.379699998535216 ], [ 447367.02350000012666, 4484562.5735 ], [ 447381.977099999785423, 4484567.284899999387562 ], [ 447402.387799999676645, 4484570.348000000230968 ], [ 447444.822999999858439, 4484576.077600000426173 ], [ 447470.674200000241399, 4484578.960899999365211 ], [ 447491.376299999654293, 4484579.300499998964369 ], [ 447508.160500000230968, 4484578.756099999882281 ], [ 447529.514200000092387, 4484575.182399999350309 ], [ 447553.021200000308454, 4484569.947799999266863 ], [ 447567.974700000078883, 4484566.260699999518692 ], [ 447581.494400000199676, 4484562.983200000599027 ], [ 447594.809200000017881, 4484560.524999999441206 ], [ 447608.943400000222027, 4484559.500800000503659 ], [ 447624.306599999777973, 4484561.754099999554455 ], [ 447635.982699999585748, 4484565.851000001654029 ], [ 447646.519899999781046, 4484570.598799998871982 ], [ 447658.029299999587238, 4484578.271800000220537 ], [ 447672.97829999960959, 4484586.738399999216199 ], [ 447702.35190000012517, 4484603.337299999780953 ], [ 447737.584900000074413, 4484615.627900000661612 ], [ 447768.528800000494812, 4484629.026400001719594 ], [ 447801.469499999715481, 4484639.87430000025779 ], [ 447817.079900000244379, 4484644.769100000150502 ], [ 447831.764299999922514, 4484649.79619999974966 ], [ 447849.359100000059698, 4484652.838900000788271 ], [ 447865.498800000175834, 4484654.558700000867248 ], [ 447877.287999999709427, 4484656.391699999570847 ], [ 447888.91440000012517, 4484654.9556 ], [ 447899.615899999625981, 4484651.680299998261034 ], [ 447910.06290000025183, 4484646.76410000026226 ], [ 447925.426199999637902, 4484640.61879999935627 ], [ 447938.94579999987036, 4484635.2928 ], [ 447949.370500000193715, 4484630.876000000163913 ], [ 447954.663499999791384, 4484628.364900000393391 ], [ 447958.367700000293553, 4484625.851399998180568 ], [ 447960.352099999785423, 4484623.999299998395145 ], [ 447962.646599999628961, 4484621.320900001563132 ], [ 447962.951200000010431, 4484616.572399999015033 ], [ 447959.634999999776483, 4484596.577500000596046 ], [ 447959.225300000049174, 4484588.178899999707937 ], [ 447960.864099999889731, 4484579.370599999092519 ], [ 447963.117300000041723, 4484571.791400000452995 ], [ 447965.985200000053737, 4484566.260699999518692 ], [ 447968.853000000061002, 4484560.934699998237193 ], [ 447972.745000000111759, 4484555.608799998648465 ], [ 447980.119300000369549, 4484546.59569999948144 ], [ 447987.903400000184774, 4484538.811699999496341 ], [ 448003.26659999974072, 4484524.267799999564886 ], [ 448015.671400000341237, 4484513.053300000727177 ], [ 448028.764399999752641, 4484500.627299998886883 ], [ 448041.314699999988079, 4484491.575099999085069 ], [ 448055.734600000083447, 4484479.933399999514222 ], [ 448068.434600000269711, 4484471.202099999412894 ], [ 448078.356499999761581, 4484465.513599999248981 ], [ 448094.309600000269711, 4484456.526499998755753 ], [ 448106.272400000190828, 4484449.906300000846386 ], [ 448116.376899999566376, 4484445.608999999240041 ], [ 448128.223600000143051, 4484441.7763 ], [ 448142.185100000351667, 4484438.317199999466538 ], [ 448164.859400000423193, 4484432.384999999776483 ], [ 448175.42090000025928, 4484430.812000000849366 ], [ 448189.558000000193715, 4484428.3728 ], [ 448196.190100000298116, 4484427.724499999545515 ], [ 448201.388000000268221, 4484427.810399999842048 ], [ 448209.028599999845028, 4484427.5225 ], [ 448217.225700000301003, 4484424.3832 ], [ 448227.765399999974761, 4484416.992700000293553 ], [ 448233.402599999681115, 4484411.538499997928739 ], [ 448248.784400000236928, 4484397.341800001449883 ], [ 448264.144399999640882, 4484378.18849999923259 ], [ 448281.929700000211596, 4484356.547600000165403 ], [ 448296.356900000013411, 4484339.75730000063777 ], [ 448308.918499999679625, 4484322.220799998380244 ], [ 448324.900399999693036, 4484301.948100000619888 ], [ 448352.511099999770522, 4484272.596100001595914 ], [ 448370.918200000189245, 4484253.567099998705089 ], [ 448391.812800000421703, 4484235.781899999827147 ], [ 448418.739500000141561, 4484211.280399999581277 ], [ 448442.121600000187755, 4484191.629599998705089 ], [ 448466.560800000093877, 4484172.351800000295043 ], [ 448484.967899999581277, 4484159.168299999088049 ], [ 448502.131299999542534, 4484147.974800001829863 ], [ 448525.326799999864306, 4484134.045099999755621 ], [ 448559.156200000084937, 4484117.379100000485778 ], [ 448574.453999999910593, 4484109.04619999974966 ], [ 448588.756799999624491, 4484097.852600000798702 ], [ 448602.643899999558926, 4484084.973799998871982 ], [ 448612.108099999837577, 4484074.812300000339746 ], [ 448619.878600000462029, 4484065.248500000685453 ], [ 448627.051500000059605, 4484054.788100001402199 ], [ 448632.247700000181794, 4484047.349600000306964 ], [ 448635.64850000012666, 4484041.489700000733137 ], [ 448635.931900000199676, 4484040.775999999605119 ], [ 448639.703599999658763, 4484020.219000001437962 ], [ 448645.083200000226498, 4483990.929999998770654 ], [ 448648.4704, 4483964.828799999319017 ], [ 448651.259800000116229, 4483945.402399999089539 ], [ 448653.551099999807775, 4483929.064300000667572 ], [ 448657.237099999561906, 4483909.637900000438094 ], [ 448660.425099999643862, 4483897.583599999547005 ], [ 448666.402400000020862, 4483886.625099999830127 ], [ 448673.674899999983609, 4483875.865799999795854 ], [ 448682.165599999949336, 4483863.649599999189377 ], [ 448683.43790000025183, 4483861.818999999202788 ], [ 448688.705500000156462, 4483854.320399998687208 ], [ 448691.905799999833107, 4483849.764699998311698 ], [ 448703.561700000427663, 4483832.629599999636412 ], [ 448716.811499999836087, 4483817.088500000536442 ], [ 448741.816800000204239, 4483791.286199999041855 ], [ 448755.664300000295043, 4483776.541999999433756 ], [ 448768.366200000047684, 4483766.906899998895824 ], [ 448767.451100000180304, 4483765.842199999839067 ], [ 448877.098299999721348, 4483625.191799999214709 ], [ 448890.958700000308454, 4483614.552300001494586 ], [ 448923.07799999974668, 4483589.910899999551475 ], [ 448923.097599999979138, 4483589.895899999886751 ], [ 448920.187199999578297, 4483577.347100001759827 ], [ 448955.88329999987036, 4483570.776200000196695 ], [ 448962.207799999974668, 4483569.740199999883771 ], [ 448965.307799999602139, 4483569.240099999122322 ], [ 448966.607800000347197, 4483569.240100000984967 ], [ 448967.607800000347197, 4483569.340100000612438 ], [ 448968.70779999991646, 4483569.540100001730025 ], [ 448969.707799999974668, 4483569.940100000239909 ], [ 448970.507799999788404, 4483570.340100000612438 ], [ 448971.207799999974668, 4483570.740099999122322 ], [ 448971.707799999974668, 4483571.140100000426173 ], [ 448972.307799999602139, 4483571.940099998377264 ], [ 448973.007799999788404, 4483572.939999998547137 ], [ 448973.307799999602139, 4483573.53999999910593 ], [ 448974.807900000421796, 4483578.940000000409782 ], [ 448975.607900000177324, 4483582.339999999850988 ], [ 448976.707899999804795, 4483585.240000000223517 ], [ 448978.307900000363588, 4483588.140000000596046 ], [ 448979.407999999821186, 4483589.739999999292195 ], [ 448981.407999999821186, 4483591.639999999664724 ], [ 448983.00800000037998, 4483592.639999999664724 ], [ 448984.50800000037998, 4483593.340000000782311 ], [ 448986.407999999879394, 4483593.93989999871701 ], [ 448988.508000000438187, 4483594.239899999462068 ], [ 448990.808000000193715, 4483593.939899999648333 ], [ 448995.907999999821186, 4483592.539799999445677 ], [ 448999.570899999700487, 4483591.294399999082088 ], [ 448997.019500000402331, 4483472.160900000482798 ], [ 448995.908300000242889, 4483357.860700001008809 ], [ 448996.159300000406802, 4483284.694399998523295 ], [ 448997.019500000402331, 4483228.796700000762939 ], [ 448997.971900000236928, 4483185.775299999862909 ], [ 448999.241899999848101, 4483137.197700000368059 ], [ 449000.988300000317395, 4483081.793900000862777 ], [ 449002.575699999928474, 4483027.50129999872297 ], [ 449004.16330000013113, 4482976.70130000077188 ], [ 449004.71889999974519, 4482898.262700001709163 ], [ 449005.231100000441074, 4482868.89750000089407 ], [ 449005.909500000067055, 4482830.000099999830127 ], [ 449004.718899999803398, 4482762.531099999323487 ], [ 449004.189699999988079, 4482727.209300000220537 ], [ 449004.146499999798834, 4482710.416299999691546 ], [ 449004.099799999967217, 4482692.325799999758601 ], [ 449002.866899999848101, 4482638.309100000187755 ], [ 448998.633500000461936, 4482513.160899999551475 ], [ 448997.2972999997437, 4482466.1443000016734 ], [ 448997.13150000013411, 4482460.508300000801682 ], [ 448995.868499999924097, 4482417.566699999384582 ], [ 448995.074900000356138, 4482384.229100000113249 ], [ 448994.43989999970654, 4482361.210300001315773 ], [ 448993.963499999605119, 4482336.12769999820739 ], [ 448993.804700000211596, 4482310.251499999314547 ], [ 448994.093100000172853, 4482298.851099998690188 ], [ 448993.646099999547005, 4482288.820099999196827 ], [ 448993.804700000269804, 4482269.611500001512468 ], [ 448993.804700000211596, 4482242.147699999623001 ], [ 448994.439899999648333, 4482201.0313 ], [ 448996.662300000025425, 4482088.159700000658631 ], [ 449000.0247, 4482027.040899998508394 ], [ 449002.009100000374019, 4481947.996500000357628 ], [ 449002.009100000374019, 4481893.756899999454618 ], [ 449002.6705, 4481814.050899999216199 ], [ 449003.172100000025239, 4481765.578099998645484 ], [ 448769.946999999694526, 4481766.5691 ], [ 448169.927299999631941, 4481766.724099999293685 ], [ 447886.370799999684095, 4481766.797299998812377 ], [ 447831.026999999769032, 4481766.811599999666214 ], [ 447751.39130000025034, 4481660.281300001777709 ], [ 447739.405600000172853, 4481646.6288 ], [ 447727.737499999813735, 4481634.56379999872297 ], [ 447715.83119999995688, 4481620.5938 ], [ 447651.61670000012964, 4481533.135599999688566 ], [ 447603.568699999712408, 4481470.057799999602139 ], [ 446956.577399999834597, 4481469.816199999302626 ], [ 446971.301500000059605, 4481396.98509999923408 ], [ 446960.189000000245869, 4480914.384299998171628 ], [ 446959.800900000205729, 4480897.089300000108778 ], [ 446958.530899999663234, 4480885.870899999514222 ], [ 446947.974700000137091, 4480842.123899999074638 ], [ 446955.979299999773502, 4480833.113900000229478 ], [ 446961.932300000451505, 4480825.441099998541176 ], [ 446964.445899999700487, 4480815.519099999219179 ], [ 446962.064700000046287, 4480805.4649 ], [ 446956.11149999970803, 4480797.527499999850988 ], [ 446945.549100000353064, 4480788.402899999171495 ], [ 446953.662499999627471, 4480727.755499999038875 ], [ 446953.662499999627471, 4480717.383899999782443 ], [ 446953.806699999666307, 4480705.659499999135733 ], [ 446954.085900000296533, 4480695.7939 ], [ 446955.779299999587238, 4480687.115499999374151 ], [ 446960.647499999962747, 4480676.955399999395013 ], [ 446967.8443, 4480668.488700000569224 ], [ 446979.909300000406802, 4480658.328700000420213 ], [ 446990.069299999624491, 4480649.438699999824166 ], [ 446992.16330000013113, 4480637.819299999624491 ], [ 446992.16330000013113, 4480633.480100001208484 ], [ 446994.279900000430644, 4480628.294299999251962 ], [ 446998.724899999797344, 4480623.00269999820739 ], [ 447002.111700000299606, 4480620.991800001822412 ], [ 447007.972099999897182, 4480618.8355 ], [ 447011.659300000406802, 4480615.572099999524653 ], [ 447029.439399999566376, 4480532.810099999420345 ], [ 447034.731100000441074, 4480514.395099999383092 ], [ 447042.351099999621511, 4480490.476700000464916 ], [ 447045.737700000405312, 4480485.396699999459088 ], [ 447052.934500000439584, 4480477.988299999386072 ], [ 447055.649299999698997, 4480472.409900001250207 ], [ 447054.723299999779556, 4480463.281899999827147 ], [ 447056.310700000263751, 4480454.021499999798834 ], [ 447060.411799999885261, 4480446.480699999257922 ], [ 447066.629499999806285, 4480440.792300001718104 ], [ 447073.640999999828637, 4480438.278699999675155 ], [ 447081.509499999694526, 4480433.749899999238551 ], [ 447093.925499999895692, 4480392.570900000631809 ], [ 447105.004499999806285, 4480355.856499998830259 ], [ 447116.543300000019372, 4480313.30250000115484 ], [ 447097.807900000363588, 4480284.101300000213087 ], [ 447092.251699999906123, 4480275.489100000821054 ], [ 447085.478299999667797, 4480264.905799998901784 ], [ 447079.551500000059605, 4480253.264099999330938 ], [ 447072.143299999646842, 4480237.389099999330938 ], [ 447066.639899999834597, 4480222.995700000785291 ], [ 447060.924900000041816, 4480206.4857 ], [ 447056.479899999743793, 4480192.092299999669194 ], [ 447053.0932, 4480178.5456000007689 ], [ 447049.843299999833107, 4480165.226899999193847 ], [ 447047.589900000020862, 4480149.970500000752509 ], [ 447045.896499999740627, 4480137.905499999411404 ], [ 447045.261500000022352, 4480129.227099999785423 ], [ 447044.626500000245869, 4480116.7389000011608 ], [ 447044.203099999576807, 4480102.980499999597669 ], [ 447044.414900000207126, 4480091.12709999922663 ], [ 447044.83810000034282, 4480078.215399999171495 ], [ 447046.743200000433717, 4480061.705299998633564 ], [ 447048.64809999987483, 4480048.370300001464784 ], [ 447051.611499999649823, 4480032.071999999694526 ], [ 447055.04590000025928, 4480018.302200000733137 ], [ 447059.019799999892712, 4480003.92020000051707 ], [ 447065.766099999658763, 4479968.206900000572205 ], [ 446764.504200000374112, 4479945.610400001518428 ], [ 446705.320500000438187, 4480036.30320000089705 ], [ 446648.816599999612663, 4480113.859499999321997 ], [ 446549.90639999974519, 4480238.124399999156594 ], [ 446414.491700000187848, 4480392.508300000801682 ], [ 446256.481900000013411, 4480564.341000000946224 ], [ 445976.365899999625981, 4480829.353399999439716 ], [ 445925.793600000441074, 4480877.7566 ], [ 445759.747700000181794, 4481036.571000000461936 ], [ 445634.510300000198185, 4481155.763800002634525 ], [ 445585.019199999980628, 4481205.2209 ], [ 445525.755699999630451, 4481219.986600000411272 ], [ 445416.809700000099838, 4481247.702600001357496 ], [ 445333.475599999539554, 4481268.919699999503791 ], [ 445179.422199999913573, 4481307.91330000013113 ], [ 445030.141099999658763, 4481345.180099998600781 ], [ 444905.831699999980628, 4481377.481999999843538 ], [ 444869.311900000087917, 4481386.162499998696148 ], [ 444465.683899999596179, 4481485.198199999518692 ], [ 444409.984199999831617, 4481498.869000000879169 ], [ 444243.665000000037253, 4481539.681399999186397 ], [ 444116.615600000135601, 4481566.573200000450015 ], [ 443745.907399999909103, 4481647.838499999605119 ], [ 443722.517500000074506, 4481652.968699999153614 ], [ 443663.967799999809358, 4481664.729600000195205 ], [ 443661.607800000347197, 4481665.199699999764562 ], [ 443543.598399999551475, 4481688.891299999319017 ], [ 443531.04839999973774, 4481690.901499998755753 ], [ 443451.088800000026822, 4481703.692600000649691 ], [ 443295.649400000460446, 4481713.564699999056756 ], [ 443192.039800000376999, 4481714.796099998988211 ], [ 443122.599999999627471, 4481711.046999999321997 ], [ 443100.760099999606609, 4481709.8673 ], [ 442921.300599999725819, 4481702.709699998609722 ], [ 442925.3909, 4481757.6699 ], [ 442931.47140000021318, 4481835.2801 ], [ 442934.011599999852479, 4481874.700200000777841 ], [ 442944.022300000302494, 4482000.250499999150634 ], [ 442948.8125, 4482051.890599999576807 ], [ 442951.492700000293553, 4482076.0006 ], [ 442958.372999999672174, 4482133.720800000242889 ], [ 442965.5932, 4482181.760800000280142 ], [ 442973.463499999605119, 4482225.050900000147521 ], [ 442978.383600000292063, 4482250.950899999588728 ], [ 442982.043700000271201, 4482266.280899998731911 ], [ 442989.693799999542534, 4482297.520900000818074 ], [ 442999.043999999761581, 4482332.120899999514222 ], [ 443010.844200000108685, 4482369.660899999551475 ], [ 443020.8443, 4482397.210899998433888 ], [ 443031.994400000199676, 4482425.740800001658499 ], [ 443041.834499999880791, 4482448.870799999684095 ], [ 443054.464599999599159, 4482475.260700000450015 ], [ 443067.744699999690056, 4482500.180600000545382 ], [ 443082.664800000376999, 4482525.580500000156462 ], [ 443099.064899999648333, 4482551.670400000177324 ], [ 443121.035000000149012, 4482582.6502 ], [ 443137.92509999970207, 4482605.120000000111759 ], [ 443166.615199999883771, 4482639.059800000861287 ], [ 443181.695199999958277, 4482655.609600001014769 ], [ 443205.805300000181887, 4482681.699400001205504 ], [ 443220.55530000012368, 4482696.449300000444055 ], [ 443286.635499999858439, 4482764.658600000664592 ], [ 443347.045599999837577, 4482825.667999999597669 ], [ 443402.205799999646842, 4482881.47749999910593 ], [ 443428.905799999833107, 4482908.697200000286102 ], [ 443468.665900000312831, 4482949.196799998171628 ], [ 443479.566499999724329, 4482960.426300001330674 ], [ 443521.136099999770522, 4483003.246300000697374 ], [ 443562.936200000345707, 4483046.4958999985829 ], [ 443660.866499999538064, 4483148.715000000782311 ], [ 443724.786600000225008, 4483216.914300001226366 ], [ 443780.426799999549985, 4483276.2138 ], [ 443829.866999999561813, 4483331.063300000503659 ], [ 443882.8273, 4483395.6129 ], [ 443924.777499999850988, 4483453.952599999494851 ], [ 443946.55769999983022, 4483485.27250000089407 ], [ 443984.718000000342727, 4483542.032199999317527 ], [ 444041.549200000241399, 4483627.831599998287857 ], [ 444072.78870000038296, 4483676.21159999910742 ], [ 444113.489000000059605, 4483739.801400000229478 ], [ 444145.269299999810755, 4483792.61119999922812 ], [ 444153.249400000087917, 4483806.701099998317659 ], [ 444168.629499999806285, 4483834.981000000610948 ], [ 444177.779699999839067, 4483853.290999998338521 ], [ 444185.759800000116229, 4483870.781000000424683 ], [ 444193.859899999573827, 4483890.261 ], [ 444201.019999999552965, 4483908.690900000743568 ], [ 444209.240100000053644, 4483931.340900000184774 ], [ 444215.340300000272691, 4483951.290899998508394 ], [ 444220.9704, 4483974.061000000685453 ], [ 444229.060700000263751, 4484013.021000000648201 ], [ 444232.940899999812245, 4484041.891099999658763 ], [ 444235.641099999658763, 4484072.541200001724064 ], [ 444236.701299999840558, 4484109.381400000303984 ], [ 444236.461600000038743, 4484149.421499999240041 ], [ 444235.642, 4484193.641699999570847 ], [ 444233.772300000302494, 4484238.711999998427927 ], [ 444232.012600000016391, 4484284.012199998833239 ], [ 444231.072800000198185, 4484303.262299999594688 ], [ 444230.13300000037998, 4484324.622400001622736 ], [ 444228.843100000172853, 4484350.5625 ], [ 444227.923299999907613, 4484371.562599998898804 ], [ 444227.173499999626074, 4484393.632800000719726 ], [ 444226.613599999807775, 4484415.3429000005126 ], [ 444226.613800000399351, 4484435.183000000193715 ], [ 444226.253999999724329, 4484460.013099999167025 ], [ 444226.664099999703467, 4484475.793099998496473 ], [ 444227.234199999831617, 4484497.05320000089705 ], [ 444227.414300000295043, 4484503.723199999891222 ], [ 444227.644299999810755, 4484512.333299999125302 ], [ 444228.9545, 4484528.033299998380244 ], [ 444230.424599999561906, 4484545.853399999439716 ], [ 444232.544700000435114, 4484563.923399998806417 ], [ 444234.924800000153482, 4484583.463499999605119 ], [ 444238.674999999813735, 4484606.433599998243153 ], [ 444241.705099999904633, 4484622.213599999435246 ], [ 444247.515300000086427, 4484647.963599999435246 ], [ 444252.985399999655783, 4484668.9836 ], [ 444257.975499999709427, 4484685.663699999451637 ], [ 444265.495699999912176, 4484709.043700000271201 ], [ 444275.395800000114832, 4484735.363600000739098 ], [ 444287.286000000312924, 4484763.113600000739098 ], [ 444287.334300000220537, 4484763.24100000038743 ], [ 444410.816700000315905, 4484915.3026 ], [ 444549.246000000275671, 4484879.930600001476705 ], [ 444730.474299999885261, 4484728.707499999552965 ] ] ] } },
{ "type": "Feature", "properties": { "tau": -0.47692310810089111, "two_sided_pval": 0.00068779429420828819, "name": "San Cristóbal", "classification": "negative trend with prob > 99%" }, "geometry": { "type": "Polygon", "coordinates": [ [ [ 441017.488599999807775, 4466354.37459999974817 ], [ 441050.818400000280235, 4466351.824199999682605 ], [ 441111.738099999725819, 4466368.463700000196695 ], [ 441147.728000000119209, 4466374.48340000025928 ], [ 441148.797100000083447, 4466294.083100000396371 ], [ 441150.065899999812245, 4466191.132799999788404 ], [ 441156.763100000098348, 4465934.451899999752641 ], [ 441160.780299999751151, 4465680.021099999547005 ], [ 441165.606200000271201, 4465318.229999999515712 ], [ 441171.807599999883678, 4464918.506799999624491 ], [ 441173.2648, 4464792.262900000438094 ], [ 441174.408400000073016, 4464712.406999999657273 ], [ 441177.380300000309944, 4464519.338700000196695 ], [ 441183.250300000479911, 4464151.837600000202656 ], [ 441185.346099999733269, 4463961.794199998490512 ], [ 441186.184200000017881, 4463856.913699999451637 ], [ 441181.148699999786913, 4463712.598300000652671 ], [ 441183.237499999871943, 4463570.085799998603761 ], [ 441182.610600000247359, 4463570.002199999056756 ], [ 441178.707600000314415, 4463568.552500000223517 ], [ 441175.473699999973178, 4463566.210699999704957 ], [ 441169.340400000102818, 4463559.631399999372661 ], [ 441159.192599999718368, 4463549.260600000619888 ], [ 441139.89879999961704, 4463531.348599998280406 ], [ 441121.009399999864399, 4463517.61600000038743 ], [ 440855.873200000321958, 4463753.719100000336766 ], [ 440561.705099999904633, 4463770.3918999992311 ], [ 440264.19680000009248, 4463747.704599999822676 ], [ 439847.310399999842048, 4463850.158900000154972 ], [ 439674.63190000038594, 4463894.480599998496473 ], [ 439465.293300000019372, 4463906.532600000500679 ], [ 439436.185999999754131, 4464143.653599999845028 ], [ 439307.739699999801815, 4464414.445699999108911 ], [ 438824.016400000080466, 4464723.431299998424947 ], [ 438611.74199999962002, 4464944.82869999948889 ], [ 438529.461799999698997, 4465030.644999999552965 ], [ 438423.674100000411272, 4465190.626299999654293 ], [ 438470.164300000236835, 4465607.889399999752641 ], [ 438509.168300000019372, 4465955.990599999204278 ], [ 438554.173000000417233, 4466361.491899999789894 ], [ 438654.9841, 4467336.095000001601875 ], [ 438712.789900000207126, 4467846.296599999070168 ], [ 438768.895399999804795, 4468333.498099999502301 ], [ 438785.42090000025928, 4468495.543199999257922 ], [ 438785.465200000500772, 4468495.539099999703467 ], [ 439365.091300000494812, 4468443.544199998490512 ], [ 439737.258600000292063, 4468403.141100000590086 ], [ 439879.197700000368059, 4468393.2599 ], [ 439888.197599999606609, 4468392.639899999834597 ], [ 439963.337100000120699, 4468385.6892 ], [ 439963.757100000046194, 4468385.639199999161065 ], [ 440025.686599999666214, 4468378.06870000064373 ], [ 440129.275799999944866, 4468362.0778 ], [ 440048.481800000241492, 4467935.497400001622736 ], [ 440010.250099999830127, 4467750.407299999147654 ], [ 440000.1996, 4467698.097200000658631 ], [ 439979.724700000195298, 4467608.174700000323355 ], [ 439965.766400000080466, 4467513.2643 ], [ 439959.252500000409782, 4467457.434599999338388 ], [ 439958.321299999952316, 4467388.888099999167025 ], [ 439972.277700000384357, 4467312.587300000712276 ], [ 439986.284199999645352, 4467264.166899998672307 ], [ 440019.474100000225008, 4467189.705800001509488 ], [ 440047.833499999716878, 4467148.815399999730289 ], [ 440066.373100000433624, 4467125.135199999436736 ], [ 440119.082200000062585, 4467071.814600000157952 ], [ 440140.691800000146031, 4467048.764399999752641 ], [ 440287.469200000166893, 4466893.792600000277162 ], [ 440336.748300000093877, 4466842.062 ], [ 440492.265599999576807, 4466681.630199999548495 ], [ 440632.027700000442564, 4466535.9446 ], [ 440690.522900000156369, 4466476.460499999113381 ], [ 440728.371500000357628, 4466445.447500000707805 ], [ 440756.621100000105798, 4466426.4172 ], [ 440789.630699999630451, 4466406.7368 ], [ 440820.090300000330899, 4466392.446500000543892 ], [ 440861.669900000095367, 4466376.575999998487532 ], [ 440906.419499999843538, 4466367.3756 ], [ 440979.728900000452995, 4466356.584899998269975 ], [ 441017.488599999807775, 4466354.37459999974817 ] ] ] } },
{ "type": "Feature", "properties": { "tau": -0.47076928615570068, "two_sided_pval": 0.00080719467950984836, "name": "Butarque", "classification": "negative trend with prob > 99%" }, "geometry": { "type": "Polygon", "coordinates": [ [ [ 441224.681699999608099, 4464925.894499999471009 ], [ 441171.807599999883678, 4464918.506799999624491 ], [ 441165.606200000271201, 4465318.229999999515712 ], [ 441160.780299999751151, 4465680.021099999547005 ], [ 441156.763100000098348, 4465934.451899999752641 ], [ 441150.065899999812245, 4466191.132799999788404 ], [ 441148.797100000083447, 4466294.083100000396371 ], [ 441147.728000000119209, 4466374.48340000025928 ], [ 441190.467799999751151, 4466382.293099999427795 ], [ 441372.317200000397861, 4466440.681599999777973 ], [ 441569.916600000113249, 4466507.03999999910593 ], [ 441636.366499999538064, 4466537.15949999820441 ], [ 441645.586500000208616, 4466542.5494 ], [ 441685.246500000357628, 4466565.739199998788536 ], [ 441718.566499999782536, 4466586.988900000229478 ], [ 441733.489699999801815, 4466597.605900000780821 ], [ 441748.150100000202656, 4466608.72749999910593 ], [ 441765.84360000025481, 4466623.30350000038743 ], [ 441779.408699999563396, 4466635.604600000195205 ], [ 441801.989099999947939, 4466657.847799999639392 ], [ 441819.935499999672174, 4466677.647600000724196 ], [ 441841.252199999988079, 4466704.271999999880791 ], [ 441847.107099999673665, 4466712.988199998624623 ], [ 441851.527200000360608, 4466719.128200000151992 ], [ 441855.407200000248849, 4466724.493199999444187 ], [ 441869.646400000026915, 4466747.915900000371039 ], [ 441873.100899999961257, 4466754.150800000876188 ], [ 441875.965599999763072, 4466759.880099999718368 ], [ 441884.054299999959767, 4466776.14119999948889 ], [ 441889.699500000162516, 4466788.6952 ], [ 441897.703900000138674, 4466808.579299998469651 ], [ 441904.548299999907613, 4466828.664899997413158 ], [ 441912.219700000248849, 4466855.305800001136959 ], [ 441930.866799999959767, 4466853.188699999824166 ], [ 441929.462600000202656, 4466704.86699999962002 ], [ 441928.044800000265241, 4466519.943699999712408 ], [ 441927.18790000025183, 4466398.892400000244379 ], [ 441926.61629999987781, 4466277.55589999910444 ], [ 441926.75800000037998, 4466199.13639999832958 ], [ 441926.650399999693036, 4466113.815099999308586 ], [ 441926.149699999950826, 4466023.843499999493361 ], [ 441926.613300000317395, 4466011.357100000604987 ], [ 441926.4693, 4465885.600599999539554 ], [ 441925.165699999779463, 4465750.345200001262128 ], [ 441921.619400000199676, 4465685.701999998651445 ], [ 441916.485999999567866, 4465644.496099998243153 ], [ 441909.641800000332296, 4465606.1418999992311 ], [ 441904.79380000004312, 4465581.332899999804795 ], [ 441897.236700000299606, 4465550.107699999585748 ], [ 441889.394500000402331, 4465522.019299999810755 ], [ 441876.989599999971688, 4465483.807699999772012 ], [ 441857.313000000140164, 4465432.193600000813603 ], [ 441837.351300000213087, 4465387.565999999642372 ], [ 441819.243300000263844, 4465354.202199999243021 ], [ 441787.162300000025425, 4465300.164300000295043 ], [ 441753.655500000342727, 4465252.257399999536574 ], [ 441714.017900000326335, 4465204.778200000524521 ], [ 441685.501600000075996, 4465172.982899998314679 ], [ 441649.286000000312924, 4465138.3361 ], [ 441615.636900000332389, 4465108.679599999450147 ], [ 441583.841400000266731, 4465083.728199999779463 ], [ 441546.627799999900162, 4465057.065899999812245 ], [ 441506.705299999623094, 4465031.829400000162423 ], [ 441474.624699999578297, 4465013.009099999442697 ], [ 441432.278300000354648, 4464991.90749999973923 ], [ 441391.785500000230968, 4464975.22590000089258 ], [ 441360.988199999555945, 4464962.679099999368191 ], [ 441330.190899999812245, 4464952.270999999716878 ], [ 441293.975599999539554, 4464941.72029999922961 ], [ 441262.465400000102818, 4464933.450899998657405 ], [ 441224.681699999608099, 4464925.894499999471009 ] ] ] } },
{ "type": "Feature", "properties": { "tau": -0.48923081159591675, "two_sided_pval": 0.00049663468962535262, "name": "Ángeles", "classification": "negative trend with prob > 99%" }, "geometry": { "type": "Polygon", "coordinates": [ [ [ 444144.706799999810755, 4464513.034400000236928 ], [ 444144.856499999703374, 4464473.215099999681115 ], [ 443940.236299999989569, 4464356.646600002422929 ], [ 443919.33490000013262, 4464351.770600000396371 ], [ 443902.931200000457466, 4464350.508800000883639 ], [ 443887.068300000391901, 4464349.6075 ], [ 443874.269799999892712, 4464349.607499998994172 ], [ 443860.760499999858439, 4464350.409600000828505 ], [ 443850.388799999840558, 4464351.044600000604987 ], [ 443842.396499999798834, 4464352.367400000803173 ], [ 443834.090499999932945, 4464353.161299999803305 ], [ 443824.777099999599159, 4464355.912900000810623 ], [ 443815.040400000289083, 4464360.992999999783933 ], [ 443805.817099999636412, 4464366.5647 ], [ 443797.683699999935925, 4464374.751299999654293 ], [ 443785.618700000457466, 4464386.18129999935627 ], [ 443771.436999999918044, 4464398.881399999372661 ], [ 443746.104700000025332, 4464414.140700000338256 ], [ 443739.254800000227988, 4464421.531400000676513 ], [ 443734.928600000159349, 4464424.235300001688302 ], [ 443724.653699999733362, 4464427.299699999392033 ], [ 443720.868200000375509, 4464431.26549999974668 ], [ 443716.001199999824166, 4464433.969399999827147 ], [ 443707.70920000039041, 4464434.329900000244379 ], [ 443702.30140000017127, 4464437.214100000448525 ], [ 443699.056699999666307, 4464441.540300000458956 ], [ 443686.618800000287592, 4464454.519100000150502 ], [ 443675.262400000414345, 4464463.89259999897331 ], [ 443663.184899999760091, 4464472.905600000172853 ], [ 443655.614000000059605, 4464480.476599999703467 ], [ 443650.123499999754131, 4464482.43790000025183 ], [ 443646.591199999675155, 4464482.97309999819845 ], [ 443643.701100000238512, 4464483.080100000835955 ], [ 443641.02520000009099, 4464483.508300000801682 ], [ 443637.599899999797344, 4464483.829399998299778 ], [ 443635.138000000268221, 4464483.936499998904765 ], [ 443632.462000000290573, 4464483.8293999992311 ], [ 443629.143799999728799, 4464483.936499998904765 ], [ 443626.36079999996582, 4464483.722400000318885 ], [ 443623.898900000378489, 4464483.294199999421835 ], [ 443620.580599999986589, 4464483.080100000835955 ], [ 443617.04839999973774, 4464483.615299998782575 ], [ 443613.730100000277162, 4464485.113900000229478 ], [ 443608.057099999859929, 4464489.288399999029934 ], [ 443582.472099999897182, 4464471.023299999535084 ], [ 443582.39809999987483, 4464470.970499998889863 ], [ 443504.538099999539554, 4464426.031700000166893 ], [ 443512.564199999906123, 4464419.067800001241267 ], [ 443499.440899999870453, 4464401.287699999287724 ], [ 443489.280899999663234, 4464389.222699998877943 ], [ 443479.755800000391901, 4464379.486000000499189 ], [ 443466.738300000317395, 4464368.585200000554323 ], [ 443457.001600000075996, 4464360.224300000816584 ], [ 443442.184899999701884, 4464350.064299999736249 ], [ 443419.748200000263751, 4464333.765900000929832 ], [ 443404.190700000151992, 4464320.113399999216199 ], [ 443383.129800000227988, 4464300.7458999985829 ], [ 443366.032200000248849, 4464286.002900000661612 ], [ 443360.750799999514129, 4464280.856999999843538 ], [ 443359.528900000324938, 4464278.626700000837445 ], [ 443357.518099999986589, 4464274.922499998472631 ], [ 443355.1985, 4464269.210799999535084 ], [ 443352.51549999974668, 4464263.609200000762939 ], [ 443350.052400000393391, 4464257.1585 ], [ 443348.496799999848008, 4464250.322000000625849 ], [ 443343.769000000320375, 4464236.694900000467896 ], [ 443335.562199999578297, 4464220.324200000613928 ], [ 443331.361899999843445, 4464213.168199999257922 ], [ 443325.0, 4464202.007400000467896 ], [ 443316.467699999921024, 4464187.552599999122322 ], [ 443313.314600000157952, 4464183.822200000286102 ], [ 443309.976700000464916, 4464180.386099999770522 ], [ 443305.117200000211596, 4464176.115599999204278 ], [ 443293.861600000411272, 4464167.527599999681115 ], [ 443274.652800000272691, 4464155.065699999220669 ], [ 443263.460900000296533, 4464148.795099999755621 ], [ 443256.158400000073016, 4464143.873800000175834 ], [ 443248.323599999770522, 4464137.713500000536442 ], [ 443238.74309999961406, 4464128.009899998083711 ], [ 443225.395899999886751, 4464115.190500000491738 ], [ 443219.407700000330806, 4464110.536299998871982 ], [ 443207.825799999758601, 4464101.76789999846369 ], [ 443187.239400000311434, 4464086.460100000724196 ], [ 443177.894500000402331, 4464080.056199999526143 ], [ 443164.541699999943376, 4464071.453899999149144 ], [ 443150.289499999955297, 4464063.234499999321997 ], [ 443134.238099999725819, 4464056.16429999936372 ], [ 443121.82149999961257, 4464050.796399999409914 ], [ 443113.521200000308454, 4464048.782400000840425 ], [ 443098.916199999861419, 4464044.89299999922514 ], [ 443086.216199999675155, 4464042.114900001324713 ], [ 443074.548000000417233, 4464040.051099999807775 ], [ 443068.832999999634922, 4464039.574900000356138 ], [ 443059.704900000244379, 4464039.892399999313056 ], [ 443050.894199999922421, 4464041.162399998866022 ], [ 443038.829199999570847, 4464044.734199999831617 ], [ 443016.44539999961853, 4464053.624299998395145 ], [ 442996.442900000140071, 4464061.561799998395145 ], [ 442970.090300000272691, 4464072.515599999576807 ], [ 442948.024000000208616, 4464079.818099999800324 ], [ 442927.227699999697506, 4464087.120600000955164 ], [ 442901.668899999931455, 4464097.598099999129772 ], [ 442881.03139999974519, 4464105.218099999241531 ], [ 442853.567599999718368, 4464115.219399999827147 ], [ 442827.53249999973923, 4464125.22069999948144 ], [ 442803.243700000457466, 4464134.269400000572205 ], [ 442781.177400000393391, 4464141.571900001727045 ], [ 442759.428600000217557, 4464148.239499999210238 ], [ 442734.822300000116229, 4464153.795699999667704 ], [ 442717.994800000451505, 4464157.923200001008809 ], [ 442706.723500000312924, 4464159.828199999406934 ], [ 442698.642400000244379, 4464159.558599999174476 ], [ 442680.723000000230968, 4464158.691499999724329 ], [ 442668.487700000405312, 4464158.306200000457466 ], [ 442650.375599999912083, 4464158.498799999244511 ], [ 442632.745299999602139, 4464158.209799999371171 ], [ 442611.261300000362098, 4464157.824500000104308 ], [ 442601.338200000172947, 4464157.631799998693168 ], [ 442594.690600000380073, 4464158.209799999371171 ], [ 442588.813799999654293, 4464158.884199999272823 ], [ 442579.468799999915063, 4464161.003699998371303 ], [ 442563.379900000058115, 4464165.146400001831353 ], [ 442546.520200000144541, 4464170.830500000156462 ], [ 442536.308100000023842, 4464175.069499999284744 ], [ 442520.893600000068545, 4464182.294999998994172 ], [ 442510.488699999637902, 4464187.882799999788404 ], [ 442501.336400000378489, 4464193.181500000879169 ], [ 442496.615699999965727, 4464195.590099998749793 ], [ 442488.041299999691546, 4464197.99860000051558 ], [ 442479.178000000305474, 4464200.02170000039041 ], [ 442471.566999999806285, 4464201.948600000701845 ], [ 442467.231700000411365, 4464202.526599999517202 ], [ 442456.345200000330806, 4464203.2972999997437 ], [ 442444.206199999898672, 4464203.200999999418855 ], [ 442429.080699999816716, 4464203.2972999997437 ], [ 442417.712500000372529, 4464203.200999999418855 ], [ 442402.394299999810755, 4464204.260700000450015 ], [ 442392.952899999916553, 4464205.898499999195337 ], [ 442384.956600000150502, 4464207.247300000861287 ], [ 442371.372600000351667, 4464206.091200000606477 ], [ 442359.715300000272691, 4464206.091199999675155 ], [ 442344.686200000287499, 4464207.2473 ], [ 442323.009499999694526, 4464210.426599999889731 ], [ 442315.783900000154972, 4464211.775299998931587 ], [ 442309.521700000448618, 4464211.968000000342727 ], [ 442304.993700000457466, 4464211.4863 ], [ 442300.176699999719858, 4464210.041200000792742 ], [ 442295.648699999728706, 4464208.114399998448789 ], [ 442281.968299999833107, 4464202.33390000090003 ], [ 442268.384200000262354, 4464195.204699999652803 ], [ 442254.029400000348687, 4464186.341299999505281 ], [ 442246.803899999707937, 4464182.198699999600649 ], [ 442240.541699999943376, 4464177.670700000599027 ], [ 442230.907599999569356, 4464170.348800000734627 ], [ 442221.27350000012666, 4464162.35249999910593 ], [ 442212.121199999935925, 4464153.489099998958409 ], [ 442205.570000000356231, 4464146.745299999602139 ], [ 442200.463899999856949, 4464140.5793999992311 ], [ 442194.490799999795854, 4464133.06489999871701 ], [ 442189.095700000412762, 4464125.068599999882281 ], [ 442185.627399999648333, 4464119.384500000625849 ], [ 442181.77379999961704, 4464113.1223 ], [ 442178.787200000137091, 4464107.341899999417365 ], [ 442174.740899999625981, 4464098.671199998818338 ], [ 442170.694600000046194, 4464089.037100000306964 ], [ 442168.382399999594782, 4464083.160300000570714 ], [ 442164.721499999985099, 4464071.792099999263883 ], [ 442161.831199999898672, 4464060.8092 ], [ 442160.289800000376999, 4464054.354400000534952 ], [ 442157.163599999621511, 4464042.58629999961704 ], [ 442155.115799999795854, 4464032.583799999207258 ], [ 442153.151800000166986, 4464024.543799999170005 ], [ 442151.740199999941979, 4464021.168199999257922 ], [ 442149.5921, 4464016.871999998576939 ], [ 442146.768899999558926, 4464012.26899999845773 ], [ 442141.306599999777973, 4464005.026799998246133 ], [ 442135.9671, 4464000.23960000090301 ], [ 442130.688900000415742, 4463995.268300000578165 ], [ 442125.044400000013411, 4463990.565500000491738 ], [ 442110.201299999840558, 4463978.976700000464916 ], [ 442100.279400000348687, 4463970.007299999706447 ], [ 442087.023699999845121, 4463957.466099998913705 ], [ 442073.371199999935925, 4463943.654799998737872 ], [ 442055.511800000444055, 4463926.985999999567866 ], [ 442047.018699999898672, 4463919.445399998687208 ], [ 442037.89049999974668, 4463912.698500000871718 ], [ 442028.12739999970654, 4463906.9835 ], [ 442018.840499999874737, 4463903.2528 ], [ 442009.553600000217557, 4463899.919100000523031 ], [ 441992.64670000039041, 4463894.362800001166761 ], [ 441974.310999999754131, 4463888.885899999178946 ], [ 441962.722199999727309, 4463885.075900000520051 ], [ 441952.879700000397861, 4463880.869000001810491 ], [ 441944.148500000068452, 4463876.106499998830259 ], [ 441930.654699999839067, 4463867.85149999987334 ], [ 441919.780299999751151, 4463858.961499999277294 ], [ 441898.745900000445545, 4463840.546400000341237 ], [ 441881.997700000181794, 4463824.830200000666082 ], [ 441873.107699999585748, 4463816.416399999521673 ], [ 441864.006000000052154, 4463806.229900000616908 ], [ 441856.174300000129733, 4463797.869100000709295 ], [ 441840.616800000017975, 4463786.862400000914931 ], [ 441824.106800000183284, 4463774.479900000616908 ], [ 441805.162499999627471, 4463763.155699999071658 ], [ 441792.568400000222027, 4463756.593999999575317 ], [ 441779.339200000278652, 4463751.619799999520183 ], [ 441760.183299999684095, 4463746.222300001420081 ], [ 441726.845700000412762, 4463739.76649999897927 ], [ 441714.039900000207126, 4463737.332299999892712 ], [ 441700.810700000263751, 4463735.321399999782443 ], [ 441687.052299999631941, 4463733.628100001253188 ], [ 441669.907300000020768, 4463732.14640000090003 ], [ 441652.65639999974519, 4463731.617299999110401 ], [ 441634.982200000435114, 4463729.818099999800324 ], [ 441608.206299999728799, 4463726.219799998216331 ], [ 441586.087100000120699, 4463723.044799999333918 ], [ 441572.148699999728706, 4463720.182600000873208 ], [ 441358.365299999713898, 4463646.5269 ], [ 441316.154400000348687, 4463632.631099999882281 ], [ 441290.849200000055134, 4463623.188899998553097 ], [ 441276.874699999578297, 4463616.957000000402331 ], [ 441227.216400000208523, 4463585.502699999138713 ], [ 441207.255300000309944, 4463575.689500000327826 ], [ 441197.66509999986738, 4463572.009499999694526 ], [ 441183.237499999871943, 4463570.085799998603761 ], [ 441181.148699999786913, 4463712.598300000652671 ], [ 441186.184200000017881, 4463856.913699999451637 ], [ 441185.346099999733269, 4463961.794199998490512 ], [ 441183.250300000479911, 4464151.837600000202656 ], [ 441177.380300000309944, 4464519.338700000196695 ], [ 441174.408400000073016, 4464712.406999999657273 ], [ 441173.2648, 4464792.262900000438094 ], [ 441171.807599999883678, 4464918.506799999624491 ], [ 441224.681699999608099, 4464925.894499999471009 ], [ 441262.465400000102818, 4464933.450899998657405 ], [ 441293.975599999539554, 4464941.72029999922961 ], [ 441330.190899999812245, 4464952.270999999716878 ], [ 441360.988199999555945, 4464962.679099999368191 ], [ 441391.785500000230968, 4464975.22590000089258 ], [ 441432.278300000354648, 4464991.90749999973923 ], [ 441474.624699999578297, 4465013.009099999442697 ], [ 441506.705299999623094, 4465031.829400000162423 ], [ 441546.627799999900162, 4465057.065899999812245 ], [ 441583.841400000266731, 4465083.728199999779463 ], [ 441615.636900000332389, 4465108.679599999450147 ], [ 441649.286000000312924, 4465138.3361 ], [ 441685.501600000075996, 4465172.982899998314679 ], [ 441714.017900000326335, 4465204.778200000524521 ], [ 441753.655500000342727, 4465252.257399999536574 ], [ 441787.162300000025425, 4465300.164300000295043 ], [ 441819.243300000263844, 4465354.202199999243021 ], [ 441837.351300000213087, 4465387.565999999642372 ], [ 441857.313000000140164, 4465432.193600000813603 ], [ 441876.989599999971688, 4465483.807699999772012 ], [ 441889.394500000402331, 4465522.019299999810755 ], [ 441897.236700000299606, 4465550.107699999585748 ], [ 441904.79380000004312, 4465581.332899999804795 ], [ 441909.641800000332296, 4465606.1418999992311 ], [ 441916.485999999567866, 4465644.496099998243153 ], [ 441921.619400000199676, 4465685.701999998651445 ], [ 441925.163900000043213, 4465750.311599998734891 ], [ 441925.165699999779463, 4465750.345200001262128 ], [ 441926.4693, 4465885.600599999539554 ], [ 441926.613300000317395, 4466011.357100000604987 ], [ 441926.149699999950826, 4466023.843499999493361 ], [ 441926.650399999693036, 4466113.815099999308586 ], [ 441926.75800000037998, 4466199.13639999832958 ], [ 441926.61629999987781, 4466277.55589999910444 ], [ 441927.18790000025183, 4466398.892400000244379 ], [ 441928.044800000265241, 4466519.943699999712408 ], [ 441929.462600000202656, 4466704.86699999962002 ], [ 441930.866799999959767, 4466853.188699999824166 ], [ 441941.843700000084937, 4466974.287099999375641 ], [ 441950.701500000432134, 4466993.088500001467764 ], [ 441950.759999999776483, 4467133.256899999454618 ], [ 441950.341300000436604, 4467229.290200000628829 ], [ 441947.163800000271294, 4467243.685299999080598 ], [ 441946.684000000357628, 4467258.3487000009045 ], [ 441946.489500000141561, 4467335.963899999856949 ], [ 441929.614099999889731, 4467364.847899999469519 ], [ 441932.617100000439677, 4467400.666900000534952 ], [ 441937.037499999627471, 4467439.306399999186397 ], [ 441944.309500000439584, 4467477.090199999511242 ], [ 441954.2906, 4467518.438599999062717 ], [ 441965.697399999946356, 4467555.081800000742078 ], [ 441976.81900000013411, 4467584.881100000813603 ], [ 441986.514600000344217, 4467607.408800000324845 ], [ 442002.769100000208709, 4467642.768700000829995 ], [ 442019.879099999554455, 4467673.851099998690188 ], [ 442037.861700000299606, 4467703.710799999535084 ], [ 442058.458700000308454, 4467734.386599999852479 ], [ 442084.168300000019372, 4467770.175100000575185 ], [ 442107.686900000146125, 4467804.356699999421835 ], [ 442146.278900000266731, 4467862.277100000530481 ], [ 442180.448800000362098, 4467909.137999999336898 ], [ 442202.819500000216067, 4467885.909099998883903 ], [ 442260.618499999807682, 4467803.969200000166893 ], [ 442294.279199999757111, 4467759.898700000718236 ], [ 442314.652900000102818, 4467738.195699998177588 ], [ 442328.38300000037998, 4467725.350999998860061 ], [ 442363.225599999539554, 4467703.054999998770654 ], [ 442393.775200000032783, 4467687.774499998427927 ], [ 442424.30489999987185, 4467672.494099999777973 ], [ 442446.954599999822676, 4467655.453700000420213 ], [ 442456.9545, 4467647.913599998690188 ], [ 442478.324099999852479, 4467617.593199999071658 ], [ 442480.154000000096858, 4467613.813200001604855 ], [ 442495.773599999956787, 4467581.742900000885129 ], [ 442505.433000000193715, 4467530.282599999569356 ], [ 442527.021800000220537, 4467432.642000000923872 ], [ 442540.351099999679718, 4467373.831599998287857 ], [ 442552.491600000299513, 4467333.811699998565018 ], [ 442567.107200000435114, 4467291.513199998997152 ], [ 442580.779799999669194, 4467266.53080000076443 ], [ 442600.999499999918044, 4467246.7804000005126 ], [ 442620.619300000369549, 4467239.100200000219047 ], [ 442637.989199999719858, 4467232.309899999760091 ], [ 442670.528900000324938, 4467226.0795 ], [ 442676.348899999633431, 4467224.949399999342859 ], [ 442676.698900000192225, 4467224.809399999678135 ], [ 442713.118599999696016, 4467209.578899999149144 ], [ 442744.048200000019278, 4467193.268400001339614 ], [ 442751.488199999555945, 4467189.338300000876188 ], [ 442776.987700000405312, 4467157.4079 ], [ 442784.797399999573827, 4467130.7577 ], [ 442788.236999999731779, 4467097.437599998898804 ], [ 442792.146599999628961, 4467059.537400000728667 ], [ 442796.753700000233948, 4467030.855200000107288 ], [ 442812.254999999888241, 4466974.604900000616908 ], [ 442826.206199999898672, 4466923.891000000759959 ], [ 442835.084699999541044, 4466897.686399999074638 ], [ 442837.854600000253413, 4466891.596300000324845 ], [ 442843.824500000104308, 4466884.336199999786913 ], [ 442854.864299999608193, 4466870.915999999269843 ], [ 442871.634100000374019, 4466856.205799999646842 ], [ 442888.877299999876413, 4466844.60850000102073 ], [ 442927.188799999654293, 4466823.791099998168647 ], [ 442991.853600000031292, 4466794.779399999417365 ], [ 443055.854000000283122, 4466773.96159999910742 ], [ 443088.822100000397768, 4466757.972799999639392 ], [ 443105.459699999541044, 4466745.614499999210238 ], [ 443124.283300000242889, 4466729.890799999237061 ], [ 443136.906000000424683, 4466705.973200000822544 ], [ 443150.080900000408292, 4466667.271699999459088 ], [ 443175.629800000286195, 4466565.051099999807775 ], [ 443182.081199999898672, 4466533.236099999397993 ], [ 443183.631000000110362, 4466503.117900000885129 ], [ 443182.744800000451505, 4466462.812699999660254 ], [ 443173.000099999830127, 4466395.932800000533462 ], [ 443162.148299999535084, 4466353.413200001232326 ], [ 443151.296799999661744, 4466337.246900000609457 ], [ 443145.538800000213087, 4466320.859200001694262 ], [ 443145.538599999621511, 4466305.135700000450015 ], [ 443151.517799999623094, 4466291.183800001628697 ], [ 443161.516699999570847, 4466279.941099998541176 ], [ 443171.005699999630451, 4466270.145199999213219 ], [ 443188.057599999941885, 4466256.636099999770522 ], [ 443222.826000000350177, 4466242.462400000542402 ], [ 443269.774400000460446, 4466227.402699999511242 ], [ 443320.435499999730382, 4466210.138299999758601 ], [ 443387.588399999774992, 4466187.981899999082088 ], [ 443479.049399999901652, 4466168.271099998615682 ], [ 443501.416299999691546, 4466162.734400000423193 ], [ 443526.662100000306964, 4466148.1179 ], [ 443557.001299999654293, 4466123.314300001598895 ], [ 443577.263299999758601, 4466092.154799998737872 ], [ 443587.118700000457466, 4466061.527400000952184 ], [ 443595.754999999888241, 4466021.0006 ], [ 443603.505699999688659, 4465997.083199999295175 ], [ 443604.708300000056624, 4465994.80980000179261 ], [ 443619.671699999831617, 4465966.521900000981987 ], [ 443633.844600000418723, 4465941.054199998266995 ], [ 443643.366899999789894, 4465914.9221 ], [ 443665.890599999576807, 4465854.472999999299645 ], [ 443681.234699999913573, 4465796.220599999651313 ], [ 443685.884999999776483, 4465768.7599 ], [ 443685.441300000064075, 4465692.357199999503791 ], [ 443685.662299999967217, 4465647.622899998910725 ], [ 443690.75549999991199, 4465614.40430000051856 ], [ 443700.942200000456069, 4465591.815500000491738 ], [ 443715.779599999950733, 4465576.75620000064373 ], [ 443739.789800000376999, 4465557.058700000867248 ], [ 443754.667200000025332, 4465543.601099999621511 ], [ 443771.338800000026822, 4465523.901000000536442 ], [ 443797.495900000445545, 4465492.601599999703467 ], [ 443810.736300000047777, 4465467.15019999910146 ], [ 443819.419499999843538, 4465437.67989999987185 ], [ 443817.204400000162423, 4465376.557799999602139 ], [ 443828.276499999687076, 4465314.549700000323355 ], [ 443858.224000000394881, 4465255.3591 ], [ 443893.604799999855459, 4465194.5192 ], [ 443944.096099999733269, 4465135.610999999567866 ], [ 444006.54590000025928, 4465059.871900000609457 ], [ 444035.334800000360701, 4465018.016200000420213 ], [ 444052.829300000332296, 4464969.295400000177324 ], [ 444056.81489999970654, 4464904.851399999111891 ], [ 444062.793899999989662, 4464870.746899999678135 ], [ 444071.651700000278652, 4464830.884600000455976 ], [ 444073.644600000232458, 4464800.32349999807775 ], [ 444080.509600000455976, 4464770.869699999690056 ], [ 444107.748200000321958, 4464708.640100000426173 ], [ 444125.464300000108778, 4464654.825899998657405 ], [ 444137.677199999860022, 4464574.614499999210238 ], [ 444144.706799999810755, 4464513.034400000236928 ] ] ] } },
{ "type": "Feature", "properties": { "tau": -0.47692310810089111, "two_sided_pval": 0.00068779429420828819, "name": "Los Rosales", "classification": "negative trend with prob > 99%" }, "geometry": { "type": "Polygon", "coordinates": [ [ [ 441941.843700000084937, 4466974.287099999375641 ], [ 441930.866799999959767, 4466853.188699999824166 ], [ 441912.219700000248849, 4466855.305800001136959 ], [ 441904.548299999907613, 4466828.664899997413158 ], [ 441897.703900000138674, 4466808.579299998469651 ], [ 441889.699500000162516, 4466788.6952 ], [ 441884.054299999959767, 4466776.14119999948889 ], [ 441875.965599999763072, 4466759.880099999718368 ], [ 441873.100899999961257, 4466754.150800000876188 ], [ 441869.646400000026915, 4466747.915900000371039 ], [ 441855.407200000248849, 4466724.493199999444187 ], [ 441851.527200000360608, 4466719.128200000151992 ], [ 441847.107099999673665, 4466712.988199998624623 ], [ 441841.252199999988079, 4466704.271999999880791 ], [ 441819.935499999672174, 4466677.647600000724196 ], [ 441801.989099999947939, 4466657.847799999639392 ], [ 441779.408699999563396, 4466635.604600000195205 ], [ 441765.84360000025481, 4466623.30350000038743 ], [ 441748.150100000202656, 4466608.72749999910593 ], [ 441733.489699999801815, 4466597.605900000780821 ], [ 441718.566499999782536, 4466586.988900000229478 ], [ 441685.246500000357628, 4466565.739199998788536 ], [ 441645.586500000208616, 4466542.5494 ], [ 441636.366499999538064, 4466537.15949999820441 ], [ 441569.916600000113249, 4466507.03999999910593 ], [ 441372.317200000397861, 4466440.681599999777973 ], [ 441190.467799999751151, 4466382.293099999427795 ], [ 441147.728000000119209, 4466374.48340000025928 ], [ 441141.432599999941885, 4466790.214799999259412 ], [ 441143.30420000012964, 4466940.9052 ], [ 441145.72510000038892, 4467024.365299999713898 ], [ 441147.055700000375509, 4467082.725599999539554 ], [ 441146.896399999968708, 4467144.615800001658499 ], [ 441145.5378, 4467268.1360999988392 ], [ 441142.959200000448618, 4467398.6266 ], [ 441141.150999999605119, 4467563.617000001482666 ], [ 441136.502600000298116, 4467703.167600000277162 ], [ 441130.354100000113249, 4467832.908000000752509 ], [ 441122.415400000289083, 4467949.268499999307096 ], [ 441114.486499999649823, 4468043.058800000697374 ], [ 441105.53760000038892, 4468137.479100000113249 ], [ 441076.0011, 4468448.7604 ], [ 441087.401100000366569, 4468447.430299999192357 ], [ 441140.47070000047097, 4468441.149800001643598 ], [ 441226.610100000165403, 4468431.629100000485778 ], [ 441275.499699999578297, 4468423.768699999898672 ], [ 441309.78940000012517, 4468418.248299999162555 ], [ 441363.47900000034133, 4468407.047900001518428 ], [ 441411.758500000520144, 4468393.97749999910593 ], [ 441462.688000000081956, 4468376.926999999210238 ], [ 441498.117700000351761, 4468363.856699999421835 ], [ 441649.175999999919441, 4468296.815199999138713 ], [ 441804.454300000332296, 4468222.727299998514354 ], [ 441995.902400000020862, 4468130.884099998511374 ], [ 442098.827399999892805, 4468081.978500001132488 ], [ 442132.059600000327919, 4467961.848799998871982 ], [ 442133.189500000327826, 4467958.36879999935627 ], [ 442136.669400000013411, 4467947.588699999265373 ], [ 442149.049100000411272, 4467928.478499998338521 ], [ 442180.448800000362098, 4467909.137999999336898 ], [ 442146.278900000266731, 4467862.277100000530481 ], [ 442107.686900000146125, 4467804.356699999421835 ], [ 442084.168300000019372, 4467770.175100000575185 ], [ 442058.458700000308454, 4467734.386599999852479 ], [ 442037.861700000299606, 4467703.710799999535084 ], [ 442019.879099999554455, 4467673.851099998690188 ], [ 442002.769100000208709, 4467642.768700000829995 ], [ 441986.514600000344217, 4467607.408800000324845 ], [ 441976.81900000013411, 4467584.881100000813603 ], [ 441965.697399999946356, 4467555.081800000742078 ], [ 441954.2906, 4467518.438599999062717 ], [ 441944.309500000439584, 4467477.090199999511242 ], [ 441937.037499999627471, 4467439.306399999186397 ], [ 441932.617100000439677, 4467400.666900000534952 ], [ 441929.614099999889731, 4467364.847899999469519 ], [ 441946.489500000141561, 4467335.963899999856949 ], [ 441946.684000000357628, 4467258.3487000009045 ], [ 441947.163800000271294, 4467243.685299999080598 ], [ 441950.341300000436604, 4467229.290200000628829 ], [ 441950.759999999776483, 4467133.256899999454618 ], [ 441950.701500000432134, 4466993.088500001467764 ], [ 441941.843700000084937, 4466974.287099999375641 ] ] ] } },
{ "type": "Feature", "properties": { "tau": -0.47076928615570068, "two_sided_pval": 0.00080719467950984836, "name": "Villaverde Alto - Casco Histórico de Villaverde", "classification": "negative trend with prob > 99%" }, "geometry": { "type": "Polygon", "coordinates": [ [ [ 441076.0011, 4468448.7604 ], [ 441105.53760000038892, 4468137.479100000113249 ], [ 441114.486499999649823, 4468043.058800000697374 ], [ 441122.415400000289083, 4467949.268499999307096 ], [ 441130.354100000113249, 4467832.908000000752509 ], [ 441136.502600000298116, 4467703.167600000277162 ], [ 441141.150999999605119, 4467563.617000001482666 ], [ 441142.959200000448618, 4467398.6266 ], [ 441145.5378, 4467268.1360999988392 ], [ 441146.896399999968708, 4467144.615800001658499 ], [ 441147.055700000375509, 4467082.725599999539554 ], [ 441145.72510000038892, 4467024.365299999713898 ], [ 441143.30420000012964, 4466940.9052 ], [ 441141.432599999941885, 4466790.214799999259412 ], [ 441147.728000000119209, 4466374.48340000025928 ], [ 441111.738099999725819, 4466368.463700000196695 ], [ 441050.818400000280235, 4466351.824199999682605 ], [ 441017.488599999807775, 4466354.37459999974817 ], [ 440979.728900000452995, 4466356.584899998269975 ], [ 440906.419499999843538, 4466367.3756 ], [ 440861.669900000095367, 4466376.575999998487532 ], [ 440820.090300000330899, 4466392.446500000543892 ], [ 440789.630699999630451, 4466406.7368 ], [ 440756.621100000105798, 4466426.4172 ], [ 440728.371500000357628, 4466445.447500000707805 ], [ 440690.522900000156369, 4466476.460499999113381 ], [ 440632.027700000442564, 4466535.9446 ], [ 440492.265599999576807, 4466681.630199999548495 ], [ 440336.748300000093877, 4466842.062 ], [ 440287.469200000166893, 4466893.792600000277162 ], [ 440140.691800000146031, 4467048.764399999752641 ], [ 440119.082200000062585, 4467071.814600000157952 ], [ 440095.448400000168476, 4467095.722599999047816 ], [ 440066.373100000433624, 4467125.135199999436736 ], [ 440047.833499999716878, 4467148.815399999730289 ], [ 440019.474100000225008, 4467189.705800001509488 ], [ 439986.284199999645352, 4467264.166899998672307 ], [ 439972.277700000384357, 4467312.587300000712276 ], [ 439958.321299999952316, 4467388.888099999167025 ], [ 439959.252500000409782, 4467457.434599999338388 ], [ 439965.766400000080466, 4467513.2643 ], [ 439979.724700000195298, 4467608.174700000323355 ], [ 440000.1996, 4467698.097200000658631 ], [ 440010.250099999830127, 4467750.407299999147654 ], [ 440048.481800000241492, 4467935.497400001622736 ], [ 440129.275799999944866, 4468362.0778 ], [ 440150.055700000375509, 4468359.107699999585748 ], [ 440183.685399999842048, 4468354.687400000169873 ], [ 440202.6053, 4468352.517200001515448 ], [ 440219.245199999772012, 4468350.627100001089275 ], [ 440225.0152000002563, 4468350.246999998576939 ], [ 440225.105200000107288, 4468350.236999998800457 ], [ 440255.294900000095367, 4468348.2368 ], [ 440291.334699999599252, 4468347.276499999687076 ], [ 440343.844399999827147, 4468349.195999999530613 ], [ 440387.52419999986887, 4468353.005700000561774 ], [ 440425.953999999910593, 4468358.735400000587106 ], [ 440470.813900000415742, 4468367.295100000686944 ], [ 440475.123800000234041, 4468368.125 ], [ 440498.993800000287592, 4468373.044800001196563 ], [ 440506.833700000308454, 4468375.214799999259412 ], [ 440562.483599999919534, 4468390.484400002285838 ], [ 440622.633399999700487, 4468407.6639 ], [ 440641.293300000077579, 4468412.17369999922812 ], [ 440672.993200000375509, 4468419.84360000025481 ], [ 440722.88300000037998, 4468429.623200000263751 ], [ 440783.562800000421703, 4468438.982699999585748 ], [ 440810.122600000351667, 4468441.542499999515712 ], [ 440829.792500000447035, 4468443.322299999184906 ], [ 440841.982499999925494, 4468444.4222999997437 ], [ 440855.612400000041816, 4468445.142099999822676 ], [ 440887.092199999839067, 4468446.811899998225272 ], [ 440946.721900000236928, 4468448.3114 ], [ 441076.0011, 4468448.7604 ] ] ] } },
{ "type": "Feature", "properties": { "tau": -0.51384621858596802, "two_sided_pval": 0.00025330268545076251, "name": "Ensanche de Vallecas", "classification": "negative trend with prob > 99%" }, "geometry": { "type": "Polygon", "coordinates": [ [ [ 447510.190200000070035, 4470206.248099998570979 ], [ 447518.750099999830127, 4470200.577900000847876 ], [ 447578.679999999701977, 4470214.946900000795722 ], [ 447595.219499999657273, 4470154.546499999240041 ], [ 447600.24930000025779, 4470136.12639999948442 ], [ 447601.748899999947753, 4470086.256299999542534 ], [ 447602.458800000138581, 4470062.596299999393523 ], [ 447604.738699999637902, 4470062.2363 ], [ 447616.548700000159442, 4470060.326099999248981 ], [ 447648.488599999749567, 4470058.72550000064075 ], [ 447675.918399999849498, 4470057.354999999515712 ], [ 447725.778199999593198, 4470053.254200000315905 ], [ 447776.848000000230968, 4470049.043200000189245 ], [ 447871.982400000153575, 4470037.30980000179261 ], [ 447908.216900000348687, 4470031.857999998144805 ], [ 447899.777300000190735, 4469999.38499999884516 ], [ 447889.367999999783933, 4469964.95409999974072 ], [ 447860.862399999983609, 4469873.031600001268089 ], [ 447789.35149999987334, 4469636.62739999871701 ], [ 447777.118900000175927, 4469596.585699999704957 ], [ 447765.504400000034366, 4469559.492799998261034 ], [ 447747.35400000034133, 4469499.782999999821186 ], [ 447740.253899999894202, 4469475.323099999688566 ], [ 447735.503800000064075, 4469455.593199999071658 ], [ 447730.52350000012666, 4469424.813200001604855 ], [ 447728.683400000445545, 4469398.253199999220669 ], [ 447728.683199999853969, 4469372.983200000599027 ], [ 447729.733, 4469354.663200000301003 ], [ 447734.892699999676552, 4469318.773 ], [ 447743.302500000223517, 4469284.512900000438094 ], [ 447757.072100000455976, 4469246.362599999643862 ], [ 447765.892, 4469228.582399998791516 ], [ 447691.521900000050664, 4469186.093599999323487 ], [ 447748.410899999551475, 4469079.982499998994172 ], [ 447601.930800000205636, 4468995.884900000877678 ], [ 447560.810800000093877, 4468978.365599999204278 ], [ 447443.770999999716878, 4468950.957499999552965 ], [ 447281.821299999952316, 4468921.170199999585748 ], [ 447226.921400000341237, 4468910.661099999211729 ], [ 447037.481700000353158, 4468868.604199999012053 ], [ 447039.00789999961853, 4468896.605900000780821 ], [ 447033.480800000019372, 4468908.669800000265241 ], [ 447008.665199999697506, 4468975.322400000877678 ], [ 446992.475999999791384, 4469018.945999999530613 ], [ 446968.628399999812245, 4469085.932499999180436 ], [ 446938.091900000348687, 4469173.0828 ], [ 446928.956500000320375, 4469196.585799998603761 ], [ 446925.810600000433624, 4469202.958999999798834 ], [ 446924.423200000077486, 4469205.364299999549985 ], [ 446921.249800000339746, 4469211.1787 ], [ 446918.024799999839161, 4469216.079500000923872 ], [ 446903.871600000187755, 4469232.217099999077618 ], [ 446895.922399999573827, 4469241.03870000038296 ], [ 446880.993400000035763, 4469259.360699999146163 ], [ 446876.165500000119209, 4469265.049099999479949 ], [ 446957.495699999853969, 4469352.356300000101328 ], [ 446810.657800000160933, 4469490.129499999806285 ], [ 446810.627299999818206, 4469490.159 ], [ 446871.167500000447035, 4469553.618000001646578 ], [ 446939.927899999544024, 4469625.717000000178814 ], [ 446965.728000000119209, 4469658.196599999442697 ], [ 446969.748100000433624, 4469670.26649999897927 ], [ 446960.358199999667704, 4469676.406700001098216 ], [ 446939.378299999982119, 4469684.977099998854101 ], [ 446922.858500000089407, 4469695.767400000244379 ], [ 446885.008899999782443, 4469739.578099998645484 ], [ 446840.009499999694526, 4469790.118899998255074 ], [ 446807.689899999648333, 4469830.219500000588596 ], [ 446789.146599999628961, 4469826.33530000038445 ], [ 446764.261599999852479, 4469824.360399999655783 ], [ 446748.074300000502262, 4469822.995199999772012 ], [ 446699.369900000281632, 4469818.887599999085069 ], [ 446674.183600000105798, 4469816.763399999588728 ], [ 446661.787800000049174, 4469816.358900000341237 ], [ 446656.484600000083447, 4469816.292700000107288 ], [ 446620.292100000195205, 4469814.362600000575185 ], [ 446592.51410000026226, 4469813.442200000397861 ], [ 446569.577499999722932, 4469812.58039999846369 ], [ 446545.447700000426266, 4469811.519700000993907 ], [ 446537.75800000037998, 4469811.188299999572337 ], [ 446520.211400000378489, 4469805.996799998916686 ], [ 446495.133100000210106, 4469782.683299999684095 ], [ 446471.800599999725819, 4469759.651999999769032 ], [ 446418.372200000099838, 4469710.696100000292063 ], [ 446402.332799999974668, 4469695.999399998225272 ], [ 446386.860600000247359, 4469682.772900000214577 ], [ 446370.738900000229478, 4469668.576100000180304 ], [ 446352.932799999602139, 4469653.597300000488758 ], [ 446333.081399999500718, 4469637.415400001220405 ], [ 446312.989299999549985, 4469622.797599998302758 ], [ 446300.642, 4469614.609799998812377 ], [ 446299.990399999544024, 4469549.17329999897629 ], [ 446299.941599999554455, 4469453.244999998249114 ], [ 446299.892199999652803, 4469356.066199999302626 ], [ 446299.878399999754038, 4469328.994000000879169 ], [ 446299.815100000239909, 4469204.5965 ], [ 446299.779500000178814, 4469134.596899999305606 ], [ 446299.752299999818206, 4469044.737199999392033 ], [ 446370.941999999806285, 4468998.230600000359118 ], [ 446557.370400000363588, 4468875.958400000818074 ], [ 446867.641900000162423, 4468673.38150000013411 ], [ 446888.960599999933038, 4468657.656400000676513 ], [ 447402.676400000229478, 4468323.547399999573827 ], [ 447994.181699999608099, 4467933.467099999077618 ], [ 448288.493700000399258, 4468324.8026 ], [ 448536.361800000071526, 4468163.138399999588728 ], [ 448698.840599999763072, 4468057.935599999502301 ], [ 448725.7204, 4468040.405099999159575 ], [ 448757.28000000026077, 4468008.8445999994874 ], [ 448774.819799999764655, 4467983.124299998395145 ], [ 448795.85950000025332, 4467946.893899999558926 ], [ 448818.059200000076089, 4467910.6535 ], [ 448844.948800000362098, 4467873.252999999560416 ], [ 448882.348399999551475, 4467821.812299999408424 ], [ 448919.75800000037998, 4467782.071699999272823 ], [ 448958.327600000484381, 4467741.160999999381602 ], [ 448992.227300000376999, 4467711.940400002524257 ], [ 449035.476999999955297, 4467679.209699998609722 ], [ 449076.386599999794271, 4467649.979000000283122 ], [ 449120.806300000287592, 4467623.098300000652671 ], [ 449162.886099999770522, 4467599.717599999159575 ], [ 449211.985799999907613, 4467577.506699998863041 ], [ 449258.735500000417233, 4467561.145999999716878 ], [ 449487.8443, 4467479.312100000679493 ], [ 449718.123200000263751, 4467400.998299999162555 ], [ 449719.328700000420213, 4467400.568600000813603 ], [ 449695.644999999552965, 4467362.4704 ], [ 449686.390999999828637, 4467342.305199998430908 ], [ 449682.494199999608099, 4467327.239999999292195 ], [ 449680.898000000044703, 4467308.126499999314547 ], [ 449683.3394, 4467289.816499999724329 ], [ 449686.867999999842141, 4467276.361099999397993 ], [ 449691.375099999830127, 4467265.923599999397993 ], [ 449696.000799999572337, 4467257.858199999667704 ], [ 449704.090699999593198, 4467247.093100000172853 ], [ 449711.657100000418723, 4467238.050699998624623 ], [ 449723.621399999596179, 4467228.78309999871999 ], [ 449736.564699999929871, 4467221.5642 ], [ 449753.527800000272691, 4467214.745400000363588 ], [ 449842.636500000022352, 4467184.228700000792742 ], [ 449926.252199999988079, 4467154.932700000703335 ], [ 449953.4792, 4467144.171900000423193 ], [ 449962.214100000448525, 4467138.6782 ], [ 449969.036199999973178, 4467134.387399999424815 ], [ 449995.129900000058115, 4467113.749600001610816 ], [ 450025.356599999649916, 4467087.628399999812245 ], [ 450036.879900000058115, 4467078.404500001110137 ], [ 450044.206399999558926, 4467073.62639999948442 ], [ 450050.385999999940395, 4467069.596300000324845 ], [ 450061.059200000017881, 4467064.684399999678135 ], [ 450082.858500000089407, 4467057.918999999761581 ], [ 450155.694199999794364, 4467041.626799999736249 ], [ 450263.03110000025481, 4467016.709399999119341 ], [ 450429.652900000102818, 4466993.036999999545515 ], [ 450447.999699999578297, 4467062.03690000064671 ], [ 450458.783200000412762, 4467097.394200001843274 ], [ 450480.949900000356138, 4467164.41499999910593 ], [ 450503.475899999961257, 4467240.895600000396371 ], [ 450522.082399999722838, 4467303.669199999421835 ], [ 450536.498200000263751, 4467358.454199998639524 ], [ 450552.907399999909103, 4467425.06110000051558 ], [ 450568.025000000372529, 4467478.22550000064075 ], [ 450587.27240000013262, 4467545.870400000363588 ], [ 450591.252600000239909, 4467563.2835 ], [ 450600.605700000247452, 4467598.201799998991191 ], [ 450607.804299999959767, 4467624.854300000704825 ], [ 450618.155399999581277, 4467659.694700000807643 ], [ 450627.96750000026077, 4467691.065500000491738 ], [ 450631.536199999973178, 4467707.915799998678267 ], [ 450640.372499999590218, 4467730.132799998857081 ], [ 450648.956299999728799, 4467751.845000000670552 ], [ 450657.960400000214577, 4467787.049200000241399 ], [ 450663.652300000190735, 4467798.118599998764694 ], [ 450674.601599999703467, 4467817.701400001533329 ], [ 450684.565100000239909, 4467839.589399999007583 ], [ 450689.168999999761581, 4467850.774999999441206 ], [ 450691.588999999687076, 4467862.604499999433756 ], [ 450697.009499999694526, 4467887.524500000290573 ], [ 450700.21030000038445, 4467897.158299999311566 ], [ 450705.769500000402331, 4467911.434500000439584 ], [ 450716.706299999728799, 4467925.39750000089407 ], [ 450725.400000000372529, 4467940.834499998949468 ], [ 450732.450000000186265, 4467958.204500000923872 ], [ 450735.21999999973923, 4467964.834499999880791 ], [ 450738.610000000335276, 4467969.574500000104308 ], [ 450751.100499999709427, 4467984.713999998755753 ], [ 450763.040500000119209, 4468002.834000001661479 ], [ 450766.160500000230968, 4468010.893999999389052 ], [ 450767.650500000454485, 4468016.974000000394881 ], [ 450768.959400000050664, 4468023.642000000923872 ], [ 450770.180499999783933, 4468030.363999999128282 ], [ 450771.220999999903142, 4468038.303999999538064 ], [ 450771.571000000461936, 4468042.334000000730157 ], [ 450771.980999999679625, 4468047.174000000581145 ], [ 450772.237099999561906, 4468052.878100001253188 ], [ 450772.597000000067055, 4468059.846599999815226 ], [ 450773.001000000163913, 4468067.123999998904765 ], [ 450773.980999999679625, 4468073.233999998308718 ], [ 450774.565999999642372, 4468076.400399999693036 ], [ 450775.411000000312924, 4468080.973999999463558 ], [ 450781.031499999575317, 4468090.373999999836087 ], [ 450784.460900000296533, 4468094.590199998579919 ], [ 450778.722699999809265, 4468101.536499999463558 ], [ 450760.903800000436604, 4468119.053300002589822 ], [ 450737.950799999758601, 4468142.912399999797344 ], [ 450724.825000000186265, 4468157.582700000144541 ], [ 450716.309000000357628, 4468169.789000000804663 ], [ 450710.347799999639392, 4468180.29209999833256 ], [ 450707.509100000374019, 4468190.79520000051707 ], [ 450706.9413, 4468199.595100001432002 ], [ 450708.076799999922514, 4468207.827299999073148 ], [ 450709.24239999987185, 4468210.231599998660386 ], [ 450712.196600000374019, 4468213.235200000926852 ], [ 450713.924700000323355, 4468214.4134 ], [ 450736.792000000365078, 4468226.576799998991191 ], [ 450799.55530000012368, 4468256.255600000731647 ], [ 450850.641800000332296, 4468281.0691 ], [ 450869.911000000312924, 4468290.929100001230836 ], [ 450881.709800000302494, 4468300.761399999260902 ], [ 450902.983199999667704, 4468321.31980000063777 ], [ 450925.508100000210106, 4468343.308399999514222 ], [ 450955.71999999973923, 4468372.983999999240041 ], [ 450981.462700000032783, 4468398.369199999608099 ], [ 451005.757100000046194, 4468419.203199998475611 ], [ 451030.862900000065565, 4468446.540599999018013 ], [ 451076.615299999713898, 4468511.262499999254942 ], [ 451252.932400000281632, 4468354.414899999275804 ], [ 451566.894299999810755, 4468074.342199999839067 ], [ 451587.956699999922421, 4468057.228399999439716 ], [ 451618.892199999652803, 4468036.823400000110269 ], [ 451657.726099999563303, 4468014.44370000064373 ], [ 451701.825699999928474, 4467992.72199999820441 ], [ 451764.025899999716785, 4467962.114199999719858 ], [ 451821.618599999696016, 4467936.113900000229478 ], [ 451882.173299999907613, 4467913.075500000268221 ], [ 451930.551300000399351, 4467898.26490000076592 ], [ 452030.269100000150502, 4467869.630899999290705 ], [ 452186.263399999588728, 4467825.19889999832958 ], [ 452328.435300000011921, 4467779.779899998567998 ], [ 452455.468500000424683, 4467735.348500001244247 ], [ 452681.561300000175834, 4467648.789899999275804 ], [ 452754.292700000107288, 4467619.169199998490512 ], [ 452800.037800000049174, 4467597.11839999910444 ], [ 452823.40400000003865, 4467584.2829 ], [ 452850.061200000287499, 4467568.1563 ], [ 452881.325699999928474, 4467543.472999998368323 ], [ 452906.995600000023842, 4467520.7643 ], [ 452934.969100000336766, 4467491.473600001074374 ], [ 452957.347900000400841, 4467464.815799999050796 ], [ 452982.030299999751151, 4467428.613999999128282 ], [ 453000.899299999698997, 4467394.487299999222159 ], [ 452894.064899999648333, 4467230.84080000128597 ], [ 452731.274400000460446, 4467097.594000001437962 ], [ 452641.40429999952903, 4467050.215800000354648 ], [ 452535.832899999746587, 4466784.837899999693036 ], [ 452379.872399999760091, 4466664.46100000012666 ], [ 452258.201299999840558, 4466434.093399999663234 ], [ 451984.21999999973923, 4466134.42879999987781 ], [ 451910.439399999566376, 4466016.080300000496209 ], [ 451736.638199999928474, 4465750.263699998147786 ], [ 451589.886300000362098, 4465387.956200000829995 ], [ 451423.264600000344217, 4465054.219900000840425 ], [ 451349.934200000017881, 4464948.691299999132752 ], [ 451132.563500000163913, 4464750.505100001581013 ], [ 451005.543200000189245, 4464572.537699999287724 ], [ 450769.702800000086427, 4464318.612099999561906 ], [ 450516.372600000351667, 4464132.226600000634789 ], [ 450451.022099999710917, 4463972.068099999800324 ], [ 450354.311400000064168, 4463723.490299999713898 ], [ 450292.600700000301003, 4463485.511900000274181 ], [ 450290.830000000074506, 4463256.732599999755621 ], [ 450395.748999999836087, 4462973.852 ], [ 450515.639000000432134, 4463009.510099999606609 ], [ 450559.898900000378489, 4462980.369599999859929 ], [ 450679.028900000266731, 4462989.197799999266863 ], [ 450781.088800000026822, 4462977.4264000011608 ], [ 450906.50829999987036, 4462841.205 ], [ 451048.53830000013113, 4462866.64289999846369 ], [ 450891.308100000023842, 4462757.285499999299645 ], [ 450823.968100000172853, 4462753.896500000730157 ], [ 450744.86809999961406, 4462756.557600000873208 ], [ 450662.858099999837577, 4462747.5888 ], [ 450578.568099999800324, 4462725.980100000277162 ], [ 450503.61809999961406, 4462719.271199998445809 ], [ 450423.268099999986589, 4462695.482399999164045 ], [ 450335.658099999651313, 4462684.393700000829995 ], [ 450243.978000000119209, 4462670.425000000745058 ], [ 450086.088000000454485, 4462640.397399999201298 ], [ 449918.978000000119209, 4462631.079800000414252 ], [ 449585.098000000230968, 4462602.814600000157952 ], [ 449500.407999999879394, 4462598.705800000578165 ], [ 449414.25800000037998, 4462595.946999999694526 ], [ 449165.898000000044703, 4462565.990599998272955 ], [ 449082.698099999688566, 4462578.101800000295043 ], [ 449001.298200000077486, 4462596.872899999842048 ], [ 448837.35840000025928, 4462635.105099999345839 ], [ 448476.46889999974519, 4462726.630099999718368 ], [ 448329.149000000208616, 4462749.292099999263883 ], [ 448072.159500000067055, 4462823.005700000561774 ], [ 447841.4803, 4462966.288699999451637 ], [ 447665.771599999687169, 4463208.67100000102073 ], [ 447539.951899999752641, 4463257.2527 ], [ 447323.312599999888334, 4463361.545799999497831 ], [ 447024.313299999572337, 4463444.920099999755621 ], [ 446926.343700000084937, 4463509.661399999633431 ], [ 446815.863099999725819, 4463378.293199999257922 ], [ 446814.948800000362098, 4463376.164300000295043 ], [ 446801.406000000424683, 4463382.494000001810491 ], [ 446792.814000000245869, 4463386.370999999344349 ], [ 446784.123999999836087, 4463389.946999999694526 ], [ 446774.825000000186265, 4463393.411000000312924 ], [ 446760.417999999597669, 4463398.437999998219311 ], [ 446750.731999999901745, 4463401.535000000149012 ], [ 446722.571000000520144, 4463409.431000000797212 ], [ 446695.66399999987334, 4463418.761 ], [ 446639.054999999701977, 4463445.128999999724329 ], [ 446630.603000000119209, 4463448.770499999634922 ], [ 446623.713000000512693, 4463452.056599999777973 ], [ 446611.009100000374019, 4463458.45170000102371 ], [ 446603.358099999837577, 4463462.356799998320639 ], [ 446589.389999999664724, 4463470.666999999433756 ], [ 446585.700000000186265, 4463472.886999999172986 ], [ 446581.772199999541044, 4463475.350199999287724 ], [ 446577.652200000360608, 4463477.6952 ], [ 446573.580199999734759, 4463480.333299999125302 ], [ 446565.178000000305474, 4463484.661000000312924 ], [ 446561.697999999858439, 4463486.630000000819564 ], [ 446557.149299999757204, 4463488.191500000655651 ], [ 446550.128999999782536, 4463491.690000000409782 ], [ 446546.360299999825656, 4463493.216700000688434 ], [ 446540.719399999827147, 4463495.99970000050962 ], [ 446536.8454, 4463497.903799999505281 ], [ 446501.856599999591708, 4463517.197200000286102 ], [ 446491.744599999859929, 4463522.908399999141693 ], [ 446480.900700000114739, 4463528.736500000581145 ], [ 446468.469800000078976, 4463534.612600000575185 ], [ 446457.686800000315998, 4463540.4408 ], [ 446451.066899999976158, 4463544.350899999029934 ], [ 446444.569899999594782, 4463548.138900000602007 ], [ 446439.173899999819696, 4463551.511 ], [ 446432.358, 4463557.006099999882281 ], [ 446426.765999999828637, 4463562.022199999541044 ], [ 446419.760099999606609, 4463568.4923 ], [ 446412.443199999630451, 4463575.507400000467896 ], [ 446403.781200000084937, 4463583.000499999150634 ], [ 446394.88329999987036, 4463589.453600001521409 ], [ 446386.185999999754131, 4463596.410000000149012 ], [ 446372.18099999986589, 4463608.049000000581145 ], [ 446352.940000000409782, 4463622.875 ], [ 446340.059999999648426, 4463632.578000000678003 ], [ 446332.308000000193715, 4463638.514000000432134 ], [ 446311.085900000296533, 4463654.702600001357496 ], [ 446305.496000000275671, 4463659.41469999961555 ], [ 446297.021999999880791, 4463666.237800001166761 ], [ 446289.097099999897182, 4463673.065899998880923 ], [ 446282.94620000012219, 4463679.298000000417233 ], [ 446276.000199999660254, 4463685.7061 ], [ 446269.615299999772105, 4463690.717199999839067 ], [ 446264.881299999600742, 4463695.314200000837445 ], [ 446260.262400000356138, 4463700.643299999646842 ], [ 446256.380400000140071, 4463705.43030000012368 ], [ 446250.117499999701977, 4463710.442399998195469 ], [ 446243.682500000111759, 4463714.16950000077486 ], [ 446235.898599999956787, 4463718.619599999859929 ], [ 446230.1886, 4463723.147700001485646 ], [ 446225.331600000150502, 4463727.804700000211596 ], [ 446217.766699999570847, 4463735.42780000064522 ], [ 446211.121799999848008, 4463742.388899999670684 ], [ 446204.474799999967217, 4463749.592999999411404 ], [ 446196.539900000207126, 4463757.640100000426173 ], [ 446188.416000000201166, 4463766.479199999012053 ], [ 446180.72510000038892, 4463774.467299999669194 ], [ 446170.876199999824166, 4463785.427400000393391 ], [ 446160.337299999780953, 4463798.577600000426173 ], [ 446152.389399999752641, 4463808.088700000196695 ], [ 446126.113300000317395, 4463833.648600000888109 ], [ 446095.967500000318978, 4463863.210999999195337 ], [ 446039.826000000350177, 4463915.585100000724196 ], [ 445959.921799999719951, 4463996.694399999454618 ], [ 445962.0, 4463999.0 ], [ 445969.271200000366662, 4464006.487999999895692 ], [ 445954.952100000344217, 4464024.449999999254942 ], [ 445950.057300000451505, 4464029.60939999949187 ], [ 445940.730800000019372, 4464037.811499999836087 ], [ 445912.089599999599159, 4464062.020899998955429 ], [ 445889.467600000090897, 4464081.864700000733137 ], [ 445863.472299999499228, 4464104.155899999663234 ], [ 445837.146200000308454, 4464128.166899999603629 ], [ 445815.463499999605119, 4464147.7195999994874 ], [ 445789.90469999978086, 4464172.4847 ], [ 445759.583399999886751, 4464200.424699999392033 ], [ 445752.439600000157952, 4464207.72719999961555 ], [ 445739.739599999971688, 4464223.443499999120831 ], [ 445725.928299999854062, 4464238.36600000038743 ], [ 445702.274500000290573, 4464260.432299999520183 ], [ 445686.082000000402331, 4464273.767400000244379 ], [ 445658.300699999614153, 4464296.62739999871701 ], [ 445633.535699999891222, 4464319.804999998770654 ], [ 445613.533099999651313, 4464338.220000001601875 ], [ 445600.356800000183284, 4464349.332499998621643 ], [ 445587.815600000380073, 4464356.635000000707805 ], [ 445574.480499999597669, 4464362.984999999403954 ], [ 445564.479299999773502, 4464367.747499999590218 ], [ 445548.127999999560416, 4464376.9551 ], [ 445529.07799999974668, 4464386.797599998302758 ], [ 445517.330400000326335, 4464391.242599998600781 ], [ 445511.139200000092387, 4464395.211400000378489 ], [ 445499.074099999852479, 4464407.911399999633431 ], [ 445485.739099999889731, 4464421.563900000415742 ], [ 445475.737800000235438, 4464430.136399999260902 ], [ 445470.340300000272691, 4464433.787699999287724 ], [ 445460.497800000011921, 4464438.3914 ], [ 445447.797799999825656, 4464442.677699998952448 ], [ 445435.415300000517163, 4464446.805200000293553 ], [ 445428.588999999687076, 4464450.615200000815094 ], [ 445419.857699999585748, 4464456.330200000666082 ], [ 445400.807699999772012, 4464470.776499999687076 ], [ 445384.773900000378489, 4464484.270300000905991 ], [ 445372.232599999813829, 4464495.224099998362362 ], [ 445361.120099999941885, 4464508.400299998931587 ], [ 445339.371299999766052, 4464540.785399999469519 ], [ 445307.30379999987781, 4464589.998000000603497 ], [ 445290.634999999718275, 4464615.556799999438226 ], [ 445282.697499999776483, 4464630.161799999885261 ], [ 445277.776200000196695, 4464637.623099999502301 ], [ 445268.568699999712408, 4464648.418099999427795 ], [ 445253.487399999983609, 4464660.800599998794496 ], [ 445231.421099999919534, 4464677.310700000263751 ], [ 445201.417299999913666, 4464698.900699999183416 ], [ 445182.525999999605119, 4464714.775699999183416 ], [ 445143.949699999764562, 4464742.874500000849366 ], [ 445107.595900000073016, 4464766.369599999859929 ], [ 445083.942099999636412, 4464782.244599998928607 ], [ 445063.145800000056624, 4464797.008400000631809 ], [ 445045.842000000178814, 4464810.025900000706315 ], [ 445019.806900000199676, 4464830.187199999578297 ], [ 444998.216900000348687, 4464845.9035 ], [ 444979.484400000423193, 4464862.889799998141825 ], [ 444958.846800000406802, 4464881.463600000366569 ], [ 444949.639299999922514, 4464889.401100000366569 ], [ 444927.096699999645352, 4464907.339899999089539 ], [ 444906.300499999895692, 4464924.326199999079108 ], [ 444892.330400000326335, 4464934.644899999722838 ], [ 444864.013500000350177, 4464956.004699998535216 ], [ 444855.910799999721348, 4464962.207299999892712 ], [ 444852.787800000049174, 4464958.126900000497699 ], [ 444853.674200000241399, 4464954.206700000911951 ], [ 444853.856900000013411, 4464950.065000000409782 ], [ 444852.82149999961257, 4464946.288699999451637 ], [ 444851.725200000219047, 4464942.329700000584126 ], [ 444849.990899999625981, 4464935.39949999935925 ], [ 444846.669900000095367, 4464923.083000000566244 ], [ 444842.9545, 4464914.06870000064373 ], [ 444838.957800000032876, 4464906.11009999923408 ], [ 444835.645600000396371, 4464897.928300001658499 ], [ 444832.417500000447035, 4464891.532999999821186 ], [ 444829.859400000423193, 4464886.721400000154972 ], [ 444827.544999999925494, 4464882.335999999195337 ], [ 444824.865000000223517, 4464878.437999998219311 ], [ 444822.063299999572337, 4464875.20990000013262 ], [ 444819.505199999490287, 4464872.773600000888109 ], [ 444816.703499999828637, 4464870.459100000560284 ], [ 444813.962600000202656, 4464869.058199999853969 ], [ 444810.003700000233948, 4464867.413699998520315 ], [ 444805.252899999730289, 4464864.551100000739098 ], [ 444800.989400000311434, 4464860.713899999856949 ], [ 444795.67949999962002, 4464854.8536 ], [ 444790.238500000035856, 4464847.036400000564754 ], [ 444787.709499999880791, 4464844.110700001008809 ], [ 444784.300800000259187, 4464840.370899999514222 ], [ 444779.549999999813735, 4464842.319900000467896 ], [ 444776.870099999941885, 4464843.598999998532236 ], [ 444774.190200000070035, 4464845.121699999086559 ], [ 444771.493700000457466, 4464847.036400000564754 ], [ 444768.337600000202656, 4464850.212899997830391 ], [ 444762.496000000275671, 4464855.597699998877943 ], [ 444759.417299999913666, 4464852.287399998866022 ], [ 444355.61670000012964, 4464593.271999998949468 ], [ 444144.856499999703374, 4464473.215099999681115 ], [ 444144.706799999810755, 4464513.034400000236928 ], [ 444137.677199999860022, 4464574.614499999210238 ], [ 444125.464300000108778, 4464654.825899998657405 ], [ 444107.748200000321958, 4464708.640100000426173 ], [ 444080.509600000455976, 4464770.869699999690056 ], [ 444073.644600000232458, 4464800.32349999807775 ], [ 444071.651700000278652, 4464830.884600000455976 ], [ 444062.793899999989662, 4464870.746899999678135 ], [ 444056.81489999970654, 4464904.851399999111891 ], [ 444052.829300000332296, 4464969.295400000177324 ], [ 444035.334800000360701, 4465018.016200000420213 ], [ 444006.54590000025928, 4465059.871900000609457 ], [ 443944.096099999733269, 4465135.610999999567866 ], [ 443893.604799999855459, 4465194.5192 ], [ 443858.224000000394881, 4465255.3591 ], [ 443828.276499999687076, 4465314.549700000323355 ], [ 443817.204400000162423, 4465376.557799999602139 ], [ 443819.419499999843538, 4465437.67989999987185 ], [ 443810.736300000047777, 4465467.15019999910146 ], [ 443797.495900000445545, 4465492.601599999703467 ], [ 443771.338800000026822, 4465523.901000000536442 ], [ 443754.667200000025332, 4465543.601099999621511 ], [ 443739.789800000376999, 4465557.058700000867248 ], [ 443715.779599999950733, 4465576.75620000064373 ], [ 443700.942200000456069, 4465591.815500000491738 ], [ 443690.75549999991199, 4465614.40430000051856 ], [ 443685.662299999967217, 4465647.622899998910725 ], [ 443685.441300000064075, 4465692.357199999503791 ], [ 443685.884999999776483, 4465768.7599 ], [ 443681.234699999913573, 4465796.220599999651313 ], [ 443665.890599999576807, 4465854.472999999299645 ], [ 443643.366899999789894, 4465914.9221 ], [ 443633.844600000418723, 4465941.054199998266995 ], [ 443619.671699999831617, 4465966.521900000981987 ], [ 443603.505699999688659, 4465997.083199999295175 ], [ 443595.754999999888241, 4466021.0006 ], [ 443587.118700000457466, 4466061.527400000952184 ], [ 443577.263299999758601, 4466092.154799998737872 ], [ 443557.001299999654293, 4466123.314300001598895 ], [ 443526.662100000306964, 4466148.1179 ], [ 443501.416299999691546, 4466162.734400000423193 ], [ 443479.049399999901652, 4466168.271099998615682 ], [ 443387.588399999774992, 4466187.981899999082088 ], [ 443320.435499999730382, 4466210.138299999758601 ], [ 443269.774400000460446, 4466227.402699999511242 ], [ 443222.826000000350177, 4466242.462400000542402 ], [ 443188.057599999941885, 4466256.636099999770522 ], [ 443171.005699999630451, 4466270.145199999213219 ], [ 443161.516699999570847, 4466279.941099998541176 ], [ 443151.517799999623094, 4466291.183800001628697 ], [ 443145.538599999621511, 4466305.135700000450015 ], [ 443145.538800000213087, 4466320.859200001694262 ], [ 443151.296799999661744, 4466337.246900000609457 ], [ 443162.148299999535084, 4466353.413200001232326 ], [ 443173.000099999830127, 4466395.932800000533462 ], [ 443182.744800000451505, 4466462.812699999660254 ], [ 443183.631000000110362, 4466503.117900000885129 ], [ 443182.081199999898672, 4466533.236099999397993 ], [ 443175.629800000286195, 4466565.051099999807775 ], [ 443150.080900000408292, 4466667.271699999459088 ], [ 443136.906000000424683, 4466705.973200000822544 ], [ 443124.283300000242889, 4466729.890799999237061 ], [ 443105.459699999541044, 4466745.614499999210238 ], [ 443088.822100000397768, 4466757.972799999639392 ], [ 443055.854000000283122, 4466773.96159999910742 ], [ 442991.853600000031292, 4466794.779399999417365 ], [ 442927.188799999654293, 4466823.791099998168647 ], [ 442888.877299999876413, 4466844.60850000102073 ], [ 442871.634100000374019, 4466856.205799999646842 ], [ 442854.864299999608193, 4466870.915999999269843 ], [ 442843.824500000104308, 4466884.336199999786913 ], [ 442837.854600000253413, 4466891.596300000324845 ], [ 442835.084699999541044, 4466897.686399999074638 ], [ 442826.206199999898672, 4466923.891000000759959 ], [ 442812.254999999888241, 4466974.604900000616908 ], [ 442796.753700000233948, 4467030.855200000107288 ], [ 442792.146599999628961, 4467059.537400000728667 ], [ 442788.236999999731779, 4467097.437599998898804 ], [ 442784.797399999573827, 4467130.7577 ], [ 442776.987700000405312, 4467157.4079 ], [ 442751.488199999555945, 4467189.338300000876188 ], [ 442744.048200000019278, 4467193.268400001339614 ], [ 442713.118599999696016, 4467209.578899999149144 ], [ 442676.698900000192225, 4467224.809399999678135 ], [ 442676.348899999633431, 4467224.949399999342859 ], [ 442670.528900000324938, 4467226.0795 ], [ 442637.989199999719858, 4467232.309899999760091 ], [ 442620.619300000369549, 4467239.100200000219047 ], [ 442600.999499999918044, 4467246.7804000005126 ], [ 442580.779799999669194, 4467266.53080000076443 ], [ 442567.107200000435114, 4467291.513199998997152 ], [ 442552.491600000299513, 4467333.811699998565018 ], [ 442540.351099999679718, 4467373.831599998287857 ], [ 442527.021800000220537, 4467432.642000000923872 ], [ 442505.433000000193715, 4467530.282599999569356 ], [ 442495.773599999956787, 4467581.742900000885129 ], [ 442480.154000000096858, 4467613.813200001604855 ], [ 442478.324099999852479, 4467617.593199999071658 ], [ 442456.9545, 4467647.913599998690188 ], [ 442446.954599999822676, 4467655.453700000420213 ], [ 442424.30489999987185, 4467672.494099999777973 ], [ 442393.775200000032783, 4467687.774499998427927 ], [ 442363.225599999539554, 4467703.054999998770654 ], [ 442328.38300000037998, 4467725.350999998860061 ], [ 442314.652900000102818, 4467738.195699998177588 ], [ 442294.279199999757111, 4467759.898700000718236 ], [ 442260.618499999807682, 4467803.969200000166893 ], [ 442202.819500000216067, 4467885.909099998883903 ], [ 442180.448800000362098, 4467909.137999999336898 ], [ 442149.049100000411272, 4467928.478499998338521 ], [ 442136.669400000013411, 4467947.588699999265373 ], [ 442133.189500000327826, 4467958.36879999935627 ], [ 442132.059600000327919, 4467961.848799998871982 ], [ 442098.827399999892805, 4468081.978500001132488 ], [ 442159.604500000365078, 4468054.02419999986887 ], [ 442196.229399999661837, 4468040.70539999846369 ], [ 442233.964200000278652, 4468029.051400000229478 ], [ 442278.635599999688566, 4468020.726800000295043 ], [ 442316.925300000235438, 4468014.344599998556077 ], [ 442368.255900000222027, 4468011.29179999884218 ], [ 442425.690600000321865, 4468011.846 ], [ 442467.865000000223517, 4468013.787699998356402 ], [ 442514.201200000010431, 4468015.451899999752641 ], [ 442543.8898, 4468017.671199998818338 ], [ 442606.873800000175834, 4468022.387299999594688 ], [ 442672.077600000426173, 4468030.155500000342727 ], [ 442731.732099999673665, 4468037.36879999935627 ], [ 442796.103600000031292, 4468046.246799999848008 ], [ 442854.226800000295043, 4468056.589700001291931 ], [ 442928.546500000229571, 4468071.188699998892844 ], [ 442983.206399999558926, 4468083.388099999167025 ], [ 443011.916299999691546, 4468090.497699999250472 ], [ 443042.626199999765959, 4468098.097299999557436 ], [ 443101.356100000441074, 4468114.846599999815226 ], [ 443150.675999999919441, 4468132.026000001467764 ], [ 443159.326000000408385, 4468135.415899999439716 ], [ 443207.505900000222027, 4468154.245299999602139 ], [ 443261.065899999812245, 4468178.6447 ], [ 443291.54590000025928, 4468194.484300001524389 ], [ 443319.255900000222027, 4468208.884000000543892 ], [ 443346.415900000371039, 4468224.313699999824166 ], [ 443352.365899999625981, 4468227.693600000813603 ], [ 443393.245900000445545, 4468253.453199998475611 ], [ 443409.7659, 4468264.63300000037998 ], [ 443450.626000000163913, 4468292.282500000670552 ], [ 443585.19620000012219, 4468386.770999998785555 ], [ 444215.427500000223517, 4468896.31389999948442 ], [ 444306.977599999809172, 4468961.712799999862909 ], [ 444340.577600000484381, 4468985.712400001473725 ], [ 444416.567999999970198, 4469070.6316 ], [ 444443.388399999588728, 4469128.741399999707937 ], [ 444514.900799999944866, 4469432.681099999696016 ], [ 444539.601300000213087, 4469509.871000000275671 ], [ 444586.412399999797344, 4469656.150699997320771 ], [ 444621.10259999986738, 4469700.290300000458956 ], [ 444693.822100000514183, 4469705.689300001598895 ], [ 444829.641499999910593, 4469728.317500001750886 ], [ 444942.830900000408292, 4469750.956000000238419 ], [ 445241.229700000025332, 4469827.102 ], [ 445543.75829999987036, 4469905.298000000417233 ], [ 446150.835900000354741, 4470102.8399 ], [ 446265.655100000090897, 4470138.52930000051856 ], [ 446303.125199999660254, 4470150.177799999713898 ], [ 446506.864299999549985, 4470211.915100000798702 ], [ 446764.603699999919627, 4470290.650900000706315 ], [ 446871.533499999903142, 4470321.909199999645352 ], [ 446983.733300000429153, 4470354.387300000526011 ], [ 447254.842799999751151, 4470429.1327 ], [ 447315.53280000021914, 4470449.331700000911951 ], [ 447446.942499999888241, 4470487.60950000025332 ], [ 447463.002000000327826, 4470422.859200000762939 ], [ 447595.810399999842048, 4470277.2867 ], [ 447570.290300000458956, 4470253.1771 ], [ 447550.43030000012368, 4470238.5274 ], [ 447524.920199999585748, 4470220.567799999378622 ], [ 447507.950199999846518, 4470207.737999999895692 ], [ 447510.190200000070035, 4470206.248099998570979 ] ] ] } },
{ "type": "Feature", "properties": { "tau": -0.52000004053115845, "two_sided_pval": 0.00021308124996721745, "name": "Casco Histórico de Vallecas", "classification": "negative trend with prob > 99%" }, "geometry": { "type": "Polygon", "coordinates": [ [ [ 448475.327899999916553, 4470851.243000000715256 ], [ 448523.701399999728892, 4470805.211400000378489 ], [ 448534.361700000241399, 4470815.108899999409914 ], [ 448551.155899999663234, 4470825.541400000452995 ], [ 448565.91440000012517, 4470831.902599999681115 ], [ 448575.838299999944866, 4470833.938100000843406 ], [ 448584.998700000345707, 4470832.15669999923557 ], [ 448594.159099999815226, 4470825.03169999923557 ], [ 448602.140200000314508, 4470804.519799999892712 ], [ 448627.069899999536574, 4470773.839299999177456 ], [ 448722.950000000186265, 4470845.747700000181794 ], [ 448742.129999999946449, 4470849.587400001473725 ], [ 448756.509899999946356, 4470849.587099998258054 ], [ 448778.559799999988172, 4470848.626800001598895 ], [ 448816.919599999673665, 4470834.246100000105798 ], [ 448830.33949999982724, 4470825.615799999795854 ], [ 448875.409099999815226, 4470796.845000000670552 ], [ 448928.138399999588728, 4470727.814099999144673 ], [ 448956.9079, 4470676.99349999986589 ], [ 448982.787499999627471, 4470624.253000000491738 ], [ 448999.087000000290573, 4470569.602700000628829 ], [ 449001.966799999587238, 4470543.712599999271333 ], [ 448975.896499999798834, 4470486.203000000678003 ], [ 448973.346300000266638, 4470455.483100001700222 ], [ 448982.786100000201259, 4470427.692900000140071 ], [ 449000.23589999973774, 4470404.122500001452863 ], [ 449024.105700000189245, 4470388.202099999412894 ], [ 449059.125400000310037, 4470373.88150000013411 ], [ 449106.875199999718461, 4470369.100700000301003 ], [ 449113.2352, 4470365.920599999837577 ], [ 449254.812599999830127, 4470068.4079 ], [ 449187.674300000071526, 4470014.52690000180155 ], [ 449173.778699999675155, 4470002.6721 ], [ 449160.174599999561906, 4469989.456999999471009 ], [ 449152.109199999831617, 4469979.642700000666082 ], [ 449145.112800000235438, 4469969.3426 ], [ 449138.019199999980628, 4469956.710400000214577 ], [ 449131.119900000281632, 4469941.357299999333918 ], [ 449124.997999999730382, 4469925.615499999374151 ], [ 449117.321299999952316, 4469904.52930000051856 ], [ 449108.381299999542534, 4469876.641100000590086 ], [ 449094.679800000041723, 4469842.631099999882281 ], [ 449069.026200000196695, 4469800.458800000138581 ], [ 449053.368300000205636, 4469781.051000000908971 ], [ 449039.67090000025928, 4469767.915899998508394 ], [ 449023.2341, 4469754.218800000846386 ], [ 449007.055900000035763, 4469743.070699999108911 ], [ 448980.77419999986887, 4469726.913500000722706 ], [ 448961.305499999783933, 4469715.660299999639392 ], [ 448949.5455, 4469709.3585 ], [ 448935.253499999642372, 4469703.394300000742078 ], [ 448925.575400000438094, 4469700.299799998290837 ], [ 448914.71129999961704, 4469697.9134 ], [ 448903.743599999696016, 4469696.642699999734759 ], [ 448872.290000000037253, 4469694.898999999277294 ], [ 448859.854799999855459, 4469693.211100000888109 ], [ 448847.532200000248849, 4469690.566800000146031 ], [ 448829.63910000026226, 4469684.715200000442564 ], [ 448804.71239999961108, 4469674.925000000745058 ], [ 448770.362300000153482, 4469657.833799998275936 ], [ 448732.35429999983171, 4469678.447300001047552 ], [ 448575.020499999634922, 4469760.905200000852346 ], [ 448397.423200000077486, 4469854.791200000792742 ], [ 448271.715800000354648, 4469920.2851 ], [ 448216.066300000064075, 4469950.004899998195469 ], [ 448163.912999999709427, 4469975.645600000396371 ], [ 448127.201700000092387, 4469990.214400000870228 ], [ 448089.907700000330806, 4470002.743500000797212 ], [ 448061.06319999974221, 4470009.736600000411272 ], [ 448036.880400000140071, 4470015.272999999113381 ], [ 447990.8454, 4470022.26649999897927 ], [ 447908.775299999862909, 4470031.773999999277294 ], [ 447908.216900000348687, 4470031.857999998144805 ], [ 447871.982400000153575, 4470037.30980000179261 ], [ 447776.848000000230968, 4470049.043200000189245 ], [ 447725.778199999593198, 4470053.254200000315905 ], [ 447675.918399999849498, 4470057.354999999515712 ], [ 447648.488599999749567, 4470058.72550000064075 ], [ 447616.548700000159442, 4470060.326099999248981 ], [ 447604.738699999637902, 4470062.2363 ], [ 447602.458800000138581, 4470062.596299999393523 ], [ 447601.748899999947753, 4470086.256299999542534 ], [ 447600.24930000025779, 4470136.12639999948442 ], [ 447595.219499999657273, 4470154.546499999240041 ], [ 447578.679999999701977, 4470214.946900000795722 ], [ 447518.750099999830127, 4470200.577900000847876 ], [ 447510.190200000070035, 4470206.248099998570979 ], [ 447507.950199999846518, 4470207.737999999895692 ], [ 447524.920199999585748, 4470220.567799999378622 ], [ 447550.43030000012368, 4470238.5274 ], [ 447570.290300000458956, 4470253.1771 ], [ 447595.810399999842048, 4470277.2867 ], [ 447463.002000000327826, 4470422.859200000762939 ], [ 447446.942499999888241, 4470487.60950000025332 ], [ 447315.53280000021914, 4470449.331700000911951 ], [ 447254.842799999751151, 4470429.1327 ], [ 446983.733300000429153, 4470354.387300000526011 ], [ 446922.004499999806285, 4470481.47859999909997 ], [ 446970.155199999862816, 4470584.057900000363588 ], [ 447007.835699999646749, 4470678.257400000467896 ], [ 447062.266699999570847, 4470835.276700000278652 ], [ 447219.487800000235438, 4471323.561599999666214 ], [ 447431.241600000299513, 4471260.9781 ], [ 447500.778400000184774, 4471240.59809999819845 ], [ 447740.712700000032783, 4471170.092100000940263 ], [ 448049.622899999842048, 4471080.771800000220537 ], [ 448103.313299999572337, 4471065.248899999074638 ], [ 448151.151100000366569, 4471048.453799999319017 ], [ 448201.024500000290573, 4471028.350700000301003 ], [ 448237.157300000078976, 4471012.319199999794364 ], [ 448296.191100000403821, 4470980.256400001235306 ], [ 448339.878200000093784, 4470954.366899999789894 ], [ 448339.880900000222027, 4470954.3651 ], [ 448346.031999999657273, 4470950.239999999292195 ], [ 448386.268500000238419, 4470923.25620000064373 ], [ 448428.18159999983618, 4470891.422900001518428 ], [ 448475.327899999916553, 4470851.243000000715256 ] ] ] } },
{ "type": "Feature", "properties": { "tau": -0.52000004053115845, "two_sided_pval": 0.00021308124996721745, "name": "Santa Eugenia", "classification": "negative trend with prob > 99%" }, "geometry": { "type": "Polygon", "coordinates": [ [ [ 448732.35429999983171, 4469678.447300001047552 ], [ 448770.362300000153482, 4469657.833799998275936 ], [ 448804.71239999961108, 4469674.925000000745058 ], [ 448829.63910000026226, 4469684.715200000442564 ], [ 448847.532200000248849, 4469690.566800000146031 ], [ 448859.854799999855459, 4469693.211100000888109 ], [ 448872.290000000037253, 4469694.898999999277294 ], [ 448903.743599999696016, 4469696.642699999734759 ], [ 448914.71129999961704, 4469697.9134 ], [ 448925.575400000438094, 4469700.299799998290837 ], [ 448935.253499999642372, 4469703.394300000742078 ], [ 448949.5455, 4469709.3585 ], [ 448961.305499999783933, 4469715.660299999639392 ], [ 448980.77419999986887, 4469726.913500000722706 ], [ 449007.055900000035763, 4469743.070699999108911 ], [ 449047.6875, 4469643.883199999108911 ], [ 449064.700600000098348, 4469610.990299999713898 ], [ 449084.299899999983609, 4469578.1705 ], [ 449106.28830000013113, 4469547.472899998538196 ], [ 449129.539599999785423, 4469521.007200000807643 ], [ 449147.8761, 4469502.859200000762939 ], [ 449164.133200000040233, 4469488.492099999450147 ], [ 449177.932799999602139, 4469476.771500000730157 ], [ 449200.239099999889731, 4469459.379600000567734 ], [ 449283.417999999597669, 4469404.256899999454618 ], [ 449432.375500000081956, 4469309.279699999839067 ], [ 449720.277700000442564, 4469125.340999999083579 ], [ 449846.932000000029802, 4469044.808800000697374 ], [ 449962.073200000508223, 4468974.026800000108778 ], [ 450103.053700000047684, 4468880.340800000354648 ], [ 450253.781700000225101, 4468775.354399999603629 ], [ 450283.071600000374019, 4468755.936799999326468 ], [ 450312.040599999949336, 4468740.058200001716614 ], [ 450342.309799999929965, 4468724.012800000607967 ], [ 450390.687599999830127, 4468706.569499998353422 ], [ 450434.787200000195298, 4468695.708399999886751 ], [ 450475.595800000242889, 4468689.783800000324845 ], [ 450544.04899999970803, 4468684.517100001685321 ], [ 450622.046099999919534, 4468680.895600000396371 ], [ 450748.092000000178814, 4468672.994999999180436 ], [ 450786.925999999919441, 4468669.045099999755621 ], [ 450817.2034, 4468663.449899998493493 ], [ 450848.468000000342727, 4468655.880000000819564 ], [ 450880.061700000369456, 4468645.677300000563264 ], [ 450904.086099999956787, 4468635.474700001068413 ], [ 450930.947399999946356, 4468621.578800001181662 ], [ 450954.109400000423193, 4468608.816499999724329 ], [ 450976.677099999971688, 4468594.147999999113381 ], [ 451010.056499999947846, 4468568.994099999777973 ], [ 451032.435300000011921, 4468550.563999998383224 ], [ 451076.615299999713898, 4468511.262499999254942 ], [ 451030.862900000065565, 4468446.540599999018013 ], [ 451005.757100000046194, 4468419.203199998475611 ], [ 450981.462700000032783, 4468398.369199999608099 ], [ 450955.71999999973923, 4468372.983999999240041 ], [ 450925.508100000210106, 4468343.308399999514222 ], [ 450902.983199999667704, 4468321.31980000063777 ], [ 450881.709800000302494, 4468300.761399999260902 ], [ 450869.911000000312924, 4468290.929100001230836 ], [ 450850.641800000332296, 4468281.0691 ], [ 450799.55530000012368, 4468256.255600000731647 ], [ 450736.792000000365078, 4468226.576799998991191 ], [ 450713.924700000323355, 4468214.4134 ], [ 450712.196600000374019, 4468213.235200000926852 ], [ 450709.24239999987185, 4468210.231599998660386 ], [ 450708.076799999922514, 4468207.827299999073148 ], [ 450706.9413, 4468199.595100001432002 ], [ 450707.509100000374019, 4468190.79520000051707 ], [ 450710.347799999639392, 4468180.29209999833256 ], [ 450716.309000000357628, 4468169.789000000804663 ], [ 450724.825000000186265, 4468157.582700000144541 ], [ 450737.950799999758601, 4468142.912399999797344 ], [ 450760.903800000436604, 4468119.053300002589822 ], [ 450778.722699999809265, 4468101.536499999463558 ], [ 450784.460900000296533, 4468094.590199998579919 ], [ 450781.031499999575317, 4468090.373999999836087 ], [ 450775.411000000312924, 4468080.973999999463558 ], [ 450774.565999999642372, 4468076.400399999693036 ], [ 450773.980999999679625, 4468073.233999998308718 ], [ 450773.001000000163913, 4468067.123999998904765 ], [ 450772.597000000067055, 4468059.846599999815226 ], [ 450772.237099999561906, 4468052.878100001253188 ], [ 450771.980999999679625, 4468047.174000000581145 ], [ 450771.571000000461936, 4468042.334000000730157 ], [ 450771.220999999903142, 4468038.303999999538064 ], [ 450770.180499999783933, 4468030.363999999128282 ], [ 450768.959400000050664, 4468023.642000000923872 ], [ 450767.650500000454485, 4468016.974000000394881 ], [ 450766.160500000230968, 4468010.893999999389052 ], [ 450763.040500000119209, 4468002.834000001661479 ], [ 450751.100499999709427, 4467984.713999998755753 ], [ 450738.610000000335276, 4467969.574500000104308 ], [ 450735.21999999973923, 4467964.834499999880791 ], [ 450732.450000000186265, 4467958.204500000923872 ], [ 450725.400000000372529, 4467940.834499998949468 ], [ 450716.706299999728799, 4467925.39750000089407 ], [ 450705.769500000402331, 4467911.434500000439584 ], [ 450700.21030000038445, 4467897.158299999311566 ], [ 450697.009499999694526, 4467887.524500000290573 ], [ 450691.588999999687076, 4467862.604499999433756 ], [ 450689.168999999761581, 4467850.774999999441206 ], [ 450684.565100000239909, 4467839.589399999007583 ], [ 450674.601599999703467, 4467817.701400001533329 ], [ 450663.652300000190735, 4467798.118599998764694 ], [ 450657.960400000214577, 4467787.049200000241399 ], [ 450648.956299999728799, 4467751.845000000670552 ], [ 450640.372499999590218, 4467730.132799998857081 ], [ 450631.536199999973178, 4467707.915799998678267 ], [ 450627.96750000026077, 4467691.065500000491738 ], [ 450618.155399999581277, 4467659.694700000807643 ], [ 450607.804299999959767, 4467624.854300000704825 ], [ 450600.605700000247452, 4467598.201799998991191 ], [ 450591.252600000239909, 4467563.2835 ], [ 450587.27240000013262, 4467545.870400000363588 ], [ 450568.025000000372529, 4467478.22550000064075 ], [ 450552.907399999909103, 4467425.06110000051558 ], [ 450536.498200000263751, 4467358.454199998639524 ], [ 450522.082399999722838, 4467303.669199999421835 ], [ 450503.475899999961257, 4467240.895600000396371 ], [ 450480.949900000356138, 4467164.41499999910593 ], [ 450458.783200000412762, 4467097.394200001843274 ], [ 450447.999699999578297, 4467062.03690000064671 ], [ 450429.652900000102818, 4466993.036999999545515 ], [ 450263.03110000025481, 4467016.709399999119341 ], [ 450155.694199999794364, 4467041.626799999736249 ], [ 450082.858500000089407, 4467057.918999999761581 ], [ 450061.059200000017881, 4467064.684399999678135 ], [ 450050.385999999940395, 4467069.596300000324845 ], [ 450044.206399999558926, 4467073.62639999948442 ], [ 450036.879900000058115, 4467078.404500001110137 ], [ 450025.356599999649916, 4467087.628399999812245 ], [ 449995.129900000058115, 4467113.749600001610816 ], [ 449969.036199999973178, 4467134.387399999424815 ], [ 449962.214100000448525, 4467138.6782 ], [ 449953.4792, 4467144.171900000423193 ], [ 449926.252199999988079, 4467154.932700000703335 ], [ 449842.636500000022352, 4467184.228700000792742 ], [ 449753.527800000272691, 4467214.745400000363588 ], [ 449736.564699999929871, 4467221.5642 ], [ 449723.621399999596179, 4467228.78309999871999 ], [ 449711.657100000418723, 4467238.050699998624623 ], [ 449704.090699999593198, 4467247.093100000172853 ], [ 449696.000799999572337, 4467257.858199999667704 ], [ 449691.375099999830127, 4467265.923599999397993 ], [ 449686.867999999842141, 4467276.361099999397993 ], [ 449683.3394, 4467289.816499999724329 ], [ 449680.898000000044703, 4467308.126499999314547 ], [ 449682.494199999608099, 4467327.239999999292195 ], [ 449686.390999999828637, 4467342.305199998430908 ], [ 449695.644999999552965, 4467362.4704 ], [ 449719.328700000420213, 4467400.568600000813603 ], [ 449718.123200000263751, 4467400.998299999162555 ], [ 449487.8443, 4467479.312100000679493 ], [ 449258.735500000417233, 4467561.145999999716878 ], [ 449211.985799999907613, 4467577.506699998863041 ], [ 449162.886099999770522, 4467599.717599999159575 ], [ 449120.806300000287592, 4467623.098300000652671 ], [ 449076.386599999794271, 4467649.979000000283122 ], [ 449035.476999999955297, 4467679.209699998609722 ], [ 448992.227300000376999, 4467711.940400002524257 ], [ 448958.327600000484381, 4467741.160999999381602 ], [ 448919.75800000037998, 4467782.071699999272823 ], [ 448882.348399999551475, 4467821.812299999408424 ], [ 448844.948800000362098, 4467873.252999999560416 ], [ 448818.059200000076089, 4467910.6535 ], [ 448795.85950000025332, 4467946.893899999558926 ], [ 448774.819799999764655, 4467983.124299998395145 ], [ 448757.28000000026077, 4468008.8445999994874 ], [ 448725.7204, 4468040.405099999159575 ], [ 448698.840599999763072, 4468057.935599999502301 ], [ 448536.361800000071526, 4468163.138399999588728 ], [ 448288.493700000399258, 4468324.8026 ], [ 447994.181699999608099, 4467933.467099999077618 ], [ 447747.713600000424776, 4468096.0055 ], [ 447402.676400000229478, 4468323.547399999573827 ], [ 447138.9534, 4468495.066800000146031 ], [ 446888.960599999933038, 4468657.656400000676513 ], [ 446867.641900000162423, 4468673.38150000013411 ], [ 446557.370400000363588, 4468875.958400000818074 ], [ 446370.941999999806285, 4468998.230600000359118 ], [ 446299.752299999818206, 4469044.737199999392033 ], [ 446299.779500000178814, 4469134.596899999305606 ], [ 446299.815100000239909, 4469204.5965 ], [ 446299.878399999754038, 4469328.994000000879169 ], [ 446299.892199999652803, 4469356.066199999302626 ], [ 446299.941599999554455, 4469453.244999998249114 ], [ 446299.990399999544024, 4469549.17329999897629 ], [ 446300.642, 4469614.609799998812377 ], [ 446312.989299999549985, 4469622.797599998302758 ], [ 446333.081399999500718, 4469637.415400001220405 ], [ 446352.932799999602139, 4469653.597300000488758 ], [ 446370.738900000229478, 4469668.576100000180304 ], [ 446386.860600000247359, 4469682.772900000214577 ], [ 446402.332799999974668, 4469695.999399998225272 ], [ 446418.372200000099838, 4469710.696100000292063 ], [ 446471.800599999725819, 4469759.651999999769032 ], [ 446495.133100000210106, 4469782.683299999684095 ], [ 446520.211400000378489, 4469805.996799998916686 ], [ 446537.75800000037998, 4469811.188299999572337 ], [ 446545.447700000426266, 4469811.519700000993907 ], [ 446569.577499999722932, 4469812.58039999846369 ], [ 446592.51410000026226, 4469813.442200000397861 ], [ 446620.292100000195205, 4469814.362600000575185 ], [ 446656.484600000083447, 4469816.292700000107288 ], [ 446661.787800000049174, 4469816.358900000341237 ], [ 446674.183600000105798, 4469816.763399999588728 ], [ 446699.369900000281632, 4469818.887599999085069 ], [ 446748.074300000502262, 4469822.995199999772012 ], [ 446764.261599999852479, 4469824.360399999655783 ], [ 446789.146599999628961, 4469826.33530000038445 ], [ 446807.689899999648333, 4469830.219500000588596 ], [ 446840.009499999694526, 4469790.118899998255074 ], [ 446885.008899999782443, 4469739.578099998645484 ], [ 446922.858500000089407, 4469695.767400000244379 ], [ 446939.378299999982119, 4469684.977099998854101 ], [ 446960.358199999667704, 4469676.406700001098216 ], [ 446969.748100000433624, 4469670.26649999897927 ], [ 446965.728000000119209, 4469658.196599999442697 ], [ 446939.927899999544024, 4469625.717000000178814 ], [ 446871.167500000447035, 4469553.618000001646578 ], [ 446810.627299999818206, 4469490.159 ], [ 446810.657800000160933, 4469490.129499999806285 ], [ 446957.495699999853969, 4469352.356300000101328 ], [ 446876.165500000119209, 4469265.049099999479949 ], [ 446880.993400000035763, 4469259.360699999146163 ], [ 446895.922399999573827, 4469241.03870000038296 ], [ 446903.871600000187755, 4469232.217099999077618 ], [ 446918.024799999839161, 4469216.079500000923872 ], [ 446921.249800000339746, 4469211.1787 ], [ 446924.423200000077486, 4469205.364299999549985 ], [ 446925.810600000433624, 4469202.958999999798834 ], [ 446928.956500000320375, 4469196.585799998603761 ], [ 446938.091900000348687, 4469173.0828 ], [ 446968.628399999812245, 4469085.932499999180436 ], [ 446992.475999999791384, 4469018.945999999530613 ], [ 447008.665199999697506, 4468975.322400000877678 ], [ 447033.480800000019372, 4468908.669800000265241 ], [ 447039.00789999961853, 4468896.605900000780821 ], [ 447037.481700000353158, 4468868.604199999012053 ], [ 447226.921400000341237, 4468910.661099999211729 ], [ 447281.821299999952316, 4468921.170199999585748 ], [ 447443.770999999716878, 4468950.957499999552965 ], [ 447560.810800000093877, 4468978.365599999204278 ], [ 447601.930800000205636, 4468995.884900000877678 ], [ 447748.410899999551475, 4469079.982499998994172 ], [ 447691.521900000050664, 4469186.093599999323487 ], [ 447765.892, 4469228.582399998791516 ], [ 447757.072100000455976, 4469246.362599999643862 ], [ 447743.302500000223517, 4469284.512900000438094 ], [ 447734.892699999676552, 4469318.773 ], [ 447729.733, 4469354.663200000301003 ], [ 447728.683199999853969, 4469372.983200000599027 ], [ 447728.683400000445545, 4469398.253199999220669 ], [ 447730.52350000012666, 4469424.813200001604855 ], [ 447735.503800000064075, 4469455.593199999071658 ], [ 447740.253899999894202, 4469475.323099999688566 ], [ 447747.35400000034133, 4469499.782999999821186 ], [ 447765.504400000034366, 4469559.492799998261034 ], [ 447777.118900000175927, 4469596.585699999704957 ], [ 447789.35149999987334, 4469636.62739999871701 ], [ 447860.862399999983609, 4469873.031600001268089 ], [ 447889.367999999783933, 4469964.95409999974072 ], [ 447899.777300000190735, 4469999.38499999884516 ], [ 447908.216900000348687, 4470031.857999998144805 ], [ 447908.775299999862909, 4470031.773999999277294 ], [ 447990.8454, 4470022.26649999897927 ], [ 448036.880400000140071, 4470015.272999999113381 ], [ 448061.06319999974221, 4470009.736600000411272 ], [ 448089.907700000330806, 4470002.743500000797212 ], [ 448127.201700000092387, 4469990.214400000870228 ], [ 448163.912999999709427, 4469975.645600000396371 ], [ 448216.066300000064075, 4469950.004899998195469 ], [ 448271.715800000354648, 4469920.2851 ], [ 448397.423200000077486, 4469854.791200000792742 ], [ 448575.020499999634922, 4469760.905200000852346 ], [ 448732.35429999983171, 4469678.447300001047552 ] ] ] } },
{ "type": "Feature", "properties": { "tau": -0.51384621858596802, "two_sided_pval": 0.00025330268545076251, "name": "Valderrivas", "classification": "negative trend with prob > 99%" }, "geometry": { "type": "Polygon", "coordinates": [ [ [ 451105.95920000039041, 4473770.708599999547005 ], [ 450310.703300000168383, 4473128.9112 ], [ 450524.038399999903049, 4473010.287199999205768 ], [ 450794.006599999964237, 4472841.376599999144673 ], [ 451042.319599999987986, 4472686.902799998410046 ], [ 451547.607699999585748, 4472370.736800001002848 ], [ 451953.007799999788404, 4472119.906999999657273 ], [ 452179.939699999988079, 4471979.499399999156594 ], [ 452220.624499999918044, 4471954.042300000786781 ], [ 452685.227800000458956, 4471663.333399999886751 ], [ 452776.17960000038147, 4471621.466699998825788 ], [ 452907.55449999962002, 4471566.606899999082088 ], [ 452988.400600000284612, 4471542.064300001598895 ], [ 453093.789300000295043, 4471523.296499998308718 ], [ 453213.614799999631941, 4471507.415999999269843 ], [ 453327.665500000119209, 4471503.084899999201298 ], [ 453439.526399999856949, 4471513.4638 ], [ 453467.702499999664724, 4471516.07810000050813 ], [ 453600.521099999488797, 4471537.733300000429153 ], [ 453944.311200000345707, 4471634.2796 ], [ 453949.891699999570847, 4471586.81840000115335 ], [ 453942.081299999670591, 4471530.864199998788536 ], [ 453943.331600000150502, 4471513.3783 ], [ 453945.4534, 4471483.701899999752641 ], [ 453944.830699999816716, 4471471.88539999909699 ], [ 453944.244699999690056, 4471460.7653 ], [ 453942.706399999500718, 4471448.780200000852346 ], [ 453941.223299999721348, 4471437.225099999457598 ], [ 453936.648900000378489, 4471411.570900000631809 ], [ 453932.122700000181794, 4471386.1875 ], [ 453927.931800000369549, 4471366.153100001625717 ], [ 453923.662999999709427, 4471345.7467 ], [ 453920.010499999858439, 4471333.281199999153614 ], [ 453916.411899999715388, 4471320.999399999156594 ], [ 453912.818199999630451, 4471307.538100000470877 ], [ 453909.160699999891222, 4471293.83769999910146 ], [ 453904.620000000111759, 4471272.97309999819845 ], [ 453900.097000000067055, 4471252.18959999922663 ], [ 453895.568400000222027, 4471233.456000000238419 ], [ 453890.956000000238419, 4471214.375099999830127 ], [ 453880.655500000342727, 4471182.902500000782311 ], [ 453870.411199999973178, 4471151.601399998180568 ], [ 453862.241600000299513, 4471124.096799998544157 ], [ 453854.096400000154972, 4471096.674500000663102 ], [ 453845.072700000368059, 4471066.628700000233948 ], [ 453835.96860000025481, 4471036.315300000831485 ], [ 453827.7561999996542, 4471015.0471 ], [ 453819.653900000266731, 4470994.063900000415742 ], [ 453811.146200000308454, 4470972.700900000520051 ], [ 453802.604799999855459, 4470951.253499999642372 ], [ 453789.951000000350177, 4470920.857500000856817 ], [ 453777.22620000038296, 4470890.290899999439716 ], [ 453768.896099999547005, 4470872.214199999347329 ], [ 453759.70299999974668, 4470852.264799998141825 ], [ 453748.934200000017881, 4470844.888499999418855 ], [ 453738.55449999962002, 4470837.778899999335408 ], [ 453733.450100000016391, 4470829.620699999853969 ], [ 453729.490799999795854, 4470823.292899999767542 ], [ 453713.327800000086427, 4470780.340399999171495 ], [ 453697.465400000102818, 4470738.186599999666214 ], [ 453692.72510000038892, 4470723.685399999842048 ], [ 453687.797399999573827, 4470708.6107 ], [ 453685.328700000420213, 4470695.613500000908971 ], [ 453682.923600000271108, 4470682.95060000102967 ], [ 453680.796699999831617, 4470673.3904 ], [ 453678.522699999623001, 4470663.168999998830259 ], [ 453675.0625, 4470654.527699998579919 ], [ 453671.921699999831617, 4470646.684299999848008 ], [ 453666.22829999960959, 4470635.310099999420345 ], [ 453660.553100000135601, 4470623.972100000828505 ], [ 453652.71169999986887, 4470605.027700000442564 ], [ 453644.783800000324845, 4470585.874299999326468 ], [ 453636.867999999725726, 4470572.319099999032915 ], [ 453629.381400000245776, 4470559.498900000937283 ], [ 453615.315399999730289, 4470540.420300000347197 ], [ 453601.14989999961108, 4470521.206899999640882 ], [ 453589.917600000277162, 4470499.676599999889731 ], [ 453578.792799999937415, 4470478.352099998854101 ], [ 453560.055800000205636, 4470449.069799999706447 ], [ 453541.329400000162423, 4470419.804199999198318 ], [ 453524.382699999958277, 4470387.761599999852479 ], [ 453507.491499999538064, 4470355.823799998499453 ], [ 453494.602099999785423, 4470334.093399999663234 ], [ 453481.42119999974966, 4470311.871799999848008 ], [ 453475.067400000058115, 4470303.505400000140071 ], [ 453468.127999999502208, 4470294.367799998261034 ], [ 453455.931900000141468, 4470282.794299999251962 ], [ 453443.958200000226498, 4470271.431800000369549 ], [ 453435.434799999988172, 4470262.036999999545515 ], [ 453426.434999999590218, 4470252.117099999450147 ], [ 453419.314100000075996, 4470241.9112 ], [ 453412.537499999627471, 4470232.198699998669326 ], [ 453406.991899999789894, 4470223.452199998311698 ], [ 453401.056699999608099, 4470214.091099999845028 ], [ 453396.660400000400841, 4470203.739799999631941 ], [ 453392.597099999897182, 4470194.17259999923408 ], [ 453388.306499999889638, 4470181.314699999056756 ], [ 453384.137600000016391, 4470168.821799998171628 ], [ 453379.702600000426173, 4470154.0548 ], [ 453375.073900000192225, 4470138.642199999652803 ], [ 453373.337899999693036, 4470125.348499999381602 ], [ 453371.448200000450015, 4470110.877000001259148 ], [ 453372.197200000286102, 4470094.877900000661612 ], [ 453372.908599999733269, 4470079.683299999684095 ], [ 453374.930200000293553, 4470059.48689999897033 ], [ 453376.946100000292063, 4470039.347899999469519 ], [ 453379.927699999883771, 4469992.291699999012053 ], [ 453382.924499999731779, 4469944.994100000709295 ], [ 453385.277999999932945, 4469931.181399999186397 ], [ 453387.75829999987036, 4469916.625099999830127 ], [ 453391.996000000275671, 4469901.808699999004602 ], [ 453396.217600000090897, 4469887.0488 ], [ 453398.959400000050664, 4469872.440500001423061 ], [ 453401.655600000172853, 4469858.076099999248981 ], [ 453402.801099999807775, 4469852.640699999406934 ], [ 453404.072499999776483, 4469846.607799998484552 ], [ 453409.800999999977648, 4469831.374399999156594 ], [ 453415.455799999588635, 4469816.336700000800192 ], [ 453418.677799999713898, 4469804.568699999712408 ], [ 453422.137500000186265, 4469791.932099998928607 ], [ 453423.119900000281632, 4469782.412799998186529 ], [ 453424.225499999709427, 4469771.699199999682605 ], [ 453423.249599999689963, 4469758.701899999752641 ], [ 453422.149699999950826, 4469744.053899999707937 ], [ 453418.783099999651313, 4469735.310100000351667 ], [ 453416.107200000435114, 4469728.360500000417233 ], [ 453412.776499999687076, 4469723.7027000002563 ], [ 453410.064600000157952, 4469719.910299999639392 ], [ 453404.582999999576714, 4469712.993799998424947 ], [ 453398.583899999968708, 4469705.4243 ], [ 453387.934600000269711, 4469696.224199998192489 ], [ 453376.226999999955297, 4469686.1097999997437 ], [ 453363.941200000233948, 4469679.360000000335276 ], [ 453352.057300000451505, 4469672.831099999137223 ], [ 453339.005800000391901, 4469664.238500001840293 ], [ 453325.470599999593105, 4469655.32740000076592 ], [ 453314.553100000135601, 4469646.717700000852346 ], [ 453302.509399999864399, 4469637.220000001601875 ], [ 453295.482900000177324, 4469626.534399999305606 ], [ 453289.119800000451505, 4469616.857599999755621 ], [ 453279.648900000320282, 4469601.779799998737872 ], [ 453269.783900000154972, 4469586.074599999003112 ], [ 453261.754900000058115, 4469565.406999998725951 ], [ 453254.073400000110269, 4469545.634099998511374 ], [ 453243.161600000225008, 4469508.695899999700487 ], [ 453232.320299999788404, 4469471.995999999344349 ], [ 453223.610399999655783, 4469443.795 ], [ 453214.79700000025332, 4469415.258399999700487 ], [ 453210.041400000452995, 4469390.126599999144673 ], [ 453205.098399999551475, 4469364.004200000315905 ], [ 453204.791000000201166, 4469338.523999999277294 ], [ 453204.493900000117719, 4469313.90580000076443 ], [ 453205.401899999938905, 4469298.48439999949187 ], [ 453206.306400000117719, 4469283.122500000521541 ], [ 453206.408300000242889, 4469262.50730000063777 ], [ 453206.509899999946356, 4469241.956800000742078 ], [ 453207.081399999558926, 4469227.794800000265241 ], [ 453207.644999999552965, 4469213.829000000841916 ], [ 453208.54449999978533, 4469199.112900000996888 ], [ 453209.461400000378489, 4469184.113299999386072 ], [ 453209.969899999909103, 4469179.948599999770522 ], [ 453210.596900000178721, 4469174.812899999320507 ], [ 453211.407999999821186, 4469172.51729999948293 ], [ 453211.959400000050664, 4469170.9567 ], [ 453212.307599999941885, 4469169.982799998484552 ], [ 453213.094700000248849, 4469167.780899999663234 ], [ 453212.959699999541044, 4469163.0614 ], [ 453212.867600000405218, 4469159.841600000858307 ], [ 453212.547199999913573, 4469155.894799999892712 ], [ 453212.186300000175834, 4469151.448699998669326 ], [ 453210.756799999624491, 4469143.2028 ], [ 453209.316300000064075, 4469134.892899999395013 ], [ 453208.74170000012964, 4469125.71030000038445 ], [ 453208.107699999585748, 4469115.5779 ], [ 453209.032599999569356, 4469106.337200000882149 ], [ 453209.920099999755621, 4469097.46999999973923 ], [ 453210.50719999987632, 4469084.270500000566244 ], [ 453211.128399999812245, 4469070.308199999853969 ], [ 453208.486800000071526, 4469048.02559999935329 ], [ 453205.690100000239909, 4469024.435199999250472 ], [ 453203.2341, 4469017.279799999669194 ], [ 453201.02070000016829, 4469010.830900000408292 ], [ 453199.643199999816716, 4468988.958700001239777 ], [ 453182.665000000037253, 4468989.654600000940263 ], [ 453154.964100000448525, 4468783.845500000752509 ], [ 453152.574400000274181, 4468766.090600000694394 ], [ 453142.777900000102818, 4468749.449499999172986 ], [ 453131.565799999982119, 4468728.169699998572469 ], [ 453118.607599999755621, 4468703.575899998657405 ], [ 453117.145999999716878, 4468692.991099999286234 ], [ 453116.190399999730289, 4468686.070699998177588 ], [ 453114.981100000441074, 4468673.388000000268221 ], [ 453113.773199999704957, 4468660.719699999317527 ], [ 453112.074699999764562, 4468648.277599998749793 ], [ 453110.147699999623001, 4468634.162100000306964 ], [ 453107.19649999961257, 4468623.680500000715256 ], [ 453104.709400000050664, 4468614.8476 ], [ 453101.883999999554362, 4468606.253399999812245 ], [ 453098.203599999658763, 4468595.058499999344349 ], [ 453094.0636, 4468588.518300000578165 ], [ 453085.790699999779463, 4468575.449599999003112 ], [ 453062.569299999624491, 4468538.766000000759959 ], [ 453057.540599999891128, 4468528.734699998982251 ], [ 453049.808100000023842, 4468521.478800000622869 ], [ 453042.926699999719858, 4468515.021600000560284 ], [ 453029.685600000433624, 4468504.801099999807775 ], [ 453015.214200000278652, 4468493.630999998189509 ], [ 453003.327200000174344, 4468478.1009 ], [ 452991.162100000306964, 4468462.207399998791516 ], [ 452971.919900000095367, 4468448.7681 ], [ 452944.307900000363588, 4468429.483200000599027 ], [ 452936.235000000335276, 4468424.074399999342859 ], [ 452930.927400000393391, 4468418.441299999132752 ], [ 452913.583800000080373, 4468401.53929999936372 ], [ 452901.395100000314415, 4468389.660800000652671 ], [ 452890.488199999555945, 4468379.371100000105798 ], [ 452879.642400000244379, 4468369.139000000432134 ], [ 452872.719700000248849, 4468362.512100000865757 ], [ 452865.140300000086427, 4468355.25650000013411 ], [ 452854.237900000065565, 4468342.772399998269975 ], [ 452840.36699999962002, 4468326.889000002294779 ], [ 452834.656499999575317, 4468325.133899999782443 ], [ 452832.512799999676645, 4468324.474999999627471 ], [ 452826.660600000061095, 4468321.5 ], [ 452839.209800000302494, 4468296.811000000685453 ], [ 452824.614799999631941, 4468284.969100000336766 ], [ 452825.124800000339746, 4468280.61809999961406 ], [ 452825.242499999701977, 4468278.187899998389184 ], [ 452825.57149999961257, 4468272.361999998800457 ], [ 452826.621399999596179, 4468257.312000000849366 ], [ 452826.751299999654293, 4468246.321999999694526 ], [ 452826.051300000399351, 4468235.441999998874962 ], [ 452822.421099999919534, 4468209.152100000530481 ], [ 452818.451000000350177, 4468192.882200000807643 ], [ 452812.18059999961406, 4468181.550299999304116 ], [ 452804.37540000025183, 4468164.749299998395145 ], [ 452794.378600000403821, 4468132.8098 ], [ 452788.260599999688566, 4468118.922800001688302 ], [ 452787.640599999576807, 4468112.6228 ], [ 452787.490500000305474, 4468106.902800000272691 ], [ 452785.264700000174344, 4468095.286799999885261 ], [ 452784.378800000064075, 4468081.994599999859929 ], [ 452784.540300000458956, 4468069.582900000736117 ], [ 452785.46750000026077, 4468045.186599999666214 ], [ 452786.229899999685585, 4468035.582599999383092 ], [ 452790.599999999627471, 4468021.022700000554323 ], [ 452796.249699999578297, 4468011.892400000244379 ], [ 452797.339700000360608, 4468005.602399999275804 ], [ 452797.989599999971688, 4468000.262399998493493 ], [ 452798.089800000190735, 4467997.232600000686944 ], [ 452798.184600000269711, 4467994.360100000165403 ], [ 452802.199500000104308, 4467981.202299999073148 ], [ 452802.359699999913573, 4467977.762499999254942 ], [ 452803.749699999578297, 4467970.612500001676381 ], [ 452806.92949999962002, 4467949.222400000318885 ], [ 452809.933000000193715, 4467933.087300001643598 ], [ 452808.621199999935925, 4467922.229200000874698 ], [ 452809.183199999853969, 4467911.745699998922646 ], [ 452808.808400000387337, 4467898.641300001181662 ], [ 452810.165900000371039, 4467888.706700000911951 ], [ 452809.866100000217557, 4467882.416599999181926 ], [ 452810.684899999760091, 4467873.199799999594688 ], [ 452811.065100000239909, 4467864.744399999268353 ], [ 452813.108199999667704, 4467853.491800000891089 ], [ 452813.886199999600649, 4467845.245400000363588 ], [ 452816.531700000166893, 4467834.976299998350441 ], [ 452821.087100000120699, 4467823.638899999670684 ], [ 452825.557400000223424, 4467811.481699998490512 ], [ 452831.906999999599066, 4467799.95479999948293 ], [ 452839.047799999767449, 4467808.591700000688434 ], [ 452846.517300000414252, 4467816.1573 ], [ 452853.011300000362098, 4467823.488199999555945 ], [ 452932.178999999538064, 4467902.739900000393391 ], [ 452970.629200000315905, 4467941.909099999815226 ], [ 453017.06940000038594, 4467990.418199999257922 ], [ 453035.399500000290573, 4468009.017899999395013 ], [ 453053.159599999897182, 4468027.017499999143183 ], [ 453062.576299999840558, 4468003.705199999734759 ], [ 453057.108599999919534, 4467865.207499998621643 ], [ 453051.087000000290573, 4467604.24760000128299 ], [ 453017.175900000147521, 4467419.418299999088049 ], [ 453000.899299999698997, 4467394.487299999222159 ], [ 452982.030299999751151, 4467428.613999999128282 ], [ 452957.347900000400841, 4467464.815799999050796 ], [ 452934.969100000336766, 4467491.473600001074374 ], [ 452906.995600000023842, 4467520.7643 ], [ 452881.325699999928474, 4467543.472999998368323 ], [ 452850.061200000287499, 4467568.1563 ], [ 452823.40400000003865, 4467584.2829 ], [ 452800.037800000049174, 4467597.11839999910444 ], [ 452754.292700000107288, 4467619.169199998490512 ], [ 452681.561300000175834, 4467648.789899999275804 ], [ 452455.468500000424683, 4467735.348500001244247 ], [ 452328.435300000011921, 4467779.779899998567998 ], [ 452186.263399999588728, 4467825.19889999832958 ], [ 452030.269100000150502, 4467869.630899999290705 ], [ 451930.551300000399351, 4467898.26490000076592 ], [ 451882.173299999907613, 4467913.075500000268221 ], [ 451821.618599999696016, 4467936.113900000229478 ], [ 451764.025899999716785, 4467962.114199999719858 ], [ 451701.825699999928474, 4467992.72199999820441 ], [ 451657.726099999563303, 4468014.44370000064373 ], [ 451618.892199999652803, 4468036.823400000110269 ], [ 451587.956699999922421, 4468057.228399999439716 ], [ 451566.894299999810755, 4468074.342199999839067 ], [ 451252.932400000281632, 4468354.414899999275804 ], [ 451076.615299999713898, 4468511.262499999254942 ], [ 451032.435300000011921, 4468550.563999998383224 ], [ 451010.056499999947846, 4468568.994099999777973 ], [ 450976.677099999971688, 4468594.147999999113381 ], [ 450954.109400000423193, 4468608.816499999724329 ], [ 450930.947399999946356, 4468621.578800001181662 ], [ 450904.086099999956787, 4468635.474700001068413 ], [ 450880.061700000369456, 4468645.677300000563264 ], [ 450848.468000000342727, 4468655.880000000819564 ], [ 450817.2034, 4468663.449899998493493 ], [ 450786.925999999919441, 4468669.045099999755621 ], [ 450748.092000000178814, 4468672.994999999180436 ], [ 450622.046099999919534, 4468680.895600000396371 ], [ 450544.04899999970803, 4468684.517100001685321 ], [ 450475.595800000242889, 4468689.783800000324845 ], [ 450434.787200000195298, 4468695.708399999886751 ], [ 450390.687599999830127, 4468706.569499998353422 ], [ 450342.309799999929965, 4468724.012800000607967 ], [ 450312.040599999949336, 4468740.058200001716614 ], [ 450283.071600000374019, 4468755.936799999326468 ], [ 450253.781700000225101, 4468775.354399999603629 ], [ 450103.053700000047684, 4468880.340800000354648 ], [ 449962.073200000508223, 4468974.026800000108778 ], [ 449846.932000000029802, 4469044.808800000697374 ], [ 449720.277700000442564, 4469125.340999999083579 ], [ 449432.375500000081956, 4469309.279699999839067 ], [ 449283.417999999597669, 4469404.256899999454618 ], [ 449200.239099999889731, 4469459.379600000567734 ], [ 449177.932799999602139, 4469476.771500000730157 ], [ 449164.133200000040233, 4469488.492099999450147 ], [ 449147.8761, 4469502.859200000762939 ], [ 449129.539599999785423, 4469521.007200000807643 ], [ 449106.28830000013113, 4469547.472899998538196 ], [ 449084.299899999983609, 4469578.1705 ], [ 449064.700600000098348, 4469610.990299999713898 ], [ 449047.6875, 4469643.883199999108911 ], [ 449007.055900000035763, 4469743.070699999108911 ], [ 449023.2341, 4469754.218800000846386 ], [ 449039.67090000025928, 4469767.915899998508394 ], [ 449053.368300000205636, 4469781.051000000908971 ], [ 449069.026200000196695, 4469800.458800000138581 ], [ 449094.679800000041723, 4469842.631099999882281 ], [ 449108.381299999542534, 4469876.641100000590086 ], [ 449117.321299999952316, 4469904.52930000051856 ], [ 449124.997999999730382, 4469925.615499999374151 ], [ 449131.119900000281632, 4469941.357299999333918 ], [ 449138.019199999980628, 4469956.710400000214577 ], [ 449145.112800000235438, 4469969.3426 ], [ 449152.109199999831617, 4469979.642700000666082 ], [ 449160.174599999561906, 4469989.456999999471009 ], [ 449173.778699999675155, 4470002.6721 ], [ 449187.674300000071526, 4470014.52690000180155 ], [ 449254.812599999830127, 4470068.4079 ], [ 449113.2352, 4470365.920599999837577 ], [ 449106.875199999718461, 4470369.100700000301003 ], [ 449059.125400000310037, 4470373.88150000013411 ], [ 449024.105700000189245, 4470388.202099999412894 ], [ 449000.23589999973774, 4470404.122500001452863 ], [ 448982.786100000201259, 4470427.692900000140071 ], [ 448973.346300000266638, 4470455.483100001700222 ], [ 448975.896499999798834, 4470486.203000000678003 ], [ 449001.966799999587238, 4470543.712599999271333 ], [ 448999.087000000290573, 4470569.602700000628829 ], [ 448982.787499999627471, 4470624.253000000491738 ], [ 448956.9079, 4470676.99349999986589 ], [ 448928.138399999588728, 4470727.814099999144673 ], [ 448875.409099999815226, 4470796.845000000670552 ], [ 448830.33949999982724, 4470825.615799999795854 ], [ 448816.919599999673665, 4470834.246100000105798 ], [ 448778.559799999988172, 4470848.626800001598895 ], [ 448756.509899999946356, 4470849.587099998258054 ], [ 448742.129999999946449, 4470849.587400001473725 ], [ 448722.950000000186265, 4470845.747700000181794 ], [ 448627.069899999536574, 4470773.839299999177456 ], [ 448602.140200000314508, 4470804.519799999892712 ], [ 448594.159099999815226, 4470825.03169999923557 ], [ 448584.998700000345707, 4470832.15669999923557 ], [ 448575.838299999944866, 4470833.938100000843406 ], [ 448565.91440000012517, 4470831.902599999681115 ], [ 448551.155899999663234, 4470825.541400000452995 ], [ 448534.361700000241399, 4470815.108899999409914 ], [ 448523.701399999728892, 4470805.211400000378489 ], [ 448475.327899999916553, 4470851.243000000715256 ], [ 448428.18159999983618, 4470891.422900001518428 ], [ 448386.268500000238419, 4470923.25620000064373 ], [ 448346.031999999657273, 4470950.239999999292195 ], [ 448362.13810000004014, 4470976.246999999508262 ], [ 448416.289499999955297, 4471058.586899998597801 ], [ 448453.379599999636412, 4471125.348899999633431 ], [ 448487.502399999648333, 4471194.336399999447167 ], [ 448528.301500000059605, 4471294.479500000365078 ], [ 448591.354500000365078, 4471451.74129999987781 ], [ 448606.737999999895692, 4471499.879200000315905 ], [ 448609.295599999895785, 4471504.083599999547005 ], [ 448619.224299999885261, 4471520.405899999663234 ], [ 448645.623200000263751, 4471586.403 ], [ 448692.763899999670684, 4471695.141000000759959 ], [ 448712.168399999907706, 4471733.240299999713898 ], [ 448727.270200000144541, 4471762.604900000616908 ], [ 448744.469499999657273, 4471795.744999999180436 ], [ 448775.092699999921024, 4471847.3429000005126 ], [ 448779.219700000248849, 4471853.431500000879169 ], [ 448800.681900000199676, 4471885.097499999217689 ], [ 448819.559200000017881, 4471909.847700000740588 ], [ 448848.923799999989569, 4471946.763299999758601 ], [ 448885.00040000025183, 4471984.51789999846369 ], [ 448918.140499999688473, 4472017.657999999821186 ], [ 448967.640999999828637, 4472061.285500000230968 ], [ 449043.569600000046194, 4472122.5318 ], [ 449090.133600000292063, 4472158.188899998553097 ], [ 449132.922100000083447, 4472189.650999999605119 ], [ 449174.871600000187755, 4472224.469100000336766 ], [ 449210.948200000450015, 4472252.994799999520183 ], [ 449246.185800000093877, 4472281.520500000566244 ], [ 449286.876799999678042, 4472312.1436 ], [ 449336.012699999846518, 4472346.375100000761449 ], [ 449384.182199999690056, 4472385.431400000117719 ], [ 449427.404500000178814, 4472420.582100001163781 ], [ 449501.35120000038296, 4472478.906199998222291 ], [ 449521.400100000202656, 4472494.789200000464916 ], [ 449546.396099999547005, 4472514.577699999324977 ], [ 449587.971800000406802, 4472547.594399999827147 ], [ 449606.79839999973774, 4472564.5384 ], [ 449628.171000000089407, 4472580.882500000298023 ], [ 449576.242300000041723, 4472644.917300001718104 ], [ 449557.127999999560416, 4472668.903700000606477 ], [ 449543.747000000439584, 4472685.695599998347461 ], [ 449516.986200000159442, 4472713.093599998392165 ], [ 449499.482699999585748, 4472724.427799998782575 ], [ 449478.119300000369549, 4472738.261499998159707 ], [ 449411.217199999897275, 4472775.535499999299645 ], [ 449287.926300000399351, 4472840.526100000366569 ], [ 449254.888199999928474, 4472782.447200001217425 ], [ 449225.660400000400841, 4472731.066799999214709 ], [ 449216.784599999897182, 4472718.875 ], [ 449204.458100000396371, 4472701.943299999460578 ], [ 449175.467199999839067, 4472667.2179000005126 ], [ 449137.874599999806378, 4472629.943900000303984 ], [ 449103.786399999633431, 4472596.81150000076741 ], [ 449059.503700000233948, 4472635.041200000792742 ], [ 449025.800599999784026, 4472634.950000000186265 ], [ 448970.300999999977648, 4472628.988199999555945 ], [ 448960.002399999648333, 4472629.864699999801815 ], [ 448940.354299999773502, 4472631.536800000816584 ], [ 448908.814799999759998, 4472639.50139999948442 ], [ 448884.60259999986738, 4472643.005800000391901 ], [ 448879.18680000025779, 4472640.457100001163781 ], [ 448875.04519999952754, 4472637.589899999089539 ], [ 448871.859400000423193, 4472631.218299998901784 ], [ 448870.903599999845028, 4472626.439600000157952 ], [ 448877.593799999915063, 4472614.652000000700355 ], [ 448891.929999999760184, 4472603.820300000719726 ], [ 448930.796900000423193, 4472577.378100000321865 ], [ 448957.239099999889731, 4472559.856100000441074 ], [ 448986.230000000447035, 4472540.104099999181926 ], [ 449025.7341, 4472512.706099999137223 ], [ 449017.132399999478366, 4472498.688500000163913 ], [ 448937.619300000369549, 4472353.75099999923259 ], [ 448927.611100000329316, 4472345.769600000232458 ], [ 448904.673200000077486, 4472351.822599998675287 ], [ 448850.832999999634922, 4472361.061499999836087 ], [ 448829.639800000062678, 4472366.062899999320507 ], [ 448821.948900000192225, 4472366.546700000762939 ], [ 448812.921900000423193, 4472367.114499999210238 ], [ 448795.081299999728799, 4472367.114499999210238 ], [ 448773.417799999937415, 4472366.79590000025928 ], [ 448755.5773, 4472366.79590000025928 ], [ 448729.740199999883771, 4472366.1946 ], [ 448711.970200000330806, 4472367.084899999201298 ], [ 448690.400299999862909, 4472367.775299998931587 ], [ 448660.340400000102818, 4472368.665800000540912 ], [ 448653.968799999915063, 4472369.621499999426305 ], [ 448582.238099999725819, 4472392.006400000303984 ], [ 448548.515599999576807, 4472404.447699999436736 ], [ 448531.817999999970198, 4472353.372700001113117 ], [ 448519.703999999910593, 4472311.137599999085069 ], [ 448517.739599999971688, 4472307.208799999207258 ], [ 448473.390999999828637, 4472326.926700000651181 ], [ 448416.025700000114739, 4472356.878499999642372 ], [ 448332.262199999764562, 4472403.583000000566244 ], [ 448080.971599999815226, 4472541.665899999439716 ], [ 448041.882000000216067, 4472560.449200000613928 ], [ 447927.151300000026822, 4472603.600099999457598 ], [ 447857.094600000360515, 4472633.551899998448789 ], [ 447820.035500000230968, 4472650.304599999450147 ], [ 447782.97649999987334, 4472660.9655 ], [ 447739.317999999970198, 4472665.534400000236928 ], [ 447682.968000000342727, 4472668.580299998633564 ], [ 447664.347799999639392, 4472716.517200001515448 ], [ 447659.108, 4472730.006899998523295 ], [ 447654.753700000233948, 4472744.1584 ], [ 447644.893600000126753, 4472776.20380000025034 ], [ 447638.294099999591708, 4472803.1096 ], [ 447632.202200000174344, 4472842.199300001375377 ], [ 447630.1716, 4472889.919099998660386 ], [ 447633.21750000026077, 4472924.439799999818206 ], [ 447642.3553, 4472960.4835 ], [ 447568.237300000153482, 4472965.052399999462068 ], [ 447504.780100000090897, 4472969.113699999637902 ], [ 447427.616100000217557, 4472980.789799999445677 ], [ 447342.837299999780953, 4472991.9583 ], [ 447057.559799999929965, 4473027.365100000984967 ], [ 447056.508500000461936, 4473027.498299999162555 ], [ 447058.040699999779463, 4473031.243799998424947 ], [ 447366.420699999667704, 4473791.796299999579787 ], [ 447380.490799999795854, 4473820.226099999621511 ], [ 447386.750900000333786, 4473832.746000000275671 ], [ 447389.720900000073016, 4473838.105900001712143 ], [ 447393.300900000147521, 4473844.665899998508394 ], [ 447399.560999999754131, 4473856.575799998827279 ], [ 447406.671000000089407, 4473868.565700000151992 ], [ 447413.650999999605119, 4473880.295600001700222 ], [ 447418.631099999882281, 4473888.045499999076128 ], [ 447424.601099999679718, 4473897.235400000587106 ], [ 447440.991200000047684, 4473920.375199999660254 ], [ 447482.881299999542534, 4473967.874600000679493 ], [ 447504.441300000064075, 4473989.844200000166893 ], [ 447519.161299999803305, 4474003.524000000208616 ], [ 447534.501299999654293, 4474014.703799999319017 ], [ 447549.211400000378489, 4474025.293499999679625 ], [ 447555.021399999968708, 4474030.053399999625981 ], [ 447565.381400000303984, 4474036.903300000354648 ], [ 447572.431400000175927, 4474041.253200000151992 ], [ 447591.501299999654293, 4474050.582900000736117 ], [ 447615.551300000341143, 4474062.60249999910593 ], [ 447916.691200000292156, 4474215.347499999217689 ], [ 448181.270999999716878, 4474325.783299999311566 ], [ 448221.019999999552965, 4473794.5033 ], [ 448373.113699999637902, 4473744.846100002527237 ], [ 448420.096900000236928, 4473731.22690000012517 ], [ 448473.208300000056624, 4473717.607600001618266 ], [ 448525.979399999603629, 4473706.030999998562038 ], [ 448597.475599999539554, 4473692.070899999700487 ], [ 448802.771900000050664, 4473654.616800000891089 ], [ 448929.081899999640882, 4473630.441899999044836 ], [ 449125.866700000187848, 4473585.157400001771748 ], [ 449246.729299999773502, 4473554.513899999670684 ], [ 449443.514000000432134, 4473497.3131 ], [ 449525.904799999669194, 4473470.415400000289083 ], [ 449644.384200000204146, 4473428.877199999056756 ], [ 449742.095599999651313, 4473391.765299999155104 ], [ 449829.252799999900162, 4473357.377299999818206 ], [ 449981.096900000236928, 4473292.00630000140518 ], [ 450056.136800000385847, 4473257.108099999837577 ], [ 450073.361200000159442, 4473311.070499999448657 ], [ 450083.234699999913573, 4473339.668999998830259 ], [ 450094.129499999864493, 4473362.820200000889599 ], [ 450109.542999999597669, 4473390.463599999435246 ], [ 450187.955400000326335, 4473507.180699999444187 ], [ 450261.613300000317395, 4473615.191499999724329 ], [ 450364.181300000287592, 4473766.17439999897033 ], [ 450413.872600000351667, 4473838.480499998666346 ], [ 450436.488499999977648, 4473874.155799998901784 ], [ 450452.096699999645352, 4473901.230900001712143 ], [ 450471.208899999968708, 4473939.454500000923872 ], [ 450485.542999999597669, 4473970.0334 ], [ 450498.602900000289083, 4473998.3827 ], [ 450510.28309999970952, 4474025.119700000621378 ], [ 450521.519200000038836, 4474052.651900000870228 ], [ 450527.2659, 4474070.406400001607835 ], [ 450530.868300000205636, 4474083.529200000688434 ], [ 450534.127700000070035, 4474096.995199999772012 ], [ 450536.186200000345707, 4474109.088900001719594 ], [ 450538.073300000280142, 4474124.527600000612438 ], [ 450539.445700000040233, 4474141.767499999143183 ], [ 450540.30350000038743, 4474157.5493 ], [ 450542.105000000447035, 4474212.614199999719858 ], [ 450544.078099999576807, 4474267.593299998901784 ], [ 450544.935899999924004, 4474283.97550000064075 ], [ 450546.394100000150502, 4474299.242700000293553 ], [ 450548.366899999789894, 4474316.82560000102967 ], [ 450550.425499999895692, 4474329.519699999131262 ], [ 450553.684799999929965, 4474345.816099998541176 ], [ 450558.059200000017881, 4474363.141699998639524 ], [ 450563.377100000157952, 4474381.668099998496473 ], [ 450570.238900000229478, 4474401.738400000147521 ], [ 450578.558699999935925, 4474421.722900000400841 ], [ 450610.637299999594688, 4474496.685999999754131 ], [ 450633.195199999958277, 4474548.148199998773634 ], [ 450651.464599999599159, 4474588.631700000725687 ], [ 450660.727900000289083, 4474608.101500000804663 ], [ 450698.209999999962747, 4474678.518700000829995 ], [ 450735.177500000223517, 4474747.735200000926852 ], [ 450772.659599999897182, 4474817.20890000090003 ], [ 450819.658599999733269, 4474903.777399999089539 ], [ 450848.385499999858439, 4474954.085899998433888 ], [ 450911.048799999989569, 4475046.814200000837445 ], [ 450940.222199999727309, 4475088.9364 ], [ 450959.869599999859929, 4475118.407100000418723 ], [ 450973.56319999974221, 4475142.07289999909699 ], [ 450985.024299999640789, 4475166.631899999454618 ], [ 450993.689000000245869, 4475188.4583 ], [ 450999.350700000301003, 4475205.692900000140071 ], [ 451013.787700000219047, 4475202.337100000120699 ], [ 451067.383899999782443, 4475188.150499999523163 ], [ 451202.54700000025332, 4475152.373599999584258 ], [ 451155.746500000357628, 4475056.773899999447167 ], [ 451137.346300000324845, 4475018.7741 ], [ 451125.746299999766052, 4474994.474199999123812 ], [ 451114.446100000292063, 4474966.37430000025779 ], [ 451107.046000000089407, 4474943.6744 ], [ 451099.845800000242889, 4474922.774499998427927 ], [ 451085.645600000396371, 4474866.574599999003112 ], [ 451076.345300000160933, 4474823.374699999578297 ], [ 451070.545099999755621, 4474788.274700000882149 ], [ 451065.32490000029793, 4474754.534999999217689 ], [ 451054.144700000062585, 4474714.574899999424815 ], [ 451036.744500000029802, 4474669.074999999254942 ], [ 451024.744300000369549, 4474644.2752 ], [ 450995.543899999931455, 4474562.375800000503659 ], [ 450938.743400000035763, 4474452.276200000196695 ], [ 450928.543200000131037, 4474426.576399999670684 ], [ 450911.542999999597669, 4474383.8766 ], [ 450897.172899999655783, 4474347.83699999935925 ], [ 450867.242700000293553, 4474298.277200000360608 ], [ 450833.682400000281632, 4474240.563900000415742 ], [ 450957.200400000438094, 4473979.105199999175966 ], [ 450945.950400000438094, 4473962.635299999266863 ], [ 450991.479399999603629, 4473831.524399999529123 ], [ 451105.95920000039041, 4473770.708599999547005 ] ] ] } },
{ "type": "Feature", "properties": { "tau": -0.52615392208099365, "two_sided_pval": 0.00017891667084768414, "name": "Valdebernardo", "classification": "negative trend with prob > 99%" }, "geometry": { "type": "Polygon", "coordinates": [ [ [ 448362.13810000004014, 4470976.246999999508262 ], [ 448346.031999999657273, 4470950.239999999292195 ], [ 448339.880900000222027, 4470954.3651 ], [ 448339.878200000093784, 4470954.366899999789894 ], [ 448296.191100000403821, 4470980.256400001235306 ], [ 448237.157300000078976, 4471012.319199999794364 ], [ 448201.024500000290573, 4471028.350700000301003 ], [ 448151.151100000366569, 4471048.453799999319017 ], [ 448103.313299999572337, 4471065.248899999074638 ], [ 448049.622899999842048, 4471080.771800000220537 ], [ 447740.712700000032783, 4471170.092100000940263 ], [ 447500.778400000184774, 4471240.59809999819845 ], [ 447431.241600000299513, 4471260.9781 ], [ 447219.487800000235438, 4471323.561599999666214 ], [ 447123.5477, 4471351.581000000238419 ], [ 446946.044900000095367, 4471403.929300000891089 ], [ 446747.235100000165403, 4471462.150100000202656 ], [ 446550.093799999856856, 4471519.629799998365343 ], [ 446706.636199999600649, 4471878.228300000540912 ], [ 446729.493800000287592, 4471937.054199998266995 ], [ 446748.923999999649823, 4471991.514000000432134 ], [ 446766.028400000184774, 4472044.993900000117719 ], [ 446785.302400000393391, 4472115.601399999111891 ], [ 446801.545599999837577, 4472188.144600001163781 ], [ 446809.770899999886751, 4472235.41950000077486 ], [ 446826.175900000147521, 4472330.015599999576807 ], [ 446843.656000000424683, 4472426.384700000286102 ], [ 446857.917799999937415, 4472489.462799999862909 ], [ 446870.011, 4472538.913899999111891 ], [ 446886.535000000207219, 4472595.387599999085069 ], [ 446908.497299999929965, 4472660.855199999175966 ], [ 446927.224799999967217, 4472710.233599998988211 ], [ 446942.302099999971688, 4472748.324299999512732 ], [ 447056.508500000461936, 4473027.498299999162555 ], [ 447057.559799999929965, 4473027.365100000984967 ], [ 447342.837299999780953, 4472991.9583 ], [ 447427.616100000217557, 4472980.789799999445677 ], [ 447504.780100000090897, 4472969.113699999637902 ], [ 447568.237300000153482, 4472965.052399999462068 ], [ 447642.3553, 4472960.4835 ], [ 447633.21750000026077, 4472924.439799999818206 ], [ 447630.1716, 4472889.919099998660386 ], [ 447632.202200000174344, 4472842.199300001375377 ], [ 447638.294099999591708, 4472803.1096 ], [ 447644.893600000126753, 4472776.20380000025034 ], [ 447654.753700000233948, 4472744.1584 ], [ 447659.108, 4472730.006899998523295 ], [ 447664.347799999639392, 4472716.517200001515448 ], [ 447682.968000000342727, 4472668.580299998633564 ], [ 447739.317999999970198, 4472665.534400000236928 ], [ 447782.97649999987334, 4472660.9655 ], [ 447820.035500000230968, 4472650.304599999450147 ], [ 447857.094600000360515, 4472633.551899998448789 ], [ 447927.151300000026822, 4472603.600099999457598 ], [ 448041.882000000216067, 4472560.449200000613928 ], [ 448080.971599999815226, 4472541.665899999439716 ], [ 448332.262199999764562, 4472403.583000000566244 ], [ 448416.025700000114739, 4472356.878499999642372 ], [ 448473.390999999828637, 4472326.926700000651181 ], [ 448517.739599999971688, 4472307.208799999207258 ], [ 448505.62569999974221, 4472284.617900001816452 ], [ 448411.660799999721348, 4472176.247199999168515 ], [ 448334.066100000403821, 4472085.8838 ], [ 448324.970599999651313, 4472075.3445999994874 ], [ 448243.481499999761581, 4471980.109300000593066 ], [ 448335.202499999664724, 4471898.234099999070168 ], [ 448261.067300000227988, 4471805.690099999308586 ], [ 448368.977800000458956, 4471712.1272 ], [ 448347.557400000281632, 4471687.473500001244247 ], [ 448339.878399999812245, 4471675.550799999386072 ], [ 448337.946000000461936, 4471670.938999998383224 ], [ 448358.811499999836087, 4471658.966299998573959 ], [ 448453.560999999812339, 4471592.861999999731779 ], [ 448502.478199999779463, 4471555.843599999323487 ], [ 448542.581500000320375, 4471528.520500000566244 ], [ 448606.737999999895692, 4471499.879200000315905 ], [ 448591.354500000365078, 4471451.74129999987781 ], [ 448528.301500000059605, 4471294.479500000365078 ], [ 448487.502399999648333, 4471194.336399999447167 ], [ 448453.379599999636412, 4471125.348899999633431 ], [ 448416.289499999955297, 4471058.586899998597801 ], [ 448362.13810000004014, 4470976.246999999508262 ] ] ] } },
{ "type": "Feature", "properties": { "tau": -0.52615392208099365, "two_sided_pval": 0.00017891667084768414, "name": "Casco Histórico de Vicálvaro", "classification": "negative trend with prob > 99%" }, "geometry": { "type": "Polygon", "coordinates": [ [ [ 449576.242300000041723, 4472644.917300001718104 ], [ 449628.171000000089407, 4472580.882500000298023 ], [ 449606.79839999973774, 4472564.5384 ], [ 449587.971800000406802, 4472547.594399999827147 ], [ 449546.396099999547005, 4472514.577699999324977 ], [ 449521.400100000202656, 4472494.789200000464916 ], [ 449501.35120000038296, 4472478.906199998222291 ], [ 449427.404500000178814, 4472420.582100001163781 ], [ 449384.182199999690056, 4472385.431400000117719 ], [ 449336.012699999846518, 4472346.375100000761449 ], [ 449286.876799999678042, 4472312.1436 ], [ 449246.185800000093877, 4472281.520500000566244 ], [ 449210.948200000450015, 4472252.994799999520183 ], [ 449174.871600000187755, 4472224.469100000336766 ], [ 449132.922100000083447, 4472189.650999999605119 ], [ 449090.133600000292063, 4472158.188899998553097 ], [ 449043.569600000046194, 4472122.5318 ], [ 448967.640999999828637, 4472061.285500000230968 ], [ 448918.140499999688473, 4472017.657999999821186 ], [ 448885.00040000025183, 4471984.51789999846369 ], [ 448848.923799999989569, 4471946.763299999758601 ], [ 448819.559200000017881, 4471909.847700000740588 ], [ 448800.681900000199676, 4471885.097499999217689 ], [ 448779.219700000248849, 4471853.431500000879169 ], [ 448775.092699999921024, 4471847.3429000005126 ], [ 448744.469499999657273, 4471795.744999999180436 ], [ 448727.270200000144541, 4471762.604900000616908 ], [ 448712.168399999907706, 4471733.240299999713898 ], [ 448692.763899999670684, 4471695.141000000759959 ], [ 448645.623200000263751, 4471586.403 ], [ 448619.224299999885261, 4471520.405899999663234 ], [ 448609.295599999895785, 4471504.083599999547005 ], [ 448606.737999999895692, 4471499.879200000315905 ], [ 448542.581500000320375, 4471528.520500000566244 ], [ 448502.478199999779463, 4471555.843599999323487 ], [ 448453.560999999812339, 4471592.861999999731779 ], [ 448358.811499999836087, 4471658.966299998573959 ], [ 448337.946000000461936, 4471670.938999998383224 ], [ 448339.878399999812245, 4471675.550799999386072 ], [ 448347.557400000281632, 4471687.473500001244247 ], [ 448368.977800000458956, 4471712.1272 ], [ 448261.067300000227988, 4471805.690099999308586 ], [ 448335.202499999664724, 4471898.234099999070168 ], [ 448243.481499999761581, 4471980.109300000593066 ], [ 448324.970599999651313, 4472075.3445999994874 ], [ 448334.066100000403821, 4472085.8838 ], [ 448411.660799999721348, 4472176.247199999168515 ], [ 448505.62569999974221, 4472284.617900001816452 ], [ 448517.739599999971688, 4472307.208799999207258 ], [ 448519.703999999910593, 4472311.137599999085069 ], [ 448531.817999999970198, 4472353.372700001113117 ], [ 448548.515599999576807, 4472404.447699999436736 ], [ 448582.238099999725819, 4472392.006400000303984 ], [ 448653.968799999915063, 4472369.621499999426305 ], [ 448660.340400000102818, 4472368.665800000540912 ], [ 448690.400299999862909, 4472367.775299998931587 ], [ 448711.970200000330806, 4472367.084899999201298 ], [ 448729.740199999883771, 4472366.1946 ], [ 448755.5773, 4472366.79590000025928 ], [ 448773.417799999937415, 4472366.79590000025928 ], [ 448795.081299999728799, 4472367.114499999210238 ], [ 448812.921900000423193, 4472367.114499999210238 ], [ 448821.948900000192225, 4472366.546700000762939 ], [ 448829.639800000062678, 4472366.062899999320507 ], [ 448850.832999999634922, 4472361.061499999836087 ], [ 448904.673200000077486, 4472351.822599998675287 ], [ 448927.611100000329316, 4472345.769600000232458 ], [ 448937.619300000369549, 4472353.75099999923259 ], [ 449017.132399999478366, 4472498.688500000163913 ], [ 449025.7341, 4472512.706099999137223 ], [ 448986.230000000447035, 4472540.104099999181926 ], [ 448957.239099999889731, 4472559.856100000441074 ], [ 448930.796900000423193, 4472577.378100000321865 ], [ 448891.929999999760184, 4472603.820300000719726 ], [ 448877.593799999915063, 4472614.652000000700355 ], [ 448870.903599999845028, 4472626.439600000157952 ], [ 448871.859400000423193, 4472631.218299998901784 ], [ 448875.04519999952754, 4472637.589899999089539 ], [ 448879.18680000025779, 4472640.457100001163781 ], [ 448884.60259999986738, 4472643.005800000391901 ], [ 448908.814799999759998, 4472639.50139999948442 ], [ 448940.354299999773502, 4472631.536800000816584 ], [ 448960.002399999648333, 4472629.864699999801815 ], [ 448970.300999999977648, 4472628.988199999555945 ], [ 449025.800599999784026, 4472634.950000000186265 ], [ 449059.503700000233948, 4472635.041200000792742 ], [ 449103.786399999633431, 4472596.81150000076741 ], [ 449137.874599999806378, 4472629.943900000303984 ], [ 449175.467199999839067, 4472667.2179000005126 ], [ 449204.458100000396371, 4472701.943299999460578 ], [ 449216.784599999897182, 4472718.875 ], [ 449225.660400000400841, 4472731.066799999214709 ], [ 449254.888199999928474, 4472782.447200001217425 ], [ 449287.926300000399351, 4472840.526100000366569 ], [ 449411.217199999897275, 4472775.535499999299645 ], [ 449478.119300000369549, 4472738.261499998159707 ], [ 449499.482699999585748, 4472724.427799998782575 ], [ 449516.986200000159442, 4472713.093599998392165 ], [ 449543.747000000439584, 4472685.695599998347461 ], [ 449557.127999999560416, 4472668.903700000606477 ], [ 449576.242300000041723, 4472644.917300001718104 ] ] ] } },
{ "type": "Feature", "properties": { "tau": -0.53230774402618408, "two_sided_pval": 0.00014995328092481941, "name": "El Cañaveral", "classification": "negative trend with prob > 99%" }, "geometry": { "type": "Polygon", "coordinates": [ [ [ 455641.682000000029802, 4473869.408599999733269 ], [ 455658.382699999958277, 4473855.380000000819564 ], [ 455664.561999999918044, 4473849.952199999243021 ], [ 455670.824799999594688, 4473844.10700000077486 ], [ 455675.166899999603629, 4473839.096799999475479 ], [ 455679.846900000236928, 4473832.537699999287724 ], [ 455691.471099999733269, 4473819.683999999426305 ], [ 455702.846800000406802, 4473800.576100000180304 ], [ 455714.999800000339746, 4473779.706299999728799 ], [ 455723.819899999536574, 4473764.798699998296797 ], [ 455737.89159999974072, 4473740.323899999260902 ], [ 455754.646200000308454, 4473708.183599998243153 ], [ 455787.0466, 4473648.808800000697374 ], [ 455804.572100000455976, 4473615.715399999171495 ], [ 455810.512600000016391, 4473605.068499999120831 ], [ 455813.922399999573827, 4473598.346299999393523 ], [ 455816.408099999651313, 4473592.708399998955429 ], [ 455821.007399999478366, 4473581.7029 ], [ 455825.990000000223517, 4473567.7955 ], [ 455830.753600000403821, 4473552.355000000447035 ], [ 455848.165199999697506, 4473487.526800000108778 ], [ 455854.13329999987036, 4473471.648300000466406 ], [ 455861.798799999989569, 4473454.838999998755753 ], [ 455898.233599999861326, 4473392.568 ], [ 455886.803600000217557, 4473386.838199999183416 ], [ 455887.107599999697413, 4473386.321900000795722 ], [ 455893.748399999924004, 4473375.044099999591708 ], [ 455904.134499999694526, 4473355.911800000816584 ], [ 455919.986899999901652, 4473327.851199999451637 ], [ 455926.546500000171363, 4473316.189699999056756 ], [ 455930.737399999983609, 4473308.718999999575317 ], [ 455936.568199999572244, 4473298.697299999184906 ], [ 455940.75899999961257, 4473291.408900000154972 ], [ 455944.585500000044703, 4473281.205 ], [ 455946.407599999569356, 4473276.467499999329448 ], [ 455948.229700000025332, 4473270.454500000923872 ], [ 455949.322999999858439, 4473264.805999998934567 ], [ 455950.234000000171363, 4473258.246300000697374 ], [ 455950.962899999693036, 4473251.504500000737607 ], [ 455950.416199999861419, 4473238.931900001130998 ], [ 455948.776300000026822, 4473225.083799998275936 ], [ 455947.136400000192225, 4473209.2314 ], [ 455945.496500000357628, 4473193.014499999582767 ], [ 455942.945600000210106, 4473171.878000000491738 ], [ 455940.941200000233948, 4473148.008199999108911 ], [ 455938.208100000396371, 4473113.934600001201034 ], [ 455937.661399999633431, 4473088.425000000745058 ], [ 455937.29700000025332, 4473074.94129999820143 ], [ 455936.75040000025183, 4473060.728800000622869 ], [ 455936.75040000025183, 4473047.791799999773502 ], [ 455936.75040000025183, 4473033.94370000064373 ], [ 455937.661399999633431, 4473020.824400000274181 ], [ 455937.84360000025481, 4473007.887399998493493 ], [ 455938.208100000396371, 4472991.488399999216199 ], [ 455939.66579999960959, 4472967.618599998764694 ], [ 455941.852300000376999, 4472947.210899999365211 ], [ 455943.674399999901652, 4472924.798900000751019 ], [ 455946.771999999880791, 4472899.106999999843538 ], [ 455948.229700000025332, 4472881.068 ], [ 455950.598500000312924, 4472862.664700000546873 ], [ 455955.700400000438094, 4472833.328600001521409 ], [ 455958.433600000105798, 4472818.205 ], [ 455961.895600000396371, 4472803.263599999248981 ], [ 455965.722000000067055, 4472789.051100000739098 ], [ 455969.001799999678042, 4472778.847200000658631 ], [ 455973.739299999549985, 4472765.545800000429153 ], [ 455979.205699999816716, 4472750.604399999603629 ], [ 455985.765300000086427, 4472735.845300000160933 ], [ 455993.782599999569356, 4472720.721699999645352 ], [ 456002.71100000012666, 4472700.860600001178682 ], [ 456008.724000000394881, 4472689.563500000163913 ], [ 456014.368300000205636, 4472675.121500000357628 ], [ 456019.356599999591708, 4472662.151499998755753 ], [ 456023.300900000089314, 4472648.019200000911951 ], [ 456027.491799999959767, 4472630.89130000025034 ], [ 456029.131699999794364, 4472620.323000000789762 ], [ 456029.860600000189152, 4472609.208099999465048 ], [ 456031.135999999940395, 4472597.364400000311434 ], [ 456031.500500000081956, 4472585.338400000706315 ], [ 456032.229299999773502, 4472572.219099999405444 ], [ 456032.411500000336673, 4472561.468599998392165 ], [ 456032.593700000084937, 4472549.624900001101196 ], [ 456033.140399999916553, 4472533.407999999821186 ], [ 456033.322599999606609, 4472521.199799999594688 ], [ 456033.322599999606609, 4472510.995999999344349 ], [ 456032.775999999605119, 4472501.156600001268089 ], [ 456031.135999999940395, 4472488.401699998416007 ], [ 456030.407200000248849, 4472477.833500000648201 ], [ 456028.441100000403821, 4472463.372500001452863 ], [ 456026.345300000160933, 4472447.829700000584126 ], [ 456023.7171, 4472431.267799999564886 ], [ 456019.377899999730289, 4472409.360300000756979 ], [ 456014.403800000436604, 4472386.605999999679625 ], [ 456010.699599999934435, 4472367.2385 ], [ 456006.995400000363588, 4472349.776000000536442 ], [ 456003.079599999822676, 4472331.995899999514222 ], [ 455999.798700000159442, 4472316.438399999402463 ], [ 455995.247899999842048, 4472296.224199999123812 ], [ 455990.591199999675155, 4472280.666699999012053 ], [ 455987.521999999880791, 4472270.4008 ], [ 455985.722900000400841, 4472264.262499999254942 ], [ 455982.018699999898672, 4472251.879899999126792 ], [ 455977.467899999581277, 4472238.8624 ], [ 455972.599499999545515, 4472226.056600001640618 ], [ 455963.815299999900162, 4472202.244000000879169 ], [ 455955.4545, 4472178.5373 ], [ 455952.491100000217557, 4472170.070599999278784 ], [ 455946.458599999547005, 4472153.454700000584126 ], [ 455941.27280000038445, 4472138.532199998386204 ], [ 455937.886099999770522, 4472129.324699998833239 ], [ 455934.499400000087917, 4472120.117199999280274 ], [ 455931.00690000038594, 4472110.168800000101328 ], [ 455928.361100000329316, 4472101.702099999412894 ], [ 455924.762799999676645, 4472091.648 ], [ 455922.751899999566376, 4472085.192099999636412 ], [ 455920.635200000368059, 4472078.7363 ], [ 455918.836099999956787, 4472072.174599999561906 ], [ 455917.460199999564793, 4472066.565399999730289 ], [ 455916.190200000070035, 4472060.42710000090301 ], [ 455915.237700000405312, 4472055.770400000736117 ], [ 455914.602699999697506, 4472051.325399999506772 ], [ 455914.391099999658763, 4472047.663499999791384 ], [ 455914.179399999789894, 4472044.911899999715388 ], [ 455905.662800000049174, 4472046.083599999547005 ], [ 455903.83600000012666, 4472033.126599998213351 ], [ 455841.939199999906123, 4471594.093499999493361 ], [ 455833.257699999958277, 4471408.1831 ], [ 455647.857699999585748, 4471382.966700000688434 ], [ 455498.406999999657273, 4471270.2994 ], [ 455281.446399999782443, 4471155.313400000333786 ], [ 455089.326299999840558, 4471110.977099998854101 ], [ 454841.708300000056624, 4471338.802700000815094 ], [ 454776.008600000292063, 4471368.734099999070168 ], [ 454395.508799999952316, 4471329.301599999889731 ], [ 454179.8898, 4471434.816200000233948 ], [ 453962.090400000102818, 4471532.510300000198185 ], [ 453942.081299999670591, 4471530.864199998788536 ], [ 453949.891699999570847, 4471586.81840000115335 ], [ 453944.311200000345707, 4471634.2796 ], [ 453600.521099999488797, 4471537.733300000429153 ], [ 453467.702499999664724, 4471516.07810000050813 ], [ 453439.526399999856949, 4471513.4638 ], [ 453327.665500000119209, 4471503.084899999201298 ], [ 453213.614799999631941, 4471507.415999999269843 ], [ 453093.789300000295043, 4471523.296499998308718 ], [ 452988.400600000284612, 4471542.064300001598895 ], [ 452907.55449999962002, 4471566.606899999082088 ], [ 452776.17960000038147, 4471621.466699998825788 ], [ 452685.227800000458956, 4471663.333399999886751 ], [ 452220.624499999918044, 4471954.042300000786781 ], [ 452179.939699999988079, 4471979.499399999156594 ], [ 451953.007799999788404, 4472119.906999999657273 ], [ 451547.607699999585748, 4472370.736800001002848 ], [ 451042.319599999987986, 4472686.902799998410046 ], [ 450794.006599999964237, 4472841.376599999144673 ], [ 450524.038399999903049, 4473010.287199999205768 ], [ 450310.703300000168383, 4473128.9112 ], [ 451105.95920000039041, 4473770.708599999547005 ], [ 451161.642500000074506, 4473741.1277 ], [ 451392.259999999776483, 4473618.615999999456108 ], [ 451392.402999999932945, 4473618.686899999156594 ], [ 451416.336900000460446, 4473630.566199998371303 ], [ 451442.436999999918044, 4473635.065600000321865 ], [ 451468.337000000290573, 4473637.565100001171231 ], [ 451496.536999999545515, 4473638.564600000157952 ], [ 451525.936999999918044, 4473642.264000001363456 ], [ 451546.436900000087917, 4473640.763599998317659 ], [ 451560.736999999731779, 4473639.063300000503659 ], [ 451590.137099999934435, 4473650.262700001709163 ], [ 451616.237099999561906, 4473662.1623 ], [ 451652.937199999578297, 4473680.561599999666214 ], [ 451677.837299999780953, 4473695.461200000718236 ], [ 451710.737399999983609, 4473713.760500001721084 ], [ 451735.737499999813735, 4473729.060099999420345 ], [ 451753.637599999958184, 4473736.659699999727309 ], [ 451774.437599999830127, 4473746.859400000423193 ], [ 451812.237700000405312, 4473755.849099998362362 ], [ 452081.847900000400841, 4473809.243899999186397 ], [ 452102.43790000025183, 4473809.953099998645484 ], [ 452138.037899999879301, 4473809.6524 ], [ 452174.837899999693036, 4473807.351700000464916 ], [ 452183.637799999676645, 4473800.251499999314547 ], [ 452230.337899999693036, 4473799.7506 ], [ 452277.0378, 4473791.9496 ], [ 452314.237700000405312, 4473786.549000000581145 ], [ 452345.537700000219047, 4473783.548200001008809 ], [ 452381.03760000038892, 4473779.147599999792874 ], [ 452414.737599999585655, 4473777.446899999864399 ], [ 452447.53760000038892, 4473774.746200000867248 ], [ 452472.137600000016391, 4473775.045800001360476 ], [ 452522.237499999813735, 4473768.144800000824034 ], [ 452559.637500000186265, 4473764.044099999591708 ], [ 452596.737399999983609, 4473755.843299999833107 ], [ 452625.737399999983609, 4473745.942699999548495 ], [ 452670.837199999892619, 4473731.7418 ], [ 452697.537100000306964, 4473717.24129999987781 ], [ 452725.436999999918044, 4473698.140700000338256 ], [ 452748.836900000460446, 4473685.04009999986738 ], [ 452786.436800000199582, 4473669.239399999380112 ], [ 452834.536600000225008, 4473650.238400000147521 ], [ 452868.336500000208616, 4473637.937699998728931 ], [ 452903.736499999649823, 4473631.236999999731779 ], [ 452941.136500000022352, 4473630.636200000531971 ], [ 452981.336400000320282, 4473622.235500000417233 ], [ 453046.506199999712408, 4473599.194599999114871 ], [ 453071.136199999600649, 4473602.733699998818338 ], [ 453101.955400000268128, 4473607.347600000910461 ], [ 453127.236299999989569, 4473611.132500000298023 ], [ 453150.936300000175834, 4473615.5320999994874 ], [ 453182.83629999961704, 4473619.031499999575317 ], [ 453216.236299999989569, 4473623.930800001136959 ], [ 453229.536299999803305, 4473622.730599998496473 ], [ 453247.436300000175834, 4473622.830200000666082 ], [ 453293.936300000175834, 4473625.8293999992311 ], [ 453327.136400000192225, 4473633.428699999116361 ], [ 453369.936499999836087, 4473648.227900000289083 ], [ 453396.426599999889731, 4473667.607799999415874 ], [ 453748.810800000093877, 4473570.954599999822676 ], [ 453761.53969999961555, 4473565.762299999594688 ], [ 453763.519999999552965, 4473567.08 ], [ 453763.542899999767542, 4473567.087400000542402 ], [ 453771.516699999570847, 4473569.665300001390278 ], [ 453773.860000000335276, 4473569.422099999152124 ], [ 453797.889000000432134, 4473561.153100001625717 ], [ 453802.762599999958184, 4473559.7357 ], [ 453810.002999999502208, 4473557.80350000038743 ], [ 453813.188099999912083, 4473557.7137999990955 ], [ 453825.507799999788404, 4473557.343900001607835 ], [ 453831.997200000099838, 4473557.014000000432134 ], [ 453842.566999999806285, 4473556.474099999293685 ], [ 453844.086900000460446, 4473556.394099999219179 ], [ 453857.896099999547005, 4473555.444799999706447 ], [ 453863.845999999903142, 4473555.074799998663366 ], [ 453870.535799999721348, 4473554.654899999499321 ], [ 453873.135800000280142, 4473554.494899998418987 ], [ 453885.046799999661744, 4473552.566299999132752 ], [ 453887.894999999552965, 4473552.105100000277162 ], [ 453890.55489999987185, 4473551.025200000964105 ], [ 453900.754200000315905, 4473546.875800000503659 ], [ 453904.269000000320375, 4473546.350899999029934 ], [ 453913.613900000229478, 4473544.966 ], [ 453954.571999999694526, 4473529.727099999785423 ], [ 453973.621100000105798, 4473522.578000000678003 ], [ 453989.330799999646842, 4473519.728099999018013 ], [ 453995.970200000330806, 4473517.42820000089705 ], [ 454007.67989999987185, 4473513.379000000655651 ], [ 454016.939199999906123, 4473510.168999998830259 ], [ 454042.4682, 4473500.459899999201298 ], [ 454052.127999999560416, 4473495.350099999457598 ], [ 454056.937900000193622, 4473492.810200001113117 ], [ 454061.887799999676645, 4473490.200799999758601 ], [ 454065.75719999987632, 4473488.710799998603761 ], [ 454071.087100000120699, 4473486.67090000025928 ], [ 454074.927000000141561, 4473485.200999998487532 ], [ 454090.186200000287499, 4473482.981199999339879 ], [ 454098.286000000312924, 4473481.331799999810755 ], [ 454101.505900000222027, 4473480.671800000593066 ], [ 454103.775899999774992, 4473480.211899998597801 ], [ 454115.985100000165403, 4473479.102 ], [ 454131.244800000451505, 4473477.992299999110401 ], [ 454135.83420000039041, 4473477.82219999935478 ], [ 454142.024000000208616, 4473477.592800000682473 ], [ 454146.503899999894202, 4473477.432800001464784 ], [ 454159.563099999912083, 4473475.07249999884516 ], [ 454160.239699999801815, 4473474.949699998833239 ], [ 454160.530299999751151, 4473474.897199998609722 ], [ 454166.473000000230968, 4473473.823100001551211 ], [ 454170.002899999730289, 4473472.7331000007689 ], [ 454181.732300000265241, 4473469.113600000739098 ], [ 454182.662200000137091, 4473468.673599999397993 ], [ 454189.502000000327826, 4473465.503900000825524 ], [ 454202.534099999815226, 4473459.310200000181794 ], [ 454205.836900000460446, 4473478.797099999152124 ], [ 454206.236999999731779, 4473503.697200000286102 ], [ 454206.037200000137091, 4473526.897199998609722 ], [ 454205.637199999764562, 4473533.9978 ], [ 454203.037800000049174, 4473558.597800000570714 ], [ 454203.737800000235438, 4473562.297800000756979 ], [ 454206.037899999879301, 4473567.4978 ], [ 454207.93790000025183, 4473572.89780000038445 ], [ 454210.537899999879301, 4473577.4978 ], [ 454211.938000000081956, 4473581.297800000756979 ], [ 454215.438000000081956, 4473583.697800000198185 ], [ 454224.838000000454485, 4473585.497300000861287 ], [ 454238.138000000268221, 4473582.797100001014769 ], [ 454261.138000000268221, 4473575.3969 ], [ 454267.338000000396278, 4473574.096799999475479 ], [ 454293.737999999895692, 4473564.496099999174476 ], [ 454310.338100000284612, 4473561.995999999344349 ], [ 454328.535000000149012, 4473562.3081 ], [ 454354.838800000026822, 4473586.195099999196827 ], [ 454361.538900000043213, 4473597.095099999569356 ], [ 454364.138899999670684, 4473606.095100001432002 ], [ 454364.738900000229478, 4473611.895099998451769 ], [ 454362.539099999703467, 4473644.595200000330806 ], [ 454364.239199999719858, 4473652.29520000051707 ], [ 454366.439199999906123, 4473656.6952 ], [ 454372.639200000092387, 4473665.595199999399483 ], [ 454390.139899999834597, 4473678.09499999973923 ], [ 454403.039900000207126, 4473684.394999998621643 ], [ 454414.940000000409782, 4473688.394899999722838 ], [ 454422.339999999850988, 4473689.5948 ], [ 454448.940000000409782, 4473691.294099999591708 ], [ 454455.440100000239909, 4473691.494 ], [ 454468.340099999681115, 4473690.093900000676513 ], [ 454483.640100000426173, 4473688.093699998222291 ], [ 454496.54009999986738, 4473685.0932 ], [ 454505.535899999493267, 4473682.304999999701977 ], [ 454504.6402000002563, 4473697.293099998496473 ], [ 454505.940200000070035, 4473707.093099999241531 ], [ 454510.340800000354648, 4473719.993100001476705 ], [ 454513.340900000184774, 4473725.693099998869002 ], [ 454522.540900000371039, 4473736.793100000359118 ], [ 454529.74100000038743, 4473743.093000000342727 ], [ 454542.541100000031292, 4473748.992900000885129 ], [ 454555.385200000368059, 4473752.265699998475611 ], [ 454555.46059999987483, 4473752.284900000318885 ], [ 454595.537200000137091, 4473892.303999999538064 ], [ 454623.042899999767542, 4473883.292000000365078 ], [ 454644.942999999970198, 4473877.09190000128001 ], [ 454669.542999999597669, 4473870.991300000809133 ], [ 454695.143000000156462, 4473865.690899999812245 ], [ 454719.143000000156462, 4473861.69019999820739 ], [ 454744.543100000359118, 4473858.390000000596046 ], [ 454755.643099999986589, 4473857.189899999648333 ], [ 454779.343100000172853, 4473856.989199998788536 ], [ 454795.943199999572244, 4473857.689099999144673 ], [ 454817.3432, 4473859.688999998383224 ], [ 454834.543800000101328, 4473862.288200000301003 ], [ 454860.847099999897182, 4473867.738199998624623 ], [ 454875.643899999558926, 4473871.788000001572073 ], [ 454893.44400000013411, 4473877.68779999949038 ], [ 454900.144000000320375, 4473880.387199999764562 ], [ 454906.843999999575317, 4473883.087200000882149 ], [ 454920.344100000336766, 4473889.187100000679493 ], [ 454937.844200000108685, 4473898.386999999172986 ], [ 454955.944799999706447, 4473908.286900001578033 ], [ 454971.944899999536574, 4473915.086300000548363 ], [ 454991.044900000095367, 4473920.686100001446903 ], [ 454999.544900000095367, 4473922.385900000110269 ], [ 455014.919099999591708, 4473923.096599998883903 ], [ 454936.722699999751057, 4474519.600099998526275 ], [ 455002.051300000399351, 4474460.187999998219311 ], [ 455045.92119999974966, 4474419.75899999961257 ], [ 455096.991600000299513, 4474373.500199999660254 ], [ 455146.206899999640882, 4474328.265100000426173 ], [ 455202.5148, 4474278.17200000025332 ], [ 455238.578499999828637, 4474247.301100000739098 ], [ 455288.672500000335276, 4474209.161499999463558 ], [ 455328.042600000277162, 4474181.644799999892712 ], [ 455344.977400000148918, 4474168.470499998889863 ], [ 455370.347199999727309, 4474151.985699999146163 ], [ 455389.17090000025928, 4474140.122199999168515 ], [ 455404.927799999713898, 4474127.63880000077188 ], [ 455415.608799999579787, 4474120.7676 ], [ 455421.566499999724329, 4474116.996699999086559 ], [ 455426.075699999928474, 4474113.7401 ], [ 455429.41579999960959, 4474111.56900000013411 ], [ 455434.092000000178814, 4474108.312400000169873 ], [ 455437.766200000420213, 4474105.6403 ], [ 455443.778500000014901, 4474101.131100000813603 ], [ 455447.703099999576807, 4474096.7889 ], [ 455454.13289999961853, 4474088.438500000163913 ], [ 455457.389600000344217, 4474082.760300000198185 ], [ 455460.89670000039041, 4474076.247000000439584 ], [ 455464.487399999983609, 4474067.729599999263883 ], [ 455467.660500000230968, 4474059.7133 ], [ 455473.756299999542534, 4474044.265100000426173 ], [ 455485.363300000317395, 4474016.124399999156594 ], [ 455490.623999999836087, 4474005.937000000849366 ], [ 455494.715699999593198, 4473998.922700000926852 ], [ 455497.638299999758601, 4473994.664000000804663 ], [ 455501.479500000365078, 4473989.152699998579919 ], [ 455505.988599999807775, 4473983.724999998696148 ], [ 455511.75040000025183, 4473978.464299998246133 ], [ 455525.277999999932945, 4473965.938699999824166 ], [ 455541.728199999779463, 4473952.244100000709295 ], [ 455554.872800000011921, 4473941.1974 ], [ 455576.507399999536574, 4473924.270399999804795 ], [ 455612.497499999590218, 4473893.791600000113249 ], [ 455641.682000000029802, 4473869.408599999733269 ] ] ] } },
{ "type": "Feature", "properties": { "tau": -0.54461544752120972, "two_sided_pval": 0.00010475188901182264, "name": "Arcos", "classification": "negative trend with prob > 99%" }, "geometry": { "type": "Polygon", "coordinates": [ [ [ 447803.42129999952158, 4476097.392700000666082 ], [ 447743.932300000451505, 4476086.372600000351667 ], [ 447677.61160000046948, 4476086.7648 ], [ 447603.493900000117719, 4476088.187199999578297 ], [ 447510.170400000177324, 4476089.547800000756979 ], [ 447449.270100000314415, 4476086.190199999138713 ], [ 447380.151399999856949, 4476066.898499999195337 ], [ 447330.312199999636505, 4476040.7006 ], [ 447273.612200000323355, 4476012.351399999111891 ], [ 447190.820299999788404, 4475585.472200000658631 ], [ 447146.400000000372529, 4475501.7028 ], [ 447144.309899999760091, 4475497.762800000607967 ], [ 447121.189899999648333, 4475473.193199998699129 ], [ 447080.519799999892712, 4475429.983799998648465 ], [ 446966.229500000365078, 4475317.025499999523163 ], [ 446921.81940000038594, 4475275.616199999116361 ], [ 446692.649000000208616, 4475061.989699999801815 ], [ 446609.620199999772012, 4475230.341299998573959 ], [ 446599.650299999862909, 4475250.551400000229478 ], [ 446553.990899999625981, 4475329.472200001589954 ], [ 446500.751699999906123, 4475428.123099999502301 ], [ 446452.852300000435207, 4475516.903899999335408 ], [ 446421.762699999846518, 4475574.5044 ], [ 446390.0932, 4475632.374899999238551 ], [ 446383.113300000317395, 4475645.124999999068677 ], [ 446361.673600000329316, 4475684.305299999192357 ], [ 446302.264399999752641, 4475792.83629999961704 ], [ 446249.435100000351667, 4475891.4972 ], [ 446238.175200000405312, 4475912.527299999259412 ], [ 446231.355299999937415, 4475924.947500000707805 ], [ 446187.495900000445545, 4476004.8882 ], [ 446152.786299999803305, 4476069.278800000436604 ], [ 446126.58669999986887, 4476117.839199999347329 ], [ 446083.127199999988079, 4476194.719799998216331 ], [ 446009.338200000172947, 4476330.731100000441074 ], [ 445887.299700000323355, 4476555.642999998293817 ], [ 446105.119099999719765, 4476630.710199999623001 ], [ 446226.728799999749754, 4476673.288599998690188 ], [ 446328.558500000275671, 4476708.857300001196563 ], [ 446391.375099999830127, 4476730.270199999213219 ], [ 446515.098000000289176, 4476772.444900001399219 ], [ 446731.037600000447128, 4476848.161800000816584 ], [ 446941.349499999545515, 4476921.961799998767674 ], [ 447123.11739999987185, 4476985.745500000193715 ], [ 447408.477300000376999, 4477084.481000000610948 ], [ 447617.637199999764562, 4477158.937699999660254 ], [ 447684.127299999818206, 4477188.316700001247227 ], [ 447793.445600000210106, 4476927.274299998767674 ], [ 447833.964999999850988, 4476830.4934 ], [ 447879.174399999901652, 4476718.412399999797344 ], [ 447902.753999999724329, 4476664.541999999433756 ], [ 447939.233500000147615, 4476576.521200000308454 ], [ 447987.402800000272691, 4476460.350299998186529 ], [ 448052.921699999831617, 4476295.898800000548363 ], [ 448059.851599999703467, 4476278.51869999896735 ], [ 448062.411500000394881, 4476262.878699999302626 ], [ 448076.671000000089407, 4476175.948300000280142 ], [ 447952.881199999712408, 4476140.360300001688302 ], [ 447852.46129999961704, 4476111.491900001652539 ], [ 447803.42129999952158, 4476097.392700000666082 ] ] ] } },
{ "type": "Feature", "properties": { "tau": -0.52615392208099365, "two_sided_pval": 0.00017891667084768414, "name": "Amposta", "classification": "negative trend with prob > 99%" }, "geometry": { "type": "Polygon", "coordinates": [ [ [ 448089.100599999539554, 4476105.277899998240173 ], [ 448113.269799999950919, 4475959.387199999764562 ], [ 448168.637900000438094, 4475625.045800000429153 ], [ 448169.567800000309944, 4475612.415699999779463 ], [ 448173.827499999664724, 4475554.425599999725819 ], [ 448154.187300000339746, 4475512.705799999646842 ], [ 448045.417000000365078, 4475384.467399999499321 ], [ 447983.037399999797344, 4475436.3586 ], [ 447966.807500000111759, 4475441.348899998702109 ], [ 447963.567499999888241, 4475442.348899999633431 ], [ 447826.857900000177324, 4475444.351199999451637 ], [ 447781.408900000154972, 4475615.042199999094009 ], [ 447591.389200000092387, 4475592.725400000810623 ], [ 447450.769500000460539, 4475577.407800001092255 ], [ 447407.269600000232458, 4475571.338499999605119 ], [ 447389.729600000195205, 4475568.5488 ], [ 447379.779699999839067, 4475564.168999998830259 ], [ 447377.299700000323355, 4475562.438999998383224 ], [ 447366.639700000174344, 4475558.1892 ], [ 447302.469600000418723, 4475518.90019999910146 ], [ 447184.099600000365172, 4475448.152100000530481 ], [ 447183.219600000418723, 4475447.021999999880791 ], [ 447164.42960000038147, 4475430.502399999648333 ], [ 447097.029299999645445, 4475335.543299999088049 ], [ 447038.149000000208616, 4475253.474199998192489 ], [ 447031.458999999798834, 4475246.3443 ], [ 447019.868999999947846, 4475236.534499999135733 ], [ 447003.378999999724329, 4475225.394799999892712 ], [ 446963.25899999961257, 4475202.655300001613796 ], [ 446921.81940000038594, 4475275.616199999116361 ], [ 446966.229500000365078, 4475317.025499999523163 ], [ 447080.519799999892712, 4475429.983799998648465 ], [ 447121.189899999648333, 4475473.193199998699129 ], [ 447144.309899999760091, 4475497.762800000607967 ], [ 447146.400000000372529, 4475501.7028 ], [ 447190.820299999788404, 4475585.472200000658631 ], [ 447273.612200000323355, 4476012.351399999111891 ], [ 447330.312199999636505, 4476040.7006 ], [ 447380.151399999856949, 4476066.898499999195337 ], [ 447449.270100000314415, 4476086.190199999138713 ], [ 447510.170400000177324, 4476089.547800000756979 ], [ 447603.493900000117719, 4476088.187199999578297 ], [ 447677.61160000046948, 4476086.7648 ], [ 447743.932300000451505, 4476086.372600000351667 ], [ 447803.42129999952158, 4476097.392700000666082 ], [ 447852.46129999961704, 4476111.491900001652539 ], [ 447952.881199999712408, 4476140.360300001688302 ], [ 448076.671000000089407, 4476175.948300000280142 ], [ 448089.100599999539554, 4476105.277899998240173 ] ] ] } },
{ "type": "Feature", "properties": { "tau": -0.52615392208099365, "two_sided_pval": 0.00017891667084768414, "name": "Hellín", "classification": "negative trend with prob > 99%" }, "geometry": { "type": "Polygon", "coordinates": [ [ [ 447558.897900000214577, 4475311.0855 ], [ 447337.727699999697506, 4475152.048899999819696 ], [ 447374.627199999988079, 4475084.808199998922646 ], [ 447236.977300000435207, 4475011.090399999171495 ], [ 447106.897300000244286, 4474941.422499999403954 ], [ 446957.837299999780953, 4474859.734900000505149 ], [ 446932.807300000509713, 4474846.195299999788404 ], [ 446844.277300000132527, 4474798.316800000146031 ], [ 446776.018099999986589, 4474924.448100001551211 ], [ 446692.649000000208616, 4475061.989699999801815 ], [ 446921.81940000038594, 4475275.616199999116361 ], [ 446963.25899999961257, 4475202.655300001613796 ], [ 447003.378999999724329, 4475225.394799999892712 ], [ 447019.868999999947846, 4475236.534499999135733 ], [ 447031.458999999798834, 4475246.3443 ], [ 447038.149000000208616, 4475253.474199998192489 ], [ 447097.029299999645445, 4475335.543299999088049 ], [ 447164.42960000038147, 4475430.502399999648333 ], [ 447183.219600000418723, 4475447.021999999880791 ], [ 447184.099600000365172, 4475448.152100000530481 ], [ 447302.469600000418723, 4475518.90019999910146 ], [ 447366.639700000174344, 4475558.1892 ], [ 447377.299700000323355, 4475562.438999998383224 ], [ 447379.779699999839067, 4475564.168999998830259 ], [ 447389.729600000195205, 4475568.5488 ], [ 447407.269600000232458, 4475571.338499999605119 ], [ 447450.769500000460539, 4475577.407800001092255 ], [ 447591.389200000092387, 4475592.725400000810623 ], [ 447781.408900000154972, 4475615.042199999094009 ], [ 447826.857900000177324, 4475444.351199999451637 ], [ 447578.167899999767542, 4475324.945199999026954 ], [ 447558.897900000214577, 4475311.0855 ] ] ] } },
{ "type": "Feature", "properties": { "tau": -0.52000004053115845, "two_sided_pval": 0.00021308124996721745, "name": "Simancas", "classification": "negative trend with prob > 99%" }, "geometry": { "type": "Polygon", "coordinates": [ [ [ 448154.256699999794364, 4475397.245600000955164 ], [ 448125.455900000466499, 4475220.505799999460578 ], [ 448121.985700000077486, 4475184.845799998380244 ], [ 448116.94539999961853, 4475133.135700000450015 ], [ 448135.564000000245869, 4474866.355000001378357 ], [ 448135.963899999856949, 4474861.944999999366701 ], [ 448150.782999999821186, 4474691.114299998618662 ], [ 448181.270999999716878, 4474325.783299999311566 ], [ 447916.691200000292156, 4474215.347499999217689 ], [ 447615.551300000341143, 4474062.60249999910593 ], [ 447591.501299999654293, 4474050.582900000736117 ], [ 447572.431400000175927, 4474041.253200000151992 ], [ 447565.381400000303984, 4474036.903300000354648 ], [ 447555.021399999968708, 4474030.053399999625981 ], [ 447549.211400000378489, 4474025.293499999679625 ], [ 447534.501299999654293, 4474014.703799999319017 ], [ 447519.161299999803305, 4474003.524000000208616 ], [ 447504.441300000064075, 4473989.844200000166893 ], [ 447482.881299999542534, 4473967.874600000679493 ], [ 447440.991200000047684, 4473920.375199999660254 ], [ 447424.601099999679718, 4473897.235400000587106 ], [ 447418.631099999882281, 4473888.045499999076128 ], [ 447413.650999999605119, 4473880.295600001700222 ], [ 447406.671000000089407, 4473868.565700000151992 ], [ 447399.560999999754131, 4473856.575799998827279 ], [ 447393.300900000147521, 4473844.665899998508394 ], [ 447389.720900000073016, 4473838.105900001712143 ], [ 447386.750900000333786, 4473832.746000000275671 ], [ 447380.490799999795854, 4473820.226099999621511 ], [ 447366.420699999667704, 4473791.796299999579787 ], [ 447283.021999999880791, 4473980.877999999560416 ], [ 447261.262199999764562, 4474022.608399999327958 ], [ 447238.912499999627471, 4474063.738900000229478 ], [ 447221.032800000160933, 4474099.509199999272823 ], [ 447202.662999999709427, 4474132.9896 ], [ 447160.403500000014901, 4474213.490499998442829 ], [ 447074.594499999657273, 4474365.122099999338388 ], [ 447052.5148, 4474414.5526 ], [ 447047.544900000095367, 4474424.8427 ], [ 447036.875, 4474445.812899999320507 ], [ 447023.535199999751057, 4474468.693199998699129 ], [ 447014.34530000021914, 4474486.903299999423325 ], [ 446944.506099999882281, 4474613.154699998907745 ], [ 446880.666899999603629, 4474731.096000000834465 ], [ 446844.277300000132527, 4474798.316800000146031 ], [ 446932.807300000509713, 4474846.195299999788404 ], [ 446957.837299999780953, 4474859.734900000505149 ], [ 447106.897300000244286, 4474941.422499999403954 ], [ 447236.977300000435207, 4475011.090399999171495 ], [ 447374.627199999988079, 4475084.808199998922646 ], [ 447337.727699999697506, 4475152.048899999819696 ], [ 447558.897900000214577, 4475311.0855 ], [ 447578.167899999767542, 4475324.945199999026954 ], [ 447826.857900000177324, 4475444.351199999451637 ], [ 447963.567499999888241, 4475442.348899999633431 ], [ 447966.807500000111759, 4475441.348899998702109 ], [ 447983.037399999797344, 4475436.3586 ], [ 448045.417000000365078, 4475384.467399999499321 ], [ 448154.187300000339746, 4475512.705799999646842 ], [ 448173.827499999664724, 4475554.425599999725819 ], [ 448170.517300000414252, 4475505.815500000491738 ], [ 448164.747100000269711, 4475464.385600000619888 ], [ 448154.256699999794364, 4475397.245600000955164 ] ] ] } },
{ "type": "Feature", "properties": { "tau": -0.53846156597137451, "two_sided_pval": 0.00012544690980575979, "name": "Canillejas", "classification": "negative trend with prob > 99%" }, "geometry": { "type": "Polygon", "coordinates": [ [ [ 452061.755599999800324, 4476498.760199998505414 ], [ 452039.05559999961406, 4476491.46059999987483 ], [ 452013.655600000172853, 4476483.161099999211729 ], [ 451979.555399999953806, 4476468.561699999496341 ], [ 451968.655399999581277, 4476463.961899999529123 ], [ 451929.455199999734759, 4476440.662599998526275 ], [ 451896.455000000074506, 4476418.463100000284612 ], [ 451857.754700000397861, 4476385.063799999654293 ], [ 451778.998399999924004, 4476329.377499999478459 ], [ 451334.435100000351667, 4476494.444399999454618 ], [ 451151.956000000238419, 4476392.475199999287724 ], [ 451172.9545, 4476330.976399998180568 ], [ 451186.05420000012964, 4476293.37599999923259 ], [ 451194.154000000096858, 4476262.775900000706315 ], [ 451201.05379999987781, 4476234.175699999555945 ], [ 451209.15359999978682, 4476200.775499999523163 ], [ 451215.353400000371039, 4476159.475299998186529 ], [ 451220.9989, 4476098.84840000141412 ], [ 450880.102400000207126, 4476048.076899998821318 ], [ 450878.695199999958277, 4475996.140799999237061 ], [ 450985.751600000075996, 4475790.978399998508394 ], [ 451035.550900000147521, 4475702.077299999073148 ], [ 451048.550599999725819, 4475671.076999999582767 ], [ 451059.66330000013113, 4475626.316999998874962 ], [ 451114.580099999904633, 4475608.755999998189509 ], [ 451099.479600000195205, 4475513.496200000867248 ], [ 451096.949500000104308, 4475501.075899998657405 ], [ 451075.749099999666214, 4475427.475999999791384 ], [ 451061.64879999961704, 4475376.076199999079108 ], [ 451038.548299999907613, 4475292.376299999654293 ], [ 451030.348100000061095, 4475262.676499999128282 ], [ 451013.787700000219047, 4475202.337100000120699 ], [ 450999.350700000301003, 4475205.692900000140071 ], [ 450993.689000000245869, 4475188.4583 ], [ 450985.024299999640789, 4475166.631899999454618 ], [ 450973.56319999974221, 4475142.07289999909699 ], [ 450959.869599999859929, 4475118.407100000418723 ], [ 450940.222199999727309, 4475088.9364 ], [ 450911.048799999989569, 4475046.814200000837445 ], [ 450848.385499999858439, 4474954.085899998433888 ], [ 450819.658599999733269, 4474903.777399999089539 ], [ 450772.659599999897182, 4474817.20890000090003 ], [ 450735.177500000223517, 4474747.735200000926852 ], [ 450698.209999999962747, 4474678.518700000829995 ], [ 450660.727900000289083, 4474608.101500000804663 ], [ 450651.464599999599159, 4474588.631700000725687 ], [ 450633.195199999958277, 4474548.148199998773634 ], [ 450610.637299999594688, 4474496.685999999754131 ], [ 450578.558699999935925, 4474421.722900000400841 ], [ 450570.238900000229478, 4474401.738400000147521 ], [ 450563.377100000157952, 4474381.668099998496473 ], [ 450558.059200000017881, 4474363.141699998639524 ], [ 450553.684799999929965, 4474345.816099998541176 ], [ 450550.425499999895692, 4474329.519699999131262 ], [ 450548.366899999789894, 4474316.82560000102967 ], [ 450546.394100000150502, 4474299.242700000293553 ], [ 450544.935899999924004, 4474283.97550000064075 ], [ 450544.078099999576807, 4474267.593299998901784 ], [ 450542.105000000447035, 4474212.614199999719858 ], [ 450540.30350000038743, 4474157.5493 ], [ 450539.445700000040233, 4474141.767499999143183 ], [ 450538.073300000280142, 4474124.527600000612438 ], [ 450536.186200000345707, 4474109.088900001719594 ], [ 450534.127700000070035, 4474096.995199999772012 ], [ 450530.868300000205636, 4474083.529200000688434 ], [ 450527.2659, 4474070.406400001607835 ], [ 450521.519200000038836, 4474052.651900000870228 ], [ 450510.28309999970952, 4474025.119700000621378 ], [ 450498.602900000289083, 4473998.3827 ], [ 450485.542999999597669, 4473970.0334 ], [ 450471.208899999968708, 4473939.454500000923872 ], [ 450452.096699999645352, 4473901.230900001712143 ], [ 450436.488499999977648, 4473874.155799998901784 ], [ 450413.872600000351667, 4473838.480499998666346 ], [ 450364.181300000287592, 4473766.17439999897033 ], [ 450261.613300000317395, 4473615.191499999724329 ], [ 450187.955400000326335, 4473507.180699999444187 ], [ 450109.542999999597669, 4473390.463599999435246 ], [ 450094.129499999864493, 4473362.820200000889599 ], [ 450083.234699999913573, 4473339.668999998830259 ], [ 450073.361200000159442, 4473311.070499999448657 ], [ 450056.136800000385847, 4473257.108099999837577 ], [ 449981.096900000236928, 4473292.00630000140518 ], [ 449829.252799999900162, 4473357.377299999818206 ], [ 449742.095599999651313, 4473391.765299999155104 ], [ 449644.384200000204146, 4473428.877199999056756 ], [ 449525.904799999669194, 4473470.415400000289083 ], [ 449443.514000000432134, 4473497.3131 ], [ 449246.729299999773502, 4473554.513899999670684 ], [ 449125.866700000187848, 4473585.157400001771748 ], [ 448929.081899999640882, 4473630.441899999044836 ], [ 448802.771900000050664, 4473654.616800000891089 ], [ 448597.475599999539554, 4473692.070899999700487 ], [ 448525.979399999603629, 4473706.030999998562038 ], [ 448473.208300000056624, 4473717.607600001618266 ], [ 448420.096900000236928, 4473731.22690000012517 ], [ 448373.113699999637902, 4473744.846100002527237 ], [ 448221.019999999552965, 4473794.5033 ], [ 448181.270999999716878, 4474325.783299999311566 ], [ 448150.782999999821186, 4474691.114299998618662 ], [ 448135.963899999856949, 4474861.944999999366701 ], [ 448135.564000000245869, 4474866.355000001378357 ], [ 448116.94539999961853, 4475133.135700000450015 ], [ 448121.985700000077486, 4475184.845799998380244 ], [ 448125.455900000466499, 4475220.505799999460578 ], [ 448154.256699999794364, 4475397.245600000955164 ], [ 448164.747100000269711, 4475464.385600000619888 ], [ 448170.517300000414252, 4475505.815500000491738 ], [ 448173.827499999664724, 4475554.425599999725819 ], [ 448169.567800000309944, 4475612.415699999779463 ], [ 448168.637900000438094, 4475625.045800000429153 ], [ 448113.269799999950919, 4475959.387199999764562 ], [ 448089.100599999539554, 4476105.277899998240173 ], [ 448076.671000000089407, 4476175.948300000280142 ], [ 448259.440899999812245, 4476234.765299999155104 ], [ 448294.090900000184774, 4476245.024800001643598 ], [ 448313.980899999849498, 4476254.004500000737607 ], [ 448376.21100000012666, 4476297.633399999700487 ], [ 448617.661200000031386, 4476440.2297 ], [ 448654.690700000151992, 4476365.1689 ], [ 448674.340699999651406, 4476382.858699998818338 ], [ 448715.621000000275671, 4476443.788100000470877 ], [ 448880.731999999843538, 4476703.245799999684095 ], [ 448900.382199999934528, 4476748.455500000156462 ], [ 448910.212600000202656, 4476821.175499998964369 ], [ 448902.353000000119209, 4476886.045800000429153 ], [ 448870.903500000014901, 4476972.526399998925626 ], [ 448623.247800000011921, 4477562.212500000372529 ], [ 448686.148299999535084, 4477654.591799999587238 ], [ 448684.178399999625981, 4477666.381899998523295 ], [ 448625.879599999636412, 4477843.223499999381602 ], [ 448658.899600000120699, 4477845.343000000342727 ], [ 448719.519500000402331, 4477851.711999998427927 ], [ 448834.099399999773595, 4477867.080199998803437 ], [ 448841.689000000245869, 4477814.67989999987185 ], [ 448848.458800000138581, 4477775.459599998779595 ], [ 448855.608500000089407, 4477741.919299998320639 ], [ 448869.611100000329316, 4477698.61189999897033 ], [ 448871.028199999593198, 4477694.228900000452995 ], [ 448882.797899999655783, 4477664.338599999435246 ], [ 448901.0777000002563, 4477628.738199998624623 ], [ 448919.037399999797344, 4477599.487700000405312 ], [ 448946.537100000306964, 4477563.557199998758733 ], [ 448957.646999999880791, 4477550.456899999640882 ], [ 448977.856800000183284, 4477528.746500000357628 ], [ 449028.556400000117719, 4477481.845499998889863 ], [ 449046.526300000026822, 4477466.1151 ], [ 449088.80599999986589, 4477430.3443 ], [ 449163.825400000438094, 4477367.072799999266863 ], [ 449243.154799999669194, 4477299.671199998818338 ], [ 449310.554200000071432, 4477242.289899998344481 ], [ 449385.263600000180304, 4477178.838300000876188 ], [ 449419.443400000222027, 4477150.567700000479817 ], [ 449437.0932, 4477136.257400000467896 ], [ 449454.893099999986589, 4477123.537000000476837 ], [ 449477.942999999970198, 4477108.436599999666214 ], [ 449505.762799999676645, 4477093.496099999174476 ], [ 449539.302699999941979, 4477079.985500000417233 ], [ 449570.932599999941885, 4477070.765000002458692 ], [ 449615.122399999760091, 4477061.394200000911951 ], [ 449663.762299999594688, 4477054.703400001861155 ], [ 449698.262199999764562, 4477050.092800001613796 ], [ 449784.581899999640882, 4477039.131400000303984 ], [ 449806.17200000025332, 4477036.7198 ], [ 449850.27170000039041, 4477033.040299999527633 ], [ 450353.660299999639392, 4476969.11179999820888 ], [ 450380.178299999795854, 4476965.841299998573959 ], [ 450524.769799999892712, 4476948.0088 ], [ 450606.139499999582767, 4476937.967499999329448 ], [ 450679.579300000332296, 4476928.986300001852214 ], [ 450695.399299999698997, 4476927.136 ], [ 450734.289200000464916, 4476922.425299999304116 ], [ 450771.668999999761581, 4476915.8547 ], [ 450804.158900000154972, 4476907.26410000026226 ], [ 450825.708800000138581, 4476900.363799999468029 ], [ 450857.028699999675155, 4476887.573199999518692 ], [ 450888.508500000461936, 4476870.732599999755621 ], [ 450948.018099999986589, 4476833.521600000560284 ], [ 451036.777499999850988, 4476765.310000001452863 ], [ 451066.127299999818206, 4476740.759399999864399 ], [ 451110.406999999657273, 4476705.228599998168647 ], [ 451139.356800000183284, 4476683.008099999278784 ], [ 451165.786600000225008, 4476664.147599998861551 ], [ 451201.126400000415742, 4476642.707000001333654 ], [ 451230.616200000047684, 4476628.456399999558926 ], [ 451268.496100000105798, 4476614.1458 ], [ 451322.035799999721348, 4476601.1848 ], [ 451353.345700000412762, 4476596.8043 ], [ 451405.705699999816716, 4476591.583299999125302 ], [ 451638.545800000429153, 4476574.748800000175834 ], [ 451738.715900000184774, 4476566.996899998746812 ], [ 452150.831899999640882, 4476532.751499999314547 ], [ 452155.555900000035763, 4476532.35850000102073 ], [ 452100.555800000205636, 4476515.15949999820441 ], [ 452061.755599999800324, 4476498.760199998505414 ] ] ] } },
{ "type": "Feature", "properties": { "tau": -0.50153851509094238, "two_sided_pval": 0.0003559861215762794, "name": "Rosas", "classification": "negative trend with prob > 99%" }, "geometry": { "type": "Polygon", "coordinates": [ [ [ 449690.837799999921117, 4477879.246100000105798 ], [ 449694.207799999974668, 4477879.085999999195337 ], [ 449694.467799999751151, 4477879.136 ], [ 450186.11780000012368, 4477864.2467 ], [ 450527.714499999769032, 4477856.976399998180568 ], [ 450624.093500000424683, 4477856.602200000546873 ], [ 450700.8125, 4477857.640100000426173 ], [ 450827.247399999701884, 4477858.526900000870228 ], [ 451059.896300000138581, 4477850.523600000888109 ], [ 451230.327800000086427, 4477844.299000000581145 ], [ 451349.002999999560416, 4477840.25829999987036 ], [ 451617.410299999639392, 4477833.848300000652671 ], [ 452030.713499999605119, 4477821.174799999222159 ], [ 452089.479199999943376, 4477818.978299998678267 ], [ 452363.800400000065565, 4477808.724899998866022 ], [ 452656.890100000426173, 4477798.275699999183416 ], [ 452765.32660000026226, 4477790.27419999986887 ], [ 452884.915699999779463, 4477779.139499999582767 ], [ 453067.685700000263751, 4477753.565899999812245 ], [ 453281.605700000189245, 4477719.631700000725687 ], [ 453587.935700000263751, 4477673.865800000727177 ], [ 453977.445700000040233, 4477612.598199999891222 ], [ 454234.845700000412762, 4477573.3931 ], [ 454409.745600000023842, 4477544.469699998386204 ], [ 454458.645600000396371, 4477531.56870000064373 ], [ 454508.405500000342727, 4477515.567700000479817 ], [ 454603.915300000458956, 4477480.425699999555945 ], [ 454629.425300000235438, 4477472.30519999936223 ], [ 454656.115299999713898, 4477465.294700000435114 ], [ 454680.435300000011921, 4477461.294200000353158 ], [ 454699.635300000198185, 4477459.773800000548363 ], [ 454719.945299999788404, 4477459.543400000780821 ], [ 454745.185300000011921, 4477461.083000000566244 ], [ 454793.275500000454485, 4477468.722100000828505 ], [ 454912.066200000233948, 4477506.740499999374151 ], [ 454912.845900000073016, 4477506.989999999292195 ], [ 454941.842199999839067, 4477516.507999999448657 ], [ 454958.155899999663234, 4477493.109099999070168 ], [ 454946.565799999982119, 4477486.908900000154972 ], [ 454813.86529999965569, 4477444.111200000159442 ], [ 454787.465099999681115, 4477435.311599999666214 ], [ 454770.565100000239909, 4477432.012000000104308 ], [ 454748.065100000239909, 4477428.212300000712276 ], [ 454729.964999999850988, 4477425.512699999846518 ], [ 454711.264999999664724, 4477424.912999999709427 ], [ 454677.764999999664724, 4477429.313699999824166 ], [ 454644.865000000281725, 4477435.314300000667572 ], [ 454618.565000000409782, 4477438.614799999631941 ], [ 454589.235000000335276, 4477451.545799999497831 ], [ 454631.013700000010431, 4477282.394200000911951 ], [ 454580.473399999551475, 4477255.065099999308586 ], [ 454341.153500000014901, 4477290.139799998141825 ], [ 454377.56290000025183, 4477212.318199998699129 ], [ 454135.733199999609496, 4477249.558900000527501 ], [ 454090.416000000201166, 4477138.014600000344217 ], [ 453762.800800000317395, 4477027.879599998705089 ], [ 453379.201999999582767, 4476967.90159999858588 ], [ 453351.360000000393484, 4476964.436799998395145 ], [ 453320.359899999573827, 4476960.037399998866022 ], [ 453269.659699999727309, 4476947.23829999845475 ], [ 453205.659500000067055, 4476928.5395 ], [ 453160.859400000423193, 4476912.340299999341369 ], [ 453088.059100000187755, 4476881.3416 ], [ 453006.558699999935925, 4476832.343000001274049 ], [ 452937.558299999684095, 4476791.34419999923557 ], [ 452906.158200000412762, 4476773.844799998216331 ], [ 452816.057699999772012, 4476718.746400000527501 ], [ 452719.757299999706447, 4476662.747999999672174 ], [ 452644.556900000199676, 4476616.449400001205504 ], [ 452612.1568, 4476598.949899999424815 ], [ 452581.556599999777973, 4476572.35050000064075 ], [ 452547.456500000320375, 4476562.151100000366569 ], [ 452505.956299999670591, 4476542.35179999936372 ], [ 452481.656200000084937, 4476533.952299999073148 ], [ 452452.956199999898672, 4476527.252800000831485 ], [ 452414.355999999679625, 4476519.25349999871105 ], [ 452363.756000000052154, 4476517.854399998672307 ], [ 452311.355999999679625, 4476518.155500000342727 ], [ 452262.255900000222027, 4476518.456500000320375 ], [ 452214.956000000238419, 4476525.55729999858886 ], [ 452167.355899999849498, 4476529.858299999497831 ], [ 452155.555900000035763, 4476532.35850000102073 ], [ 452150.831899999640882, 4476532.751499999314547 ], [ 451922.589499999769032, 4476551.717599998228252 ], [ 451738.715900000184774, 4476566.996899998746812 ], [ 451638.545800000429153, 4476574.748800000175834 ], [ 451405.705699999816716, 4476591.583299999125302 ], [ 451353.345700000412762, 4476596.8043 ], [ 451322.035799999721348, 4476601.1848 ], [ 451268.496100000105798, 4476614.1458 ], [ 451230.616200000047684, 4476628.456399999558926 ], [ 451201.126400000415742, 4476642.707000001333654 ], [ 451165.786600000225008, 4476664.147599998861551 ], [ 451139.356800000183284, 4476683.008099999278784 ], [ 451110.406999999657273, 4476705.228599998168647 ], [ 451066.127299999818206, 4476740.759399999864399 ], [ 451036.777499999850988, 4476765.310000001452863 ], [ 450948.018099999986589, 4476833.521600000560284 ], [ 450888.508500000461936, 4476870.732599999755621 ], [ 450857.028699999675155, 4476887.573199999518692 ], [ 450825.708800000138581, 4476900.363799999468029 ], [ 450804.158900000154972, 4476907.26410000026226 ], [ 450771.668999999761581, 4476915.8547 ], [ 450734.289200000464916, 4476922.425299999304116 ], [ 450695.399299999698997, 4476927.136 ], [ 450679.579300000332296, 4476928.986300001852214 ], [ 450606.139499999582767, 4476937.967499999329448 ], [ 450524.769799999892712, 4476948.0088 ], [ 450380.178299999795854, 4476965.841299998573959 ], [ 450353.660299999639392, 4476969.11179999820888 ], [ 449850.27170000039041, 4477033.040299999527633 ], [ 449806.17200000025332, 4477036.7198 ], [ 449784.581899999640882, 4477039.131400000303984 ], [ 449698.262199999764562, 4477050.092800001613796 ], [ 449663.762299999594688, 4477054.703400001861155 ], [ 449615.122399999760091, 4477061.394200000911951 ], [ 449570.932599999941885, 4477070.765000002458692 ], [ 449539.302699999941979, 4477079.985500000417233 ], [ 449505.762799999676645, 4477093.496099999174476 ], [ 449477.942999999970198, 4477108.436599999666214 ], [ 449454.893099999986589, 4477123.537000000476837 ], [ 449437.0932, 4477136.257400000467896 ], [ 449419.443400000222027, 4477150.567700000479817 ], [ 449385.263600000180304, 4477178.838300000876188 ], [ 449310.554200000071432, 4477242.289899998344481 ], [ 449243.154799999669194, 4477299.671199998818338 ], [ 449163.825400000438094, 4477367.072799999266863 ], [ 449088.80599999986589, 4477430.3443 ], [ 449046.526300000026822, 4477466.1151 ], [ 449028.556400000117719, 4477481.845499998889863 ], [ 448977.856800000183284, 4477528.746500000357628 ], [ 448957.646999999880791, 4477550.456899999640882 ], [ 448946.537100000306964, 4477563.557199998758733 ], [ 448919.037399999797344, 4477599.487700000405312 ], [ 448901.0777000002563, 4477628.738199998624623 ], [ 448882.797899999655783, 4477664.338599999435246 ], [ 448871.028199999593198, 4477694.228900000452995 ], [ 448869.611100000329316, 4477698.61189999897033 ], [ 448855.608500000089407, 4477741.919299998320639 ], [ 448848.458800000138581, 4477775.459599998779595 ], [ 448841.689000000245869, 4477814.67989999987185 ], [ 448834.099399999773595, 4477867.080199998803437 ], [ 449035.129200000315905, 4477891.966999999247491 ], [ 449156.139000000432134, 4477896.064999999478459 ], [ 449368.408499999903142, 4477894.011399999260902 ], [ 449495.78830000013113, 4477888.179300001822412 ], [ 449690.837799999921117, 4477879.246100000105798 ] ] ] } },
{ "type": "Feature", "properties": { "tau": -0.54461544752120972, "two_sided_pval": 0.00010475188901182264, "name": "El Salvador", "classification": "negative trend with prob > 99%" }, "geometry": { "type": "Polygon", "coordinates": [ [ [ 447430.872100000269711, 4477854.153300000354648 ], [ 447707.741499999538064, 4477853.758700001053512 ], [ 447867.541199999861419, 4477853.956000001169741 ], [ 448351.770200000144541, 4477848.107999998144805 ], [ 448463.760700000450015, 4477845.50129999872297 ], [ 448581.779699999839067, 4477842.754299999214709 ], [ 448625.879599999636412, 4477843.223499999381602 ], [ 448684.178399999625981, 4477666.381899998523295 ], [ 448686.148299999535084, 4477654.591799999587238 ], [ 448623.247800000011921, 4477562.212500000372529 ], [ 448870.903500000014901, 4476972.526399998925626 ], [ 448902.353000000119209, 4476886.045800000429153 ], [ 448910.212600000202656, 4476821.175499998964369 ], [ 448900.382199999934528, 4476748.455500000156462 ], [ 448880.731999999843538, 4476703.245799999684095 ], [ 448715.621000000275671, 4476443.788100000470877 ], [ 448674.340699999651406, 4476382.858699998818338 ], [ 448654.690700000151992, 4476365.1689 ], [ 448617.661200000031386, 4476440.2297 ], [ 448376.21100000012666, 4476297.633399999700487 ], [ 448313.980899999849498, 4476254.004500000737607 ], [ 448294.090900000184774, 4476245.024800001643598 ], [ 448259.440899999812245, 4476234.765299999155104 ], [ 448076.671000000089407, 4476175.948300000280142 ], [ 448062.411500000394881, 4476262.878699999302626 ], [ 448059.851599999703467, 4476278.51869999896735 ], [ 448052.921699999831617, 4476295.898800000548363 ], [ 447987.402800000272691, 4476460.350299998186529 ], [ 447939.233500000147615, 4476576.521200000308454 ], [ 447902.753999999724329, 4476664.541999999433756 ], [ 447879.174399999901652, 4476718.412399999797344 ], [ 447833.964999999850988, 4476830.4934 ], [ 447793.445600000210106, 4476927.274299998767674 ], [ 447684.127299999818206, 4477188.316700001247227 ], [ 447693.3273, 4477194.916500000283122 ], [ 447750.297399999632034, 4477235.835699999704957 ], [ 447706.327899999916553, 4477284.776699998416007 ], [ 447677.037999999709427, 4477299.97719999961555 ], [ 447645.278199999593198, 4477321.967800000682473 ], [ 447590.468399999663234, 4477334.988800000399351 ], [ 447549.779400000348687, 4477472.959899998269975 ], [ 447491.429999999760184, 4477548.82120000012219 ], [ 447482.440200000070035, 4477575.851399999111891 ], [ 447461.300599999784026, 4477639.441999999806285 ], [ 447462.930700000375509, 4477649.492000000551343 ], [ 447430.872100000269711, 4477854.153300000354648 ] ] ] } },
{ "type": "Feature", "properties": { "tau": -0.53230774402618408, "two_sided_pval": 0.00014995328092481941, "name": "Rejas", "classification": "negative trend with prob > 99%" }, "geometry": { "type": "Polygon", "coordinates": [ [ [ 445957.092199999839067, 4477741.732200000435114 ], [ 446012.465599999763072, 4477741.731499998830259 ], [ 446060.330699999816716, 4477745.954300000332296 ], [ 446090.606100000441074, 4477750.605599999427795 ], [ 446144.3295, 4477760.0313 ], [ 446204.864900000393391, 4477772.7007 ], [ 446280.886099999770522, 4477788.185599998570979 ], [ 446411.004300000146031, 4477813.9792 ], [ 446519.654000000096858, 4477828.317800001241267 ], [ 446624.753600000403821, 4477832.256399999372661 ], [ 446712.143299999588635, 4477835.535099999047816 ], [ 446775.443199999630451, 4477837.254100000485778 ], [ 446892.303000000305474, 4477840.432100000791252 ], [ 447229.592400000430644, 4477854.456599999219179 ], [ 447430.872100000269711, 4477854.153300000354648 ], [ 447462.930700000375509, 4477649.492000000551343 ], [ 447461.300599999784026, 4477639.441999999806285 ], [ 447482.440200000070035, 4477575.851399999111891 ], [ 447491.429999999760184, 4477548.82120000012219 ], [ 447549.779400000348687, 4477472.959899998269975 ], [ 447590.468399999663234, 4477334.988800000399351 ], [ 447645.278199999593198, 4477321.967800000682473 ], [ 447677.037999999709427, 4477299.97719999961555 ], [ 447706.327899999916553, 4477284.776699998416007 ], [ 447750.297399999632034, 4477235.835699999704957 ], [ 447693.3273, 4477194.916500000283122 ], [ 447684.127299999818206, 4477188.316700001247227 ], [ 447617.637199999764562, 4477158.937699999660254 ], [ 447408.477300000376999, 4477084.481000000610948 ], [ 447123.11739999987185, 4476985.745500000193715 ], [ 446941.349499999545515, 4476921.961799998767674 ], [ 446731.037600000447128, 4476848.161800000816584 ], [ 446515.098000000289176, 4476772.444900001399219 ], [ 446391.375099999830127, 4476730.270199999213219 ], [ 446328.558500000275671, 4476708.857300001196563 ], [ 446226.728799999749754, 4476673.288599998690188 ], [ 446105.119099999719765, 4476630.710199999623001 ], [ 446011.170300000347197, 4476803.301699999719858 ], [ 445950.451100000180304, 4476914.892699999734759 ], [ 445933.101300000213087, 4476947.302899997681379 ], [ 445863.142199999594595, 4477078.114100000821054 ], [ 445810.472799999639392, 4477172.434999999590218 ], [ 445795.623100000433624, 4477199.165300000458956 ], [ 445771.863300000259187, 4477228.87569999974221 ], [ 445749.083599999547005, 4477258.576100000180304 ], [ 445724.333899999968708, 4477286.296499999240041 ], [ 445706.51410000026226, 4477305.106800000183284 ], [ 445685.724299999885261, 4477322.937199999578297 ], [ 445461.966099999845028, 4477467.490599998272955 ], [ 445311.467199999839067, 4477561.553000000305474 ], [ 445179.088299999944866, 4477648.94510000012815 ], [ 445097.64919999986887, 4477747.326500000432134 ], [ 445041.209999999962747, 4477845.697599998675287 ], [ 445065.740000000223517, 4477854.427299999631941 ], [ 445065.959999999962747, 4477854.50730000063777 ], [ 445112.529900000430644, 4477871.096699999645352 ], [ 445162.156200000084937, 4477883.462299999780953 ], [ 445216.121799999848008, 4477885.807899999432266 ], [ 445299.181900000199676, 4477872.667199999094009 ], [ 445404.2972999997437, 4477850.140900000929832 ], [ 445495.804100000299513, 4477829.4918 ], [ 445743.256400000303984, 4477776.04039999935776 ], [ 445898.903199999593198, 4477745.956399999558926 ], [ 445957.092199999839067, 4477741.732200000435114 ] ] ] } },
{ "type": "Feature", "properties": { "tau": -0.50769233703613281, "two_sided_pval": 0.00030056302784942091, "name": "Alameda de Osuna", "classification": "negative trend with prob > 99%" }, "geometry": { "type": "Polygon", "coordinates": [ [ [ 450614.386800000444055, 4479399.406999998725951 ], [ 450752.655399999581277, 4479229.844000000506639 ], [ 450779.165500000119209, 4479252.693700001575053 ], [ 450866.164800000376999, 4479176.73200000077486 ], [ 450927.834300000220537, 4479117.660700000822544 ], [ 451002.493700000457466, 4479048.189200001768768 ], [ 450808.78249999973923, 4478839.051500000990927 ], [ 450449.460400000214577, 4478458.865900001488626 ], [ 450142.508600000292063, 4478122.349500000476837 ], [ 450079.618300000205636, 4478054.730399998836219 ], [ 450051.518099999986589, 4478028.630699998699129 ], [ 450016.388000000268221, 4477998.511199999600649 ], [ 449970.207899999863002, 4477964.401799998246133 ], [ 449928.067800000309944, 4477942.3224 ], [ 449871.857699999643955, 4477919.233300000429153 ], [ 449813.647699999623001, 4477904.1842 ], [ 449769.477800000458956, 4477894.144799998961389 ], [ 449694.467799999751151, 4477879.136 ], [ 449694.207799999974668, 4477879.085999999195337 ], [ 449690.837799999921117, 4477879.246100000105798 ], [ 449495.78830000013113, 4477888.179300001822412 ], [ 449368.408499999903142, 4477894.011399999260902 ], [ 449156.139000000432134, 4477896.064999999478459 ], [ 449035.129200000315905, 4477891.966999999247491 ], [ 448834.099399999773595, 4477867.080199998803437 ], [ 448719.519500000402331, 4477851.711999998427927 ], [ 448658.899600000120699, 4477845.343000000342727 ], [ 448625.879599999636412, 4477843.223499999381602 ], [ 448581.779699999839067, 4477842.754299999214709 ], [ 448463.760700000450015, 4477845.50129999872297 ], [ 448526.126299999654293, 4477894.32810000050813 ], [ 448530.131400000303984, 4477897.472300000488758 ], [ 448540.155299999751151, 4477905.321399999782443 ], [ 448593.775299999862909, 4477950.494100000709295 ], [ 448673.175200000405312, 4478017.960800000466406 ], [ 448742.554200000187848, 4478076.136900000274181 ], [ 448738.995500000193715, 4478083.5011 ], [ 448733.769999999552965, 4478094.026699999347329 ], [ 448726.758500000461936, 4478106.859000000171363 ], [ 448718.424100000411272, 4478120.881899998523295 ], [ 448709.296000000089407, 4478134.772600000724196 ], [ 448702.019899999722838, 4478144.959100000560284 ], [ 448693.024100000038743, 4478156.865299998782575 ], [ 448684.425099999643862, 4478167.977900001220405 ], [ 448677.942800000309944, 4478175.253900000825524 ], [ 448666.025000000372529, 4478188.017000001855195 ], [ 448664.865100000111852, 4478188.824800001457334 ], [ 448729.182199999690056, 4478254.843399998731911 ], [ 448824.832800000032876, 4478373.742300000973046 ], [ 449057.924200000241399, 4478640.449500000104308 ], [ 449143.824599999934435, 4478723.498400001786649 ], [ 449342.40500000026077, 4478840.53559999819845 ], [ 449614.855600000417326, 4478995.941700000315905 ], [ 449701.365799999795854, 4479035.4304 ], [ 449758.855899999849498, 4479069.009600000455976 ], [ 449960.76630000025034, 4479184.426799999549985 ], [ 450008.086500000208616, 4479211.286199999041855 ], [ 450113.756799999624491, 4479279.104699999094009 ], [ 450443.408300000242889, 4479570.890499998815358 ], [ 450537.747700000181794, 4479507.318699999712408 ], [ 450614.386800000444055, 4479399.406999998725951 ] ] ] } },
{ "type": "Feature", "properties": { "tau": -0.47076928615570068, "two_sided_pval": 0.00080719467950984836, "name": "Corralejos", "classification": "negative trend with prob > 99%" }, "geometry": { "type": "Polygon", "coordinates": [ [ [ 452408.138399999588728, 4484644.699999999254942 ], [ 452415.138000000268221, 4484592.45960000064224 ], [ 452693.81940000038594, 4484653.91509999986738 ], [ 453043.290699999721255, 4484660.599099998362362 ], [ 452967.667799999937415, 4484353.658700000494719 ], [ 452980.934799999929965, 4484008.566600000485778 ], [ 452956.772499999962747, 4483752.915599999018013 ], [ 453109.412299999967217, 4483674.872099999338388 ], [ 453096.212000000290573, 4483642.1722 ], [ 453092.811900000087917, 4483627.472100001759827 ], [ 453092.111800000071526, 4483618.1721 ], [ 453093.711600000038743, 4483599.771999999880791 ], [ 453096.511500000022352, 4483581.07179999910295 ], [ 453099.611399999819696, 4483563.97169999871403 ], [ 453103.011199999600649, 4483541.771500001661479 ], [ 453105.911000000312924, 4483526.67130000051111 ], [ 453108.510900000110269, 4483507.67119999974966 ], [ 453110.410500000230968, 4483463.570899999700487 ], [ 453114.910099999979138, 4483408.6705 ], [ 453116.209999999962747, 4483400.970500000752509 ], [ 453118.409900000318885, 4483393.870400000363588 ], [ 453122.609899999573827, 4483382.970300001092255 ], [ 453127.627999999560416, 4483371.770600000396371 ], [ 453139.027900000102818, 4483352.070299999788404 ], [ 453146.327899999916553, 4483340.670099999755621 ], [ 453155.027900000102818, 4483328.769899999722838 ], [ 453162.027800000272691, 4483321.06969999987632 ], [ 453191.527800000272691, 4483291.069099999032915 ], [ 453225.827800000086427, 4483262.968399998731911 ], [ 453243.327800000086427, 4483246.968000000342727 ], [ 453302.3277000002563, 4483197.96680000051856 ], [ 453341.827800000086427, 4483171.765999999828637 ], [ 453374.627799999900162, 4483153.165400000289083 ], [ 453418.327899999916553, 4483131.86460000090301 ], [ 453569.928299999795854, 4483069.961800000630319 ], [ 453604.42850000038743, 4483057.561200000345707 ], [ 453628.828499999828637, 4483048.560700000263751 ], [ 453660.428600000217557, 4483034.560100000351667 ], [ 453690.428700000047684, 4483016.959599998779595 ], [ 453740.528699999675155, 4482984.75859999936074 ], [ 453771.028699999675155, 4482967.058000001125038 ], [ 453797.528800000436604, 4482954.657500000670552 ], [ 453847.028900000208523, 4482936.356599999591708 ], [ 453859.729000000283122, 4482930.65639999974519 ], [ 453873.928999999538064, 4482924.856100000441074 ], [ 453887.828999999910593, 4482917.155799999833107 ], [ 453897.428999999538064, 4482911.055600001476705 ], [ 453904.128999999724329, 4482906.355499999597669 ], [ 453931.029000000096858, 4482881.854900001548231 ], [ 453959.128899999894202, 4482855.954299999400973 ], [ 453986.728900000452995, 4482830.853699999861419 ], [ 454009.528900000266731, 4482813.153300000354648 ], [ 454030.028900000266731, 4482796.852800001390278 ], [ 454049.028800000436604, 4482782.052400000393391 ], [ 454061.028800000436604, 4482771.35219999961555 ], [ 454072.42879999987781, 4482760.751900001429021 ], [ 454081.82880000025034, 4482750.151699999347329 ], [ 454088.928700000047684, 4482739.451599999330938 ], [ 454093.528599999845028, 4482727.451400001533329 ], [ 454095.028500000014901, 4482718.45130000077188 ], [ 454095.128399999812245, 4482707.851299999281764 ], [ 454093.628299999982119, 4482695.35120000038296 ], [ 454088.527900000102818, 4482653.150999999605119 ], [ 454086.327600000426173, 4482630.050899999216199 ], [ 454086.327399999834597, 4482608.550799999386072 ], [ 454086.8273, 4482592.850700000301003 ], [ 454089.927099999971688, 4482572.150499999523163 ], [ 454092.826999999582767, 4482557.150400000624359 ], [ 454096.626899999566376, 4482540.750199999660254 ], [ 454101.926799999549985, 4482526.449999999254942 ], [ 454113.82660000026226, 4482502.949699999764562 ], [ 454122.526499999628868, 4482487.349500000476837 ], [ 454127.126400000415742, 4482475.349299999885261 ], [ 454131.026399999856949, 4482463.14919999986887 ], [ 454132.426300000399351, 4482452.6491 ], [ 454133.926099999807775, 4482433.548999999649823 ], [ 454134.125799999572337, 4482401.048700000159442 ], [ 454132.625300000421703, 4482345.848400000482798 ], [ 454133.724799999967217, 4482301.748099998570979 ], [ 454137.924399999901652, 4482247.5477 ], [ 454141.524000000150409, 4482208.647399999201298 ], [ 454143.723799999803305, 4482181.247199999168515 ], [ 454146.323499999940395, 4482151.146999999880791 ], [ 454147.523400000296533, 4482142.946900000795722 ], [ 454149.623399999924004, 4482134.946899999864399 ], [ 454152.023299999535084, 4482128.44679999910295 ], [ 454155.423299999907613, 4482121.546700000762939 ], [ 454158.223299999721348, 4482117.146599999628961 ], [ 454161.323200000450015, 4482113.046499999240041 ], [ 454165.823200000450015, 4482109.84639999922365 ], [ 454170.423200000077486, 4482107.446399999782443 ], [ 454195.023299999535084, 4482097.945900001563132 ], [ 454223.223399999551475, 4482086.345399999059737 ], [ 454234.823400000110269, 4482080.745199999772012 ], [ 454246.523400000296533, 4482073.344900000840425 ], [ 454280.92339999973774, 4482049.444199999794364 ], [ 454286.92339999973774, 4482045.4441 ], [ 454348.723399999551475, 4482004.042899998836219 ], [ 454389.42339999973774, 4481978.24210000038147 ], [ 454442.42339999973774, 4481941.641000000759959 ], [ 454455.323400000110269, 4481931.340699999593198 ], [ 454467.023400000296533, 4481921.140500000678003 ], [ 454477.323300000280142, 4481909.840200000442564 ], [ 454485.723299999721348, 4481899.839999999850988 ], [ 454489.923200000077486, 4481893.439900000579655 ], [ 454493.123200000263751, 4481887.539799999445677 ], [ 454494.323200000450015, 4481882.239799999631941 ], [ 454495.323099999688566, 4481877.03969999961555 ], [ 454496.323099999688566, 4481868.839700001291931 ], [ 454495.223000000230968, 4481859.739600001834333 ], [ 454493.922899999597576, 4481853.639599998481572 ], [ 454486.822599999606609, 4481831.339599999599159 ], [ 454478.822300000116229, 4481804.339500001631677 ], [ 454474.322100000397768, 4481785.13950000051409 ], [ 454467.321700000204146, 4481746.839400000870228 ], [ 454462.221300000324845, 4481707.539200001396239 ], [ 454461.321100000292063, 4481691.039100000634789 ], [ 454461.621000000275671, 4481675.539000000804663 ], [ 454463.320899999700487, 4481660.938899998553097 ], [ 454465.520800000056624, 4481650.838800000958145 ], [ 454469.520700000226498, 4481638.238699999637902 ], [ 454480.620500000135507, 4481607.738299999386072 ], [ 454501.220200000330806, 4481565.637699999846518 ], [ 454569.519500000402331, 4481449.035900000482798 ], [ 454582.31940000038594, 4481429.235500000417233 ], [ 454586.919300000183284, 4481420.435399999842048 ], [ 454606.118900000059512, 4481368.634800000116229 ], [ 454623.318500000052154, 4481315.734199999831617 ], [ 454645.117999999783933, 4481246.433399999514222 ], [ 454651.517799999564886, 4481216.333100000396371 ], [ 454663.717299999669194, 4481164.432600001804531 ], [ 454666.817200000397861, 4481143.132399999536574 ], [ 454667.017099999822676, 4481136.732300000265241 ], [ 454665.717000000178814, 4481127.032299998216331 ], [ 454661.916799999773502, 4481110.232200000435114 ], [ 454659.61670000012964, 4481099.432199998758733 ], [ 454659.01659999974072, 4481094.032199998386204 ], [ 454659.616600000241306, 4481087.732100000604987 ], [ 454662.21650000003865, 4481079.932099999859929 ], [ 454670.61629999987781, 4481057.431800000369549 ], [ 454672.416299999691546, 4481049.931700000539422 ], [ 454673.316200000233948, 4481042.731599999591708 ], [ 454674.716099999845028, 4481031.231499999761581 ], [ 454674.61600000038743, 4481021.031500001437962 ], [ 454674.015999999828637, 4481014.731499999761581 ], [ 454672.115799999737646, 4481004.431399999186397 ], [ 454670.315700000151992, 4480994.231399999000132 ], [ 454669.615600000135601, 4480982.331299999728799 ], [ 454670.615399999544024, 4480962.431199999526143 ], [ 454673.115199999883771, 4480938.530999999493361 ], [ 454675.815100000239909, 4480922.930800000205636 ], [ 454681.414800000376999, 4480892.130599999800324 ], [ 454683.014700000174344, 4480877.630399999208748 ], [ 454683.614699999801815, 4480873.630399999208748 ], [ 454687.714300000108778, 4480832.930099999532104 ], [ 454689.913800000213087, 4480782.529699999839067 ], [ 454694.512900000438094, 4480685.729099999181926 ], [ 454695.612300000153482, 4480618.22859999909997 ], [ 454699.211500000208616, 4480540.428100000135601 ], [ 454700.010999999940395, 4480480.027699999511242 ], [ 454703.610399999655783, 4480414.327199998311698 ], [ 454704.610100000165403, 4480389.626999999396503 ], [ 454707.709999999962747, 4480371.926899998448789 ], [ 454711.809799999929965, 4480351.3267 ], [ 454718.109600000083447, 4480328.12639999948442 ], [ 454722.909500000067055, 4480313.62629999872297 ], [ 454732.309399999678135, 4480294.12599999923259 ], [ 454737.609299999661744, 4480283.725800001062453 ], [ 454744.109199999831617, 4480273.62569999974221 ], [ 454757.809200000017881, 4480259.12529999949038 ], [ 454771.309100000187755, 4480247.625099998898804 ], [ 454780.409099999815226, 4480240.824899998493493 ], [ 454796.1091, 4480232.024499998427927 ], [ 454810.309200000017881, 4480224.9243 ], [ 454827.909199999645352, 4480218.923900001682341 ], [ 454846.909300000406802, 4480214.223599999211729 ], [ 454865.409400000236928, 4480212.123299998231232 ], [ 454926.709699999541044, 4480206.622300000861287 ], [ 454972.409900000260677, 4480203.621500000357628 ], [ 455000.588700000196695, 4480202.321899999864399 ], [ 455034.610100000165403, 4480187.520400000736117 ], [ 455069.810200000181794, 4480175.519699999131262 ], [ 455106.21030000038445, 4480163.51899999845773 ], [ 455140.010400000028312, 4480152.818399999290705 ], [ 455169.010499999858439, 4480143.917899998836219 ], [ 455195.610600000247359, 4480136.017400000244379 ], [ 455228.610700000077486, 4480128.016799999400973 ], [ 455271.11089999973774, 4480119.416099998168647 ], [ 455295.810899999865796, 4480114.31560000218451 ], [ 455315.211000000068452, 4480109.8153 ], [ 455329.711099999956787, 4480105.215000000782311 ], [ 455340.511099999770522, 4480100.5148 ], [ 455356.111100000329316, 4480091.514499998651445 ], [ 455384.611100000329316, 4480073.313900000415742 ], [ 455408.310999999754131, 4480055.613399999216199 ], [ 455427.411000000254717, 4480040.112999998964369 ], [ 455444.710900000296533, 4480024.612600000575185 ], [ 455463.210900000296533, 4480006.512199999764562 ], [ 455477.010800000280142, 4479991.811899998225272 ], [ 455485.210699999704957, 4479980.911699999123812 ], [ 455489.810700000263751, 4479973.911599999293685 ], [ 455493.910699999891222, 4479966.111399999819696 ], [ 455496.71059999987483, 4479958.711400000378489 ], [ 455498.610500000417233, 4479951.411299998871982 ], [ 455500.210500000044703, 4479942.011200000531971 ], [ 455501.210400000214577, 4479933.411099999211729 ], [ 455501.510200000368059, 4479919.910999999381602 ], [ 455499.910000000149012, 4479891.510900000110269 ], [ 455496.709599999710917, 4479856.6107 ], [ 455490.809200000017881, 4479819.310599999502301 ], [ 455487.109000000171363, 4479803.610500001348555 ], [ 455482.808899999537971, 4479790.210499999113381 ], [ 455477.10869999974966, 4479777.310499999672174 ], [ 455468.008500000461936, 4479763.010600000619888 ], [ 455455.608300000429153, 4479745.310699999332428 ], [ 455439.808000000193715, 4479724.010800000280142 ], [ 455415.807400000281632, 4479682.810900000855327 ], [ 455397.707000000402331, 4479655.111000000499189 ], [ 455379.106700000353158, 4479629.311199999414384 ], [ 455368.606499999761581, 4479616.411300000734627 ], [ 455355.206299999728799, 4479601.611399999819696 ], [ 455331.605899999849498, 4479578.21159999910742 ], [ 455309.705500000156462, 4479552.611799999140203 ], [ 455282.605000000447035, 4479520.212099999189377 ], [ 455265.704699999652803, 4479499.412199999205768 ], [ 455254.7045, 4479483.612299998290837 ], [ 455233.70409999974072, 4479449.71239999961108 ], [ 455214.603699999861419, 4479417.712500001303852 ], [ 455192.003100000321865, 4479376.012599999085069 ], [ 455177.802799999713898, 4479347.312699998728931 ], [ 455165.602400000207126, 4479315.412699999287724 ], [ 455154.301900000311434, 4479277.812599999830127 ], [ 455144.901399999856949, 4479231.712500000372529 ], [ 455131.400799999944866, 4479175.912399999797344 ], [ 455121.700400000438094, 4479139.9123 ], [ 455112.200000000186265, 4479098.912200000137091 ], [ 455106.399600000120699, 4479063.912100000306964 ], [ 455102.5992, 4479031.511900001205504 ], [ 455101.698900000192225, 4478996.511699999682605 ], [ 455106.298499999509659, 4478955.311399999074638 ], [ 455114.798100000247359, 4478906.510899999178946 ], [ 455123.997700000181794, 4478861.710500000976026 ], [ 455133.597400000318885, 4478820.610000000335276 ], [ 455143.29700000025332, 4478777.509599999524653 ], [ 455145.696899999864399, 4478769.009500000625849 ], [ 455177.196700000204146, 4478733.0088 ], [ 455219.596499999926891, 4478687.407800000160933 ], [ 455253.096400000154972, 4478651.807000000961125 ], [ 455269.196299999952316, 4478633.706599999219179 ], [ 455281.996199999935925, 4478620.006300000473857 ], [ 455302.396099999547005, 4478596.105799999088049 ], [ 455314.395999999716878, 4478579.605500000528991 ], [ 455323.195899999700487, 4478565.305299998261034 ], [ 455339.395700000226498, 4478534.904799998737872 ], [ 455347.095599999651313, 4478517.604599999263883 ], [ 455353.195399999560323, 4478501.204399998299778 ], [ 455359.095300000160933, 4478481.104100000113249 ], [ 455360.795199999585748, 4478473.304099999368191 ], [ 455361.895100000314415, 4478465.403999999165535 ], [ 455362.59499999973923, 4478454.403899999335408 ], [ 455362.194899999478366, 4478446.403899998404086 ], [ 455360.994900000281632, 4478440.50379999820143 ], [ 455358.894799999892712, 4478434.303800000809133 ], [ 455353.894700000120793, 4478423.103800001554191 ], [ 455347.894500000402331, 4478412.303899999707937 ], [ 455342.094399999827147, 4478403.503899999894202 ], [ 455337.894299999810755, 4478398.20399999897927 ], [ 455333.694299999624491, 4478393.904 ], [ 455326.294200000353158, 4478387.504099999554455 ], [ 455307.393899999558926, 4478373.104299999773502 ], [ 455298.793800000101328, 4478367.604400000534952 ], [ 455286.893699999898672, 4478360.704599999822676 ], [ 455275.09360000025481, 4478354.104699998162687 ], [ 455262.393400000350084, 4478348.304900000803173 ], [ 455248.393299999646842, 4478342.505100001581013 ], [ 455237.293200000189245, 4478338.405200000852346 ], [ 455224.393099999986589, 4478334.405400001443923 ], [ 455209.992999999725726, 4478331.205700000748038 ], [ 455192.492899999953806, 4478327.905899999663234 ], [ 455164.592699999921024, 4478324.206399998627603 ], [ 455137.792500000447035, 4478321.306799999438226 ], [ 455108.492299999983516, 4478320.107300000265241 ], [ 455077.092199999839067, 4478320.307799999602139 ], [ 455069.392099999822676, 4478320.70790000166744 ], [ 455058.892099999822676, 4478322.108100001700222 ], [ 455050.392099999822676, 4478323.408300000242889 ], [ 455039.99199999962002, 4478325.708499998785555 ], [ 455026.592000000178814, 4478330.208700000308454 ], [ 455020.191999999748077, 4478332.908800000324845 ], [ 455015.392, 4478335.7089 ], [ 454989.99199999962002, 4478352.809499998576939 ], [ 454983.292000000306871, 4478356.909600001759827 ], [ 454975.292000000365078, 4478361.209799999371171 ], [ 454970.092000000178814, 4478362.909900000318885 ], [ 454963.092000000178814, 4478364.809999999590218 ], [ 454956.49199999962002, 4478365.910100000910461 ], [ 454947.291899999603629, 4478366.410299999639392 ], [ 454930.591799999587238, 4478366.810499999672174 ], [ 454909.99170000012964, 4478367.210899998433888 ], [ 454902.49170000012964, 4478366.710999998264015 ], [ 454894.791600000055041, 4478365.011099999770522 ], [ 454885.791500000283122, 4478361.711300000548363 ], [ 454877.891499999910593, 4478358.211400000378489 ], [ 454867.49139999964973, 4478353.211500000208616 ], [ 454857.39130000025034, 4478347.411599999293685 ], [ 454843.891099999658763, 4478338.611800001002848 ], [ 454835.091000000014901, 4478332.511900000274181 ], [ 454821.190799999982119, 4478320.912100001238286 ], [ 454809.990600000135601, 4478309.81220000050962 ], [ 454792.090300000272691, 4478289.012399999424815 ], [ 454758.489699999743607, 4478243.212600000202656 ], [ 454720.489000000059605, 4478191.6129 ], [ 454701.1886, 4478160.013099999167025 ], [ 454687.688299999514129, 4478138.21309999935329 ], [ 454676.088100000284612, 4478117.913199999369681 ], [ 454673.188000000081956, 4478108.213199999183416 ], [ 454671.787800000049174, 4478094.313100000843406 ], [ 454672.187699999660254, 4478081.312999999150634 ], [ 454674.187599999830127, 4478068.812899999320507 ], [ 454677.987499999813735, 4478054.412799998186529 ], [ 454682.287399999797344, 4478042.412599999457598 ], [ 454688.587299999780953, 4478029.912399999797344 ], [ 454704.387099999934435, 4478003.21199999935925 ], [ 454728.186900000087917, 4477964.511400000192225 ], [ 454757.486600000411272, 4477920.010600001551211 ], [ 454765.786500000336673, 4477905.210399999283254 ], [ 454775.586299999558832, 4477882.510099998675287 ], [ 454785.586099999956787, 4477854.509700000286102 ], [ 454796.285799999721348, 4477819.609299999661744 ], [ 454805.485600000247359, 4477790.709000000730157 ], [ 454820.285299999639392, 4477751.808499999344349 ], [ 454839.684999999590218, 4477710.607899999246001 ], [ 454859.784599999897182, 4477661.607300000265241 ], [ 454873.484400000423193, 4477631.006799999624491 ], [ 454889.384200000204146, 4477597.30629999935627 ], [ 454902.484000000171363, 4477573.905999998562038 ], [ 454924.48379999952158, 4477541.405399998649955 ], [ 454941.842199999839067, 4477516.507999999448657 ], [ 454912.845900000073016, 4477506.989999999292195 ], [ 454912.066200000233948, 4477506.740499999374151 ], [ 454793.275500000454485, 4477468.722100000828505 ], [ 454745.185300000011921, 4477461.083000000566244 ], [ 454719.945299999788404, 4477459.543400000780821 ], [ 454699.635300000198185, 4477459.773800000548363 ], [ 454680.435300000011921, 4477461.294200000353158 ], [ 454656.115299999713898, 4477465.294700000435114 ], [ 454629.425300000235438, 4477472.30519999936223 ], [ 454603.915300000458956, 4477480.425699999555945 ], [ 454508.405500000342727, 4477515.567700000479817 ], [ 454458.645600000396371, 4477531.56870000064373 ], [ 454409.745600000023842, 4477544.469699998386204 ], [ 454234.845700000412762, 4477573.3931 ], [ 453977.445700000040233, 4477612.598199999891222 ], [ 453587.935700000263751, 4477673.865800000727177 ], [ 453281.605700000189245, 4477719.631700000725687 ], [ 453067.685700000263751, 4477753.565899999812245 ], [ 452884.915699999779463, 4477779.139499999582767 ], [ 452765.32660000026226, 4477790.27419999986887 ], [ 452656.890100000426173, 4477798.275699999183416 ], [ 452363.800400000065565, 4477808.724899998866022 ], [ 452089.479199999943376, 4477818.978299998678267 ], [ 452030.713499999605119, 4477821.174799999222159 ], [ 451617.410299999639392, 4477833.848300000652671 ], [ 451349.002999999560416, 4477840.25829999987036 ], [ 451230.327800000086427, 4477844.299000000581145 ], [ 451059.896300000138581, 4477850.523600000888109 ], [ 450827.247399999701884, 4477858.526900000870228 ], [ 450700.8125, 4477857.640100000426173 ], [ 450624.093500000424683, 4477856.602200000546873 ], [ 450527.714499999769032, 4477856.976399998180568 ], [ 450186.11780000012368, 4477864.2467 ], [ 449694.467799999751151, 4477879.136 ], [ 449769.477800000458956, 4477894.144799998961389 ], [ 449813.647699999623001, 4477904.1842 ], [ 449871.857699999643955, 4477919.233300000429153 ], [ 449928.067800000309944, 4477942.3224 ], [ 449970.207899999863002, 4477964.401799998246133 ], [ 450016.388000000268221, 4477998.511199999600649 ], [ 450051.518099999986589, 4478028.630699998699129 ], [ 450079.618300000205636, 4478054.730399998836219 ], [ 450142.508600000292063, 4478122.349500000476837 ], [ 450449.460400000214577, 4478458.865900001488626 ], [ 450808.78249999973923, 4478839.051500000990927 ], [ 451002.493700000457466, 4479048.189200001768768 ], [ 450927.834300000220537, 4479117.660700000822544 ], [ 450866.164800000376999, 4479176.73200000077486 ], [ 450779.165500000119209, 4479252.693700001575053 ], [ 450752.655399999581277, 4479229.844000000506639 ], [ 450614.386800000444055, 4479399.406999998725951 ], [ 450537.747700000181794, 4479507.318699999712408 ], [ 450443.408300000242889, 4479570.890499998815358 ], [ 450528.278699999675155, 4479643.2094 ], [ 450562.258799999894109, 4479674.309000000357628 ], [ 450586.449000000022352, 4479705.978700000792742 ], [ 450618.119400000199676, 4479761.258399999700487 ], [ 450639.705400000326335, 4479830.821699999272823 ], [ 450639.809799999929965, 4479831.158300000242889 ], [ 450699.10950000025332, 4479804.357300001196563 ], [ 450730.17960000038147, 4479816.246799998916686 ], [ 450751.629599999636412, 4479826.266500000841916 ], [ 450774.519700000062585, 4479839.136199998669326 ], [ 450792.399799999780953, 4479855.58600000012666 ], [ 450804.569899999594782, 4479872.745800000615418 ], [ 450893.951200000010431, 4480071.555199998430908 ], [ 450998.361600000411272, 4480153.083800000138581 ], [ 451101.702200000174344, 4480262.582600000314415 ], [ 451140.882000000216067, 4480241.091900000348687 ], [ 451160.801900000311434, 4480232.32149999961257 ], [ 451170.751899999566376, 4480230.901399998925626 ], [ 451186.631900000444148, 4480233.5110999988392 ], [ 451210.35190000012517, 4480238.250800001434982 ], [ 451233.111899999901652, 4480246.560399999842048 ], [ 451288.26549999974668, 4480266.2824 ], [ 451310.729700000025332, 4480395.662899999879301 ], [ 451320.502399999648333, 4480455.899900000542402 ], [ 451323.337199999950826, 4480478.835100001655519 ], [ 451324.625900000333786, 4480501.770300000905991 ], [ 451324.626000000163913, 4480522.386300000362098 ], [ 451323.080000000074506, 4480544.935000001452863 ], [ 451317.926300000399351, 4480577.9206000007689 ], [ 451312.128200000151992, 4480600.082800000905991 ], [ 451304.1398, 4480622.8893 ], [ 451294.347400000260677, 4480645.180500000715256 ], [ 451285.456899999640882, 4480663.477299998514354 ], [ 451257.15429999952903, 4480708.57289999909699 ], [ 451161.265999999828637, 4480829.209399999119341 ], [ 451022.030199999921024, 4480995.691500000655651 ], [ 450981.669999999925494, 4481037.583599999547005 ], [ 450966.071999999694526, 4481052.360999998636544 ], [ 450945.274699999950826, 4481070.14879999961704 ], [ 450912.9841, 4481094.778000000864267 ], [ 450884.798200000077486, 4481112.018500000238419 ], [ 450856.612300000153482, 4481126.796200000680983 ], [ 450828.426400000229478, 4481139.658299998380244 ], [ 450793.268699999898672, 4481151.588999999687076 ], [ 450757.672600000107195, 4481162.200299999676645 ], [ 450716.800400000065565, 4481170.805700000375509 ], [ 450678.796400000341237, 4481175.8257 ], [ 450594.900899999774992, 4481182.280600000172853 ], [ 450494.871500000357628, 4481184.791899999603629 ], [ 450313.097599999979138, 4481185.511899999342859 ], [ 449854.898400000296533, 4481186.594900001771748 ], [ 449379.489900000393391, 4481187.319599999114871 ], [ 448994.430499999783933, 4481189.476900001056492 ], [ 448994.072900000028312, 4481324.642799998633564 ], [ 448998.017799999564886, 4481494.585999998264015 ], [ 449003.338999999687076, 4481692.494399999268353 ], [ 449003.172100000025239, 4481765.578099998645484 ], [ 449002.6705, 4481814.050899999216199 ], [ 449002.009100000374019, 4481893.756899999454618 ], [ 449002.009100000374019, 4481947.996500000357628 ], [ 449000.0247, 4482027.040899998508394 ], [ 448996.662300000025425, 4482088.159700000658631 ], [ 448994.439899999648333, 4482201.0313 ], [ 448993.804700000211596, 4482242.147699999623001 ], [ 448993.804700000269804, 4482269.611500001512468 ], [ 448993.646099999547005, 4482288.820099999196827 ], [ 448994.093100000172853, 4482298.851099998690188 ], [ 448993.804700000211596, 4482310.251499999314547 ], [ 448993.963499999605119, 4482336.12769999820739 ], [ 448994.43989999970654, 4482361.210300001315773 ], [ 448995.074900000356138, 4482384.229100000113249 ], [ 448995.868499999924097, 4482417.566699999384582 ], [ 448997.2972999997437, 4482466.1443000016734 ], [ 448998.633500000461936, 4482513.160899999551475 ], [ 449002.866899999848101, 4482638.309100000187755 ], [ 449004.099799999967217, 4482692.325799999758601 ], [ 449004.146499999798834, 4482710.416299999691546 ], [ 449004.189699999988079, 4482727.209300000220537 ], [ 449004.718899999803398, 4482762.531099999323487 ], [ 449005.909500000067055, 4482830.000099999830127 ], [ 449004.71889999974519, 4482898.262700001709163 ], [ 449004.16330000013113, 4482976.70130000077188 ], [ 449002.575699999928474, 4483027.50129999872297 ], [ 449000.988300000317395, 4483081.793900000862777 ], [ 448999.241899999848101, 4483137.197700000368059 ], [ 448997.971900000236928, 4483185.775299999862909 ], [ 448997.019500000402331, 4483228.796700000762939 ], [ 448996.159300000406802, 4483284.694399998523295 ], [ 448995.908300000242889, 4483357.860700001008809 ], [ 448997.019500000402331, 4483472.160900000482798 ], [ 448999.570899999700487, 4483591.294399999082088 ], [ 449000.9079, 4483590.839700001291931 ], [ 449006.607900000119116, 4483589.539599999785423 ], [ 449010.307900000363588, 4483589.0395 ], [ 449013.50789999961853, 4483589.0395 ], [ 449015.9079, 4483589.439399999566376 ], [ 449018.107900000177324, 4483590.139399999752641 ], [ 449019.607900000177324, 4483590.739399999380112 ], [ 449021.207899999804795, 4483591.639399999752641 ], [ 449023.808000000193715, 4483593.6393 ], [ 449026.308000000193715, 4483596.039300001226366 ], [ 449035.708100000454579, 4483608.439200000837445 ], [ 449039.708100000396371, 4483612.839199998416007 ], [ 449042.908099999651313, 4483615.739199998788536 ], [ 449045.30810000008205, 4483617.539100000634789 ], [ 449047.10809999977937, 4483618.539099999703467 ], [ 449048.608099999837577, 4483619.139099999330938 ], [ 449050.008100000210106, 4483619.539099999703467 ], [ 449051.608099999837577, 4483619.739 ], [ 449053.508100000268314, 4483619.838999998755753 ], [ 449055.508100000210106, 4483619.739 ], [ 449057.608099999837577, 4483619.538899999111891 ], [ 449059.708100000396371, 4483619.338900000788271 ], [ 449062.508100000268314, 4483618.938899998553097 ], [ 449064.808100000023842, 4483618.438799999654293 ], [ 449067.208100000396371, 4483617.8387999990955 ], [ 449069.708100000396371, 4483617.138699999079108 ], [ 449072.408099999593105, 4483616.338700000196695 ], [ 449075.408099999651313, 4483615.338600000366569 ], [ 449078.90809999970952, 4483614.138599999248981 ], [ 449081.608099999895785, 4483613.338500000536442 ], [ 449084.308100000023842, 4483612.638500000350177 ], [ 449086.208100000396371, 4483612.238500000908971 ], [ 449088.408099999651313, 4483611.838400000706315 ], [ 449091.50800000037998, 4483611.438400000333786 ], [ 449094.108, 4483611.3383 ], [ 449097.308000000193715, 4483611.738299999386072 ], [ 449099.50800000037998, 4483612.038200001232326 ], [ 449102.90809999970952, 4483612.838199999183416 ], [ 449106.808100000023842, 4483613.9381 ], [ 449108.908099999651313, 4483614.638099999167025 ], [ 449128.608099999837577, 4483622.137800000607967 ], [ 449136.608099999837577, 4483625.3377 ], [ 449138.708100000396371, 4483626.037700000219047 ], [ 449141.108099999837577, 4483626.637699999846518 ], [ 449143.108099999837577, 4483626.837600002065301 ], [ 449144.808100000023842, 4483626.837600000202656 ], [ 449146.808100000023842, 4483626.737600000575185 ], [ 449149.008100000210106, 4483626.337500000372529 ], [ 449150.40809999970952, 4483626.037499998696148 ], [ 449152.008100000151899, 4483625.537499998696148 ], [ 449153.408099999651313, 4483625.037499998696148 ], [ 449155.908099999651313, 4483623.737400000914931 ], [ 449157.908099999651313, 4483622.637399998493493 ], [ 449159.508100000210106, 4483621.637299999594688 ], [ 449176.207999999634922, 4483609.137000000104308 ], [ 449183.108, 4483608.4369 ], [ 449190.308000000193715, 4483612.6368000023067 ], [ 449192.00800000037998, 4483613.436799998395145 ], [ 449193.808000000193715, 4483614.136800000444055 ], [ 449196.608, 4483615.136700000613928 ], [ 449198.808000000193715, 4483615.736700001172721 ], [ 449200.608, 4483616.136700000613928 ], [ 449202.407999999821186, 4483616.436599999666214 ], [ 449203.907999999879394, 4483616.636599999852479 ], [ 449204.907999999821186, 4483616.736600000411272 ], [ 449206.207999999693129, 4483616.736600000411272 ], [ 449207.808000000193715, 4483616.536599998362362 ], [ 449208.808000000193715, 4483616.336499999277294 ], [ 449210.00800000037998, 4483616.036499999463558 ], [ 449211.207999999634922, 4483615.536500000394881 ], [ 449212.108000000065658, 4483614.936499998904765 ], [ 449212.808000000135507, 4483614.336500000208616 ], [ 449215.608, 4483611.836399999447167 ], [ 449217.308000000193715, 4483610.336399999447167 ], [ 449218.50789999961853, 4483609.4364 ], [ 449220.207899999804795, 4483608.436300000175834 ], [ 449226.807900000363588, 4483605.23619999922812 ], [ 449237.207899999804795, 4483599.636 ], [ 449244.307799999602139, 4483593.835899999365211 ], [ 449252.80769999983022, 4483586.735700001008809 ], [ 449257.207700000144541, 4483584.935599999502301 ], [ 449262.907700000330806, 4483585.335500000976026 ], [ 449268.907700000330806, 4483585.535400000400841 ], [ 449272.107699999585748, 4483585.435399999842048 ], [ 449273.407700000330806, 4483585.335399999283254 ], [ 449274.80769999983022, 4483584.9353 ], [ 449276.007699999958277, 4483584.535299999639392 ], [ 449277.207700000144541, 4483583.935300000943244 ], [ 449287.00760000012815, 4483577.23509999923408 ], [ 449288.907599999569356, 4483576.035099999047816 ], [ 449290.207600000314415, 4483575.335099999792874 ], [ 449295.107599999697413, 4483573.134999999776483 ], [ 449297.907599999569356, 4483572.034899999387562 ], [ 449301.207600000314415, 4483570.934900001622736 ], [ 449305.107599999755621, 4483569.934800000861287 ], [ 449314.307599999941885, 4483568.034599999897182 ], [ 449321.507500000298023, 4483566.834499999880791 ], [ 449329.507500000356231, 4483565.634399999864399 ], [ 449338.207499999552965, 4483564.33420000039041 ], [ 449342.007500000298023, 4483563.9342 ], [ 449347.307500000111759, 4483563.534100000746548 ], [ 449351.40749999973923, 4483563.434000000357628 ], [ 449354.007500000298023, 4483563.433999999426305 ], [ 449364.107499999925494, 4483563.933800000697374 ], [ 449367.707499999552965, 4483563.833799999207258 ], [ 449375.307500000111759, 4483563.133699999190867 ], [ 449388.80740000033984, 4483561.133399999700487 ], [ 449392.907399999909103, 4483560.633400000631809 ], [ 449412.007399999536574, 4483560.533099999651313 ], [ 449416.707399999722838, 4483560.232999998144805 ], [ 449420.607400000095367, 4483559.732899998314679 ], [ 449436.007399999536574, 4483557.432699999772012 ], [ 449439.407399999967311, 4483557.232600001618266 ], [ 449453.907399999909103, 4483557.132399999536574 ], [ 449472.407399999909103, 4483557.432100001722574 ], [ 449475.807400000281632, 4483557.631999999284744 ], [ 449479.007399999536574, 4483558.132000001147389 ], [ 449481.407399999909103, 4483558.631999998353422 ], [ 449483.407399999909103, 4483559.231899999082088 ], [ 449498.607400000095367, 4483564.931699999608099 ], [ 449507.807400000281632, 4483568.431600000709295 ], [ 449512.207399999722838, 4483569.731499998830259 ], [ 449516.607400000095367, 4483570.931500000879169 ], [ 449519.507399999594782, 4483571.53139999974519 ], [ 449521.707399999722838, 4483571.931399998255074 ], [ 449523.807400000281632, 4483572.131400000303984 ], [ 449528.207399999781046, 4483572.331300000660121 ], [ 449535.207399999722838, 4483572.231200000271201 ], [ 449543.407399999909103, 4483571.631 ], [ 449549.707399999781046, 4483570.93089999910444 ], [ 449557.407399999909103, 4483569.430800001136959 ], [ 449563.907399999967311, 4483567.930700000375509 ], [ 449568.207399999722838, 4483566.630600000731647 ], [ 449575.407300000078976, 4483563.930500000715256 ], [ 449583.207299999892712, 4483560.5304000005126 ], [ 449589.207299999892712, 4483557.830299999564886 ], [ 449593.407300000078976, 4483555.930200000293553 ], [ 449594.807300000509713, 4483555.43019999936223 ], [ 449595.607300000265241, 4483555.230100000277162 ], [ 449596.907300000078976, 4483555.030099999159575 ], [ 449597.707299999892712, 4483554.930099999532104 ], [ 449599.507299999706447, 4483554.8301 ], [ 449601.907300000078976, 4483555.03000000026077 ], [ 449603.407300000078976, 4483555.33 ], [ 449609.307300000451505, 4483557.129899999126792 ], [ 449613.907300000078976, 4483558.329899999313056 ], [ 449618.507299999706447, 4483559.4298 ], [ 449623.107300000265241, 4483560.329699999652803 ], [ 449626.307300000509713, 4483560.629699999466538 ], [ 449641.507299999706447, 4483561.029500000178814 ], [ 449643.107300000323448, 4483561.229399999603629 ], [ 449644.807300000451505, 4483561.6294 ], [ 449646.407300000078976, 4483562.1294 ], [ 449647.407300000078976, 4483562.529400000348687 ], [ 449648.007299999706447, 4483562.929400001652539 ], [ 449649.107300000265241, 4483563.9293 ], [ 449650.207299999892712, 4483565.129299999214709 ], [ 449651.807300000451505, 4483567.629299999214709 ], [ 449653.307300000451505, 4483570.229299999773502 ], [ 449656.007399999536574, 4483574.629299999214709 ], [ 449657.007399999536574, 4483575.9293 ], [ 449658.007399999536574, 4483576.829299998469651 ], [ 449659.307400000281632, 4483577.9293 ], [ 449660.607400000095367, 4483578.729199999012053 ], [ 449663.707399999722838, 4483580.029199999757111 ], [ 449672.30740000033984, 4483582.929099999368191 ], [ 449678.507399999478366, 4483584.728999999351799 ], [ 449682.207399999722838, 4483585.528899999335408 ], [ 449684.407399999909103, 4483585.928899998776615 ], [ 449687.007399999536574, 4483586.228900000452995 ], [ 449691.607400000095367, 4483586.528799999505281 ], [ 449694.407399999967311, 4483586.528699999675155 ], [ 449706.307400000281632, 4483584.5285 ], [ 449731.013000000268221, 4483579.885099999606609 ], [ 449734.207999999634922, 4483593.7303 ], [ 449734.247499999590218, 4483593.768200000748038 ], [ 450084.799900000041816, 4483922.614300000481308 ], [ 450279.460500000044703, 4484017.201699999161065 ], [ 450459.561599999666214, 4484164.879599999636412 ], [ 450614.343100000172853, 4484356.6381 ], [ 451035.4046, 4484566.292600000277162 ], [ 451210.914499999955297, 4484569.93989999871701 ], [ 451536.936599999724422, 4484788.815700000151992 ], [ 451940.167799999937415, 4484759.458599999547005 ], [ 452134.178299999795854, 4484746.285199999809265 ], [ 452408.138399999588728, 4484644.699999999254942 ] ] ] } },
{ "type": "Feature", "properties": { "tau": -0.40307694673538208, "two_sided_pval": 0.0041648088954389095, "name": "Casco Histórico de Barajas", "classification": "negative trend with prob > 99%" }, "geometry": { "type": "Polygon", "coordinates": [ [ [ 451288.26549999974668, 4480266.2824 ], [ 451233.111899999901652, 4480246.560399999842048 ], [ 451210.35190000012517, 4480238.250800001434982 ], [ 451186.631900000444148, 4480233.5110999988392 ], [ 451170.751899999566376, 4480230.901399998925626 ], [ 451160.801900000311434, 4480232.32149999961257 ], [ 451140.882000000216067, 4480241.091900000348687 ], [ 451101.702200000174344, 4480262.582600000314415 ], [ 450998.361600000411272, 4480153.083800000138581 ], [ 450893.951200000010431, 4480071.555199998430908 ], [ 450804.569899999594782, 4479872.745800000615418 ], [ 450792.399799999780953, 4479855.58600000012666 ], [ 450774.519700000062585, 4479839.136199998669326 ], [ 450751.629599999636412, 4479826.266500000841916 ], [ 450730.17960000038147, 4479816.246799998916686 ], [ 450699.10950000025332, 4479804.357300001196563 ], [ 450639.809799999929965, 4479831.158300000242889 ], [ 450698.530600000172853, 4479953.3279 ], [ 450713.550900000147521, 4480005.667799999006093 ], [ 450711.611100000329316, 4480030.868000001646578 ], [ 450708.221300000324845, 4480049.768100001849234 ], [ 450705.31209999974817, 4480159.298599999397993 ], [ 450676.793600000441074, 4480365.009800000116229 ], [ 450660.034300000406802, 4480461.100599999539554 ], [ 450654.404500000178814, 4480493.400800000876188 ], [ 450653.434500000439584, 4480499.100799999199808 ], [ 450640.705099999904633, 4480573.271299998275936 ], [ 450636.94539999961853, 4480619.011599999852479 ], [ 450635.505499999970198, 4480636.39159999974072 ], [ 450635.44550000037998, 4480637.131699999794364 ], [ 450635.425499999895692, 4480637.3317 ], [ 450635.365600000193808, 4480637.931700000539422 ], [ 450635.765700000338256, 4480653.591799999587238 ], [ 450636.025799999944866, 4480669.2418 ], [ 450636.925999999977648, 4480699.6519 ], [ 450641.197399999946356, 4480724.975999999791384 ], [ 450644.386300000362098, 4480743.881999999284744 ], [ 450646.796400000341237, 4480758.121999998576939 ], [ 450648.876500000245869, 4480767.371999998576939 ], [ 450658.386699999740813, 4480809.651999999769032 ], [ 450660.476800000295043, 4480818.98200000077486 ], [ 450665.266900000162423, 4480834.911999998614192 ], [ 450676.767199999652803, 4480873.191900000907481 ], [ 450721.154500000178814, 4481034.577599999494851 ], [ 450765.212500000314321, 4481067.688800000585616 ], [ 450792.030600000114646, 4481107.0943 ], [ 450793.268699999898672, 4481151.588999999687076 ], [ 450828.426400000229478, 4481139.658299998380244 ], [ 450856.612300000153482, 4481126.796200000680983 ], [ 450884.798200000077486, 4481112.018500000238419 ], [ 450912.9841, 4481094.778000000864267 ], [ 450945.274699999950826, 4481070.14879999961704 ], [ 450966.071999999694526, 4481052.360999998636544 ], [ 450981.669999999925494, 4481037.583599999547005 ], [ 451022.030199999921024, 4480995.691500000655651 ], [ 451161.265999999828637, 4480829.209399999119341 ], [ 451257.15429999952903, 4480708.57289999909699 ], [ 451285.456899999640882, 4480663.477299998514354 ], [ 451294.347400000260677, 4480645.180500000715256 ], [ 451304.1398, 4480622.8893 ], [ 451312.128200000151992, 4480600.082800000905991 ], [ 451317.926300000399351, 4480577.9206000007689 ], [ 451323.080000000074506, 4480544.935000001452863 ], [ 451324.626000000163913, 4480522.386300000362098 ], [ 451324.625900000333786, 4480501.770300000905991 ], [ 451323.337199999950826, 4480478.835100001655519 ], [ 451320.502399999648333, 4480455.899900000542402 ], [ 451310.729700000025332, 4480395.662899999879301 ], [ 451288.26549999974668, 4480266.2824 ] ] ] } },
{ "type": "Feature", "properties": { "tau": -0.47692310810089111, "two_sided_pval": 0.00068779429420828819, "name": "Timón", "classification": "negative trend with prob > 99%" }, "geometry": { "type": "Polygon", "coordinates": [ [ [ 450698.530600000172853, 4479953.3279 ], [ 450639.809799999929965, 4479831.158300000242889 ], [ 450549.130300000309944, 4479880.339999998919666 ], [ 450501.370500000193715, 4479903.43089999910444 ], [ 450478.280600000172853, 4479914.19129999820143 ], [ 450458.350700000301003, 4479920.2017 ], [ 450429.250799999630544, 4479924.632099999114871 ], [ 450390.870900000445545, 4479927.152799998410046 ], [ 450381.500900000333786, 4479927.772899999283254 ], [ 450088.981399999931455, 4479942.497700000181794 ], [ 449983.029099999985192, 4479948.89049999974668 ], [ 449867.545900000317488, 4479954.970499999821186 ], [ 449785.49199999962002, 4479957.2511 ], [ 449701.158900000096764, 4479960.291500000283122 ], [ 449605.429399999789894, 4479964.851699999533594 ], [ 449426.886300000420306, 4479983.088899999856949 ], [ 449298.487300000153482, 4480005.8838 ], [ 449216.303299999795854, 4480024.244699998758733 ], [ 449167.049300000071526, 4480037.036199999041855 ], [ 449109.307799999602139, 4480054.511700000613928 ], [ 449015.098000000230968, 4480083.384199999272823 ], [ 448913.544900000095367, 4480124.305400000885129 ], [ 448628.38219999987632, 4480250.538100000470877 ], [ 448560.004099999554455, 4480275.611399999819696 ], [ 448514.418700000271201, 4480290.04759999923408 ], [ 448466.553999999538064, 4480298.405799999833107 ], [ 448416.410000000149012, 4480306.004200001247227 ], [ 448361.707399999722838, 4480310.563699998892844 ], [ 447833.647300000360701, 4480334.745799998752773 ], [ 447772.987399999983609, 4480337.776799999177456 ], [ 447658.53760000038892, 4480343.49870000127703 ], [ 447465.617899999953806, 4480353.151900000870228 ], [ 447412.197999999858439, 4480356.902699999511242 ], [ 447382.768100000044797, 4480358.963199999183416 ], [ 447363.958100000338163, 4480360.2835 ], [ 447290.828300000168383, 4480365.41469999961555 ], [ 447195.758399999700487, 4480371.546299997717142 ], [ 447184.64850000012666, 4480373.776499998755753 ], [ 447140.808600000105798, 4480382.537200000137091 ], [ 447134.418600000441074, 4480383.817299999296665 ], [ 447129.848600000143051, 4480384.797400000505149 ], [ 447093.925499999895692, 4480392.570900000631809 ], [ 447081.509499999694526, 4480433.749899999238551 ], [ 447073.640999999828637, 4480438.278699999675155 ], [ 447066.629499999806285, 4480440.792300001718104 ], [ 447060.411799999885261, 4480446.480699999257922 ], [ 447056.310700000263751, 4480454.021499999798834 ], [ 447054.723299999779556, 4480463.281899999827147 ], [ 447055.649299999698997, 4480472.409900001250207 ], [ 447052.934500000439584, 4480477.988299999386072 ], [ 447045.737700000405312, 4480485.396699999459088 ], [ 447042.351099999621511, 4480490.476700000464916 ], [ 447034.731100000441074, 4480514.395099999383092 ], [ 447029.439399999566376, 4480532.810099999420345 ], [ 447011.659300000406802, 4480615.572099999524653 ], [ 447007.972099999897182, 4480618.8355 ], [ 447002.111700000299606, 4480620.991800001822412 ], [ 446998.724899999797344, 4480623.00269999820739 ], [ 446994.279900000430644, 4480628.294299999251962 ], [ 446992.16330000013113, 4480633.480100001208484 ], [ 446992.16330000013113, 4480637.819299999624491 ], [ 446990.069299999624491, 4480649.438699999824166 ], [ 446979.909300000406802, 4480658.328700000420213 ], [ 446967.8443, 4480668.488700000569224 ], [ 446960.647499999962747, 4480676.955399999395013 ], [ 446955.779299999587238, 4480687.115499999374151 ], [ 446954.085900000296533, 4480695.7939 ], [ 446953.806699999666307, 4480705.659499999135733 ], [ 446953.662499999627471, 4480717.383899999782443 ], [ 446953.662499999627471, 4480727.755499999038875 ], [ 446945.549100000353064, 4480788.402899999171495 ], [ 446956.11149999970803, 4480797.527499999850988 ], [ 446962.064700000046287, 4480805.4649 ], [ 446964.445899999700487, 4480815.519099999219179 ], [ 446961.932300000451505, 4480825.441099998541176 ], [ 446955.979299999773502, 4480833.113900000229478 ], [ 446947.974700000137091, 4480842.123899999074638 ], [ 446958.530899999663234, 4480885.870899999514222 ], [ 446959.800900000205729, 4480897.089300000108778 ], [ 446960.189000000245869, 4480914.384299998171628 ], [ 446971.301500000059605, 4481396.98509999923408 ], [ 446956.577399999834597, 4481469.816199999302626 ], [ 447603.568699999712408, 4481470.057799999602139 ], [ 447651.61670000012964, 4481533.135599999688566 ], [ 447715.83119999995688, 4481620.5938 ], [ 447727.737499999813735, 4481634.56379999872297 ], [ 447739.405600000172853, 4481646.6288 ], [ 447751.39130000025034, 4481660.281300001777709 ], [ 447831.026999999769032, 4481766.811599999666214 ], [ 447886.370799999684095, 4481766.797299998812377 ], [ 448169.927299999631941, 4481766.724099999293685 ], [ 448769.946999999694526, 4481766.5691 ], [ 449003.172100000025239, 4481765.578099998645484 ], [ 449003.338999999687076, 4481692.494399999268353 ], [ 448998.017799999564886, 4481494.585999998264015 ], [ 448994.072900000028312, 4481324.642799998633564 ], [ 448994.430499999783933, 4481189.476900001056492 ], [ 449379.489900000393391, 4481187.319599999114871 ], [ 449854.898400000296533, 4481186.594900001771748 ], [ 450313.097599999979138, 4481185.511899999342859 ], [ 450494.871500000357628, 4481184.791899999603629 ], [ 450594.900899999774992, 4481182.280600000172853 ], [ 450678.796400000341237, 4481175.8257 ], [ 450716.800400000065565, 4481170.805700000375509 ], [ 450757.672600000107195, 4481162.200299999676645 ], [ 450793.268699999898672, 4481151.588999999687076 ], [ 450792.030600000114646, 4481107.0943 ], [ 450765.212500000314321, 4481067.688800000585616 ], [ 450721.154500000178814, 4481034.577599999494851 ], [ 450676.767199999652803, 4480873.191900000907481 ], [ 450665.266900000162423, 4480834.911999998614192 ], [ 450660.476800000295043, 4480818.98200000077486 ], [ 450658.386699999740813, 4480809.651999999769032 ], [ 450648.876500000245869, 4480767.371999998576939 ], [ 450646.796400000341237, 4480758.121999998576939 ], [ 450644.386300000362098, 4480743.881999999284744 ], [ 450641.197399999946356, 4480724.975999999791384 ], [ 450636.925999999977648, 4480699.6519 ], [ 450636.025799999944866, 4480669.2418 ], [ 450635.765700000338256, 4480653.591799999587238 ], [ 450635.365600000193808, 4480637.931700000539422 ], [ 450635.425499999895692, 4480637.3317 ], [ 450635.44550000037998, 4480637.131699999794364 ], [ 450635.505499999970198, 4480636.39159999974072 ], [ 450636.94539999961853, 4480619.011599999852479 ], [ 450640.705099999904633, 4480573.271299998275936 ], [ 450653.434500000439584, 4480499.100799999199808 ], [ 450654.404500000178814, 4480493.400800000876188 ], [ 450660.034300000406802, 4480461.100599999539554 ], [ 450676.793600000441074, 4480365.009800000116229 ], [ 450705.31209999974817, 4480159.298599999397993 ], [ 450708.221300000324845, 4480049.768100001849234 ], [ 450711.611100000329316, 4480030.868000001646578 ], [ 450713.550900000147521, 4480005.667799999006093 ], [ 450698.530600000172853, 4479953.3279 ] ] ] } },
{ "type": "Feature", "properties": { "tau": -0.52615392208099365, "two_sided_pval": 0.00017891667084768414, "name": "Aeropuerto", "classification": "negative trend with prob > 99%" }, "geometry": { "type": "Polygon", "coordinates": [ [ [ 448664.865100000111852, 4478188.824800001457334 ], [ 448663.071899999864399, 4478186.984199999831617 ], [ 448640.062099999806378, 4478211.364700000733137 ], [ 448599.892400000244379, 4478244.70549999922514 ], [ 448562.472599999979138, 4478269.836200000718236 ], [ 448470.563099999912083, 4478313.147899999283254 ], [ 448363.863499999977648, 4478351.179799999110401 ], [ 448079.694799999706447, 4478471.614900000393391 ], [ 447948.165699999779463, 4478568.767399999313056 ], [ 447653.457600000314415, 4478792.263099999167025 ], [ 447412.159199999645352, 4478970.627699999138713 ], [ 447355.199599999934435, 4479015.598799999803305 ], [ 447305.750000000058208, 4479065.059800000861287 ], [ 447250.290500000119209, 4479135.500900000333786 ], [ 447201.840499999932945, 4479205.878799999132752 ], [ 447145.406999999657273, 4479297.6107 ], [ 446788.410600000061095, 4479906.491399998776615 ], [ 446764.504200000374112, 4479945.610400001518428 ], [ 447065.766099999658763, 4479968.206900000572205 ], [ 447059.019799999892712, 4480003.92020000051707 ], [ 447055.04590000025928, 4480018.302200000733137 ], [ 447051.611499999649823, 4480032.071999999694526 ], [ 447048.64809999987483, 4480048.370300001464784 ], [ 447046.743200000433717, 4480061.705299998633564 ], [ 447044.83810000034282, 4480078.215399999171495 ], [ 447044.414900000207126, 4480091.12709999922663 ], [ 447044.203099999576807, 4480102.980499999597669 ], [ 447044.626500000245869, 4480116.7389000011608 ], [ 447045.261500000022352, 4480129.227099999785423 ], [ 447045.896499999740627, 4480137.905499999411404 ], [ 447047.589900000020862, 4480149.970500000752509 ], [ 447049.843299999833107, 4480165.226899999193847 ], [ 447053.0932, 4480178.5456000007689 ], [ 447056.479899999743793, 4480192.092299999669194 ], [ 447060.924900000041816, 4480206.4857 ], [ 447066.639899999834597, 4480222.995700000785291 ], [ 447072.143299999646842, 4480237.389099999330938 ], [ 447079.551500000059605, 4480253.264099999330938 ], [ 447085.478299999667797, 4480264.905799998901784 ], [ 447092.251699999906123, 4480275.489100000821054 ], [ 447097.807900000363588, 4480284.101300000213087 ], [ 447116.543300000019372, 4480313.30250000115484 ], [ 447105.004499999806285, 4480355.856499998830259 ], [ 447093.925499999895692, 4480392.570900000631809 ], [ 447129.848600000143051, 4480384.797400000505149 ], [ 447134.418600000441074, 4480383.817299999296665 ], [ 447140.808600000105798, 4480382.537200000137091 ], [ 447184.64850000012666, 4480373.776499998755753 ], [ 447195.758399999700487, 4480371.546299997717142 ], [ 447290.828300000168383, 4480365.41469999961555 ], [ 447363.958100000338163, 4480360.2835 ], [ 447382.768100000044797, 4480358.963199999183416 ], [ 447412.197999999858439, 4480356.902699999511242 ], [ 447465.617899999953806, 4480353.151900000870228 ], [ 447658.53760000038892, 4480343.49870000127703 ], [ 447772.987399999983609, 4480337.776799999177456 ], [ 447833.647300000360701, 4480334.745799998752773 ], [ 448361.707399999722838, 4480310.563699998892844 ], [ 448416.410000000149012, 4480306.004200001247227 ], [ 448466.553999999538064, 4480298.405799999833107 ], [ 448514.418700000271201, 4480290.04759999923408 ], [ 448560.004099999554455, 4480275.611399999819696 ], [ 448628.38219999987632, 4480250.538100000470877 ], [ 448913.544900000095367, 4480124.305400000885129 ], [ 449015.098000000230968, 4480083.384199999272823 ], [ 449109.307799999602139, 4480054.511700000613928 ], [ 449167.049300000071526, 4480037.036199999041855 ], [ 449216.303299999795854, 4480024.244699998758733 ], [ 449298.487300000153482, 4480005.8838 ], [ 449426.886300000420306, 4479983.088899999856949 ], [ 449605.429399999789894, 4479964.851699999533594 ], [ 449701.158900000096764, 4479960.291500000283122 ], [ 449785.49199999962002, 4479957.2511 ], [ 449867.545900000317488, 4479954.970499999821186 ], [ 449983.029099999985192, 4479948.89049999974668 ], [ 450088.981399999931455, 4479942.497700000181794 ], [ 450381.500900000333786, 4479927.772899999283254 ], [ 450390.870900000445545, 4479927.152799998410046 ], [ 450429.250799999630544, 4479924.632099999114871 ], [ 450458.350700000301003, 4479920.2017 ], [ 450478.280600000172853, 4479914.19129999820143 ], [ 450501.370500000193715, 4479903.43089999910444 ], [ 450549.130300000309944, 4479880.339999998919666 ], [ 450639.809799999929965, 4479831.158300000242889 ], [ 450639.705400000326335, 4479830.821699999272823 ], [ 450618.119400000199676, 4479761.258399999700487 ], [ 450586.449000000022352, 4479705.978700000792742 ], [ 450562.258799999894109, 4479674.309000000357628 ], [ 450528.278699999675155, 4479643.2094 ], [ 450443.408300000242889, 4479570.890499998815358 ], [ 450113.756799999624491, 4479279.104699999094009 ], [ 450008.086500000208616, 4479211.286199999041855 ], [ 449960.76630000025034, 4479184.426799999549985 ], [ 449758.855899999849498, 4479069.009600000455976 ], [ 449701.365799999795854, 4479035.4304 ], [ 449614.855600000417326, 4478995.941700000315905 ], [ 449342.40500000026077, 4478840.53559999819845 ], [ 449143.824599999934435, 4478723.498400001786649 ], [ 449057.924200000241399, 4478640.449500000104308 ], [ 448824.832800000032876, 4478373.742300000973046 ], [ 448729.182199999690056, 4478254.843399998731911 ], [ 448664.865100000111852, 4478188.824800001457334 ] ] ] } }
]
}
